run_id,label,condition,window,sample_index,raw_x,dt_us,host_time_s
fault_ripple_01,1,abnormal,0,0,16300,0,1789348953.928715
fault_ripple_01,1,abnormal,0,1,16328,998,1789348953.928715
fault_ripple_01,1,abnormal,0,2,16284,998,1789348953.928715
fault_ripple_01,1,abnormal,0,3,16152,997,1789348953.928715
fault_ripple_01,1,abnormal,0,4,16348,1004,1789348953.928715
fault_ripple_01,1,abnormal,0,5,16244,998,1789348953.928715
fault_ripple_01,1,abnormal,0,6,16344,998,1789348953.928715
fault_ripple_01,1,abnormal,0,7,16392,1000,1789348953.928715
fault_ripple_01,1,abnormal,0,8,16464,999,1789348953.928715
fault_ripple_01,1,abnormal,0,9,16444,994,1789348953.928715
fault_ripple_01,1,abnormal,0,10,16400,999,1789348953.928715
fault_ripple_01,1,abnormal,0,11,16400,1000,1789348953.928715
fault_ripple_01,1,abnormal,0,12,16392,998,1789348953.928715
fault_ripple_01,1,abnormal,0,13,16200,999,1789348953.928715
fault_ripple_01,1,abnormal,0,14,16360,998,1789348953.928715
fault_ripple_01,1,abnormal,0,15,16284,1000,1789348953.928715
fault_ripple_01,1,abnormal,0,16,16244,999,1789348953.928715
fault_ripple_01,1,abnormal,0,17,16336,999,1789348953.928715
fault_ripple_01,1,abnormal,0,18,16280,1001,1789348953.928715
fault_ripple_01,1,abnormal,0,19,16332,1000,1789348953.928715
fault_ripple_01,1,abnormal,0,20,16392,1000,1789348953.928715
fault_ripple_01,1,abnormal,0,21,16364,995,1789348953.928715
fault_ripple_01,1,abnormal,0,22,16444,999,1789348953.928715
fault_ripple_01,1,abnormal,0,23,16320,1001,1789348953.928715
fault_ripple_01,1,abnormal,0,24,16384,996,1789348953.928715
fault_ripple_01,1,abnormal,0,25,16216,1001,1789348953.928715
fault_ripple_01,1,abnormal,0,26,16368,1001,1789348953.928715
fault_ripple_01,1,abnormal,0,27,16268,997,1789348953.928715
fault_ripple_01,1,abnormal,0,28,16144,1002,1789348953.928715
fault_ripple_01,1,abnormal,0,29,16272,994,1789348953.928715
fault_ripple_01,1,abnormal,0,30,16332,1002,1789348953.928715
fault_ripple_01,1,abnormal,0,31,16352,997,1789348953.928715
fault_ripple_01,1,abnormal,0,32,16360,1000,1789348953.928715
fault_ripple_01,1,abnormal,0,33,16376,1000,1789348953.928715
fault_ripple_01,1,abnormal,0,34,16480,998,1789348953.928715
fault_ripple_01,1,abnormal,0,35,16440,997,1789348953.928715
fault_ripple_01,1,abnormal,0,36,16536,996,1789348953.928715
fault_ripple_01,1,abnormal,0,37,16444,1001,1789348953.928715
fault_ripple_01,1,abnormal,0,38,16288,998,1789348953.928715
fault_ripple_01,1,abnormal,0,39,16404,1002,1789348953.928715
fault_ripple_01,1,abnormal,0,40,16384,995,1789348953.928715
fault_ripple_01,1,abnormal,0,41,16160,1003,1789348953.928715
fault_ripple_01,1,abnormal,0,42,16236,995,1789348953.928715
fault_ripple_01,1,abnormal,0,43,16372,1001,1789348953.928715
fault_ripple_01,1,abnormal,0,44,16348,997,1789348953.928715
fault_ripple_01,1,abnormal,0,45,16340,999,1789348953.928715
fault_ripple_01,1,abnormal,0,46,16408,1000,1789348953.928715
fault_ripple_01,1,abnormal,0,47,16448,1000,1789348953.928715
fault_ripple_01,1,abnormal,0,48,16424,999,1789348953.928715
fault_ripple_01,1,abnormal,0,49,16312,996,1789348953.928715
fault_ripple_01,1,abnormal,0,50,16468,1002,1789348953.928715
fault_ripple_01,1,abnormal,0,51,16284,998,1789348953.928715
fault_ripple_01,1,abnormal,0,52,16192,1000,1789348953.928715
fault_ripple_01,1,abnormal,0,53,16372,999,1789348953.928715
fault_ripple_01,1,abnormal,0,54,16228,999,1789348953.928715
fault_ripple_01,1,abnormal,0,55,16316,999,1789348953.928715
fault_ripple_01,1,abnormal,0,56,16364,997,1789348953.928715
fault_ripple_01,1,abnormal,0,57,16396,1001,1789348953.928715
fault_ripple_01,1,abnormal,0,58,16308,999,1789348953.928715
fault_ripple_01,1,abnormal,0,59,16456,994,1789348953.928715
fault_ripple_01,1,abnormal,0,60,16548,1000,1789348953.928715
fault_ripple_01,1,abnormal,0,61,16416,999,1789348953.928715
fault_ripple_01,1,abnormal,0,62,16356,1000,1789348953.928715
fault_ripple_01,1,abnormal,0,63,16396,1001,1789348953.928715
fault_ripple_01,1,abnormal,1,0,16480,0,1789348954.312947
fault_ripple_01,1,abnormal,1,1,16424,995,1789348954.312947
fault_ripple_01,1,abnormal,1,2,16512,1001,1789348954.312947
fault_ripple_01,1,abnormal,1,3,16468,999,1789348954.312947
fault_ripple_01,1,abnormal,1,4,16392,998,1789348954.312947
fault_ripple_01,1,abnormal,1,5,16388,999,1789348954.312947
fault_ripple_01,1,abnormal,1,6,16416,998,1789348954.312947
fault_ripple_01,1,abnormal,1,7,16192,997,1789348954.312947
fault_ripple_01,1,abnormal,1,8,16152,1001,1789348954.312947
fault_ripple_01,1,abnormal,1,9,16316,995,1789348954.312947
fault_ripple_01,1,abnormal,1,10,16272,999,1789348954.312947
fault_ripple_01,1,abnormal,1,11,16200,1003,1789348954.312947
fault_ripple_01,1,abnormal,1,12,16472,998,1789348954.312947
fault_ripple_01,1,abnormal,1,13,16492,997,1789348954.312947
fault_ripple_01,1,abnormal,1,14,16404,1001,1789348954.312947
fault_ripple_01,1,abnormal,1,15,16440,997,1789348954.312947
fault_ripple_01,1,abnormal,1,16,16500,1001,1789348954.312947
fault_ripple_01,1,abnormal,1,17,16352,996,1789348954.312947
fault_ripple_01,1,abnormal,1,18,16340,996,1789348954.312947
fault_ripple_01,1,abnormal,1,19,16420,1001,1789348954.312947
fault_ripple_01,1,abnormal,1,20,16224,1000,1789348954.312947
fault_ripple_01,1,abnormal,1,21,16296,998,1789348954.312947
fault_ripple_01,1,abnormal,1,22,16344,1000,1789348954.312947
fault_ripple_01,1,abnormal,1,23,16352,999,1789348954.312947
fault_ripple_01,1,abnormal,1,24,16284,997,1789348954.312947
fault_ripple_01,1,abnormal,1,25,16404,1000,1789348954.312947
fault_ripple_01,1,abnormal,1,26,16460,1001,1789348954.312947
fault_ripple_01,1,abnormal,1,27,16496,998,1789348954.312947
fault_ripple_01,1,abnormal,1,28,16360,995,1789348954.312947
fault_ripple_01,1,abnormal,1,29,16436,1001,1789348954.312947
fault_ripple_01,1,abnormal,1,30,16432,1000,1789348954.312947
fault_ripple_01,1,abnormal,1,31,16404,996,1789348954.312947
fault_ripple_01,1,abnormal,1,32,16412,1000,1789348954.312947
fault_ripple_01,1,abnormal,1,33,16120,1000,1789348954.312947
fault_ripple_01,1,abnormal,1,34,16164,999,1789348954.312947
fault_ripple_01,1,abnormal,1,35,16288,999,1789348954.312947
fault_ripple_01,1,abnormal,1,36,16276,996,1789348954.312947
fault_ripple_01,1,abnormal,1,37,16364,997,1789348954.312947
fault_ripple_01,1,abnormal,1,38,16360,1000,1789348954.312947
fault_ripple_01,1,abnormal,1,39,16500,999,1789348954.312947
fault_ripple_01,1,abnormal,1,40,16496,997,1789348954.312947
fault_ripple_01,1,abnormal,1,41,16504,1005,1789348954.312947
fault_ripple_01,1,abnormal,1,42,16488,997,1789348954.312947
fault_ripple_01,1,abnormal,1,43,16476,997,1789348954.312947
fault_ripple_01,1,abnormal,1,44,16268,999,1789348954.312947
fault_ripple_01,1,abnormal,1,45,16408,1000,1789348954.312947
fault_ripple_01,1,abnormal,1,46,16156,999,1789348954.312947
fault_ripple_01,1,abnormal,1,47,16204,998,1789348954.312947
fault_ripple_01,1,abnormal,1,48,16360,996,1789348954.312947
fault_ripple_01,1,abnormal,1,49,16140,1001,1789348954.312947
fault_ripple_01,1,abnormal,1,50,16240,999,1789348954.312947
fault_ripple_01,1,abnormal,1,51,16448,995,1789348954.312947
fault_ripple_01,1,abnormal,1,52,16496,1004,1789348954.312947
fault_ripple_01,1,abnormal,1,53,16444,994,1789348954.312947
fault_ripple_01,1,abnormal,1,54,16380,1004,1789348954.312947
fault_ripple_01,1,abnormal,1,55,16500,997,1789348954.312947
fault_ripple_01,1,abnormal,1,56,16408,1000,1789348954.312947
fault_ripple_01,1,abnormal,1,57,16224,998,1789348954.312947
fault_ripple_01,1,abnormal,1,58,16400,1000,1789348954.312947
fault_ripple_01,1,abnormal,1,59,16072,999,1789348954.312947
fault_ripple_01,1,abnormal,1,60,16256,997,1789348954.312947
fault_ripple_01,1,abnormal,1,61,16376,999,1789348954.312947
fault_ripple_01,1,abnormal,1,62,16288,999,1789348954.312947
fault_ripple_01,1,abnormal,1,63,16284,1000,1789348954.312947
fault_ripple_01,1,abnormal,2,0,16296,0,1789348954.697301
fault_ripple_01,1,abnormal,2,1,16332,997,1789348954.697301
fault_ripple_01,1,abnormal,2,2,16268,1001,1789348954.697301
fault_ripple_01,1,abnormal,2,3,16268,995,1789348954.697301
fault_ripple_01,1,abnormal,2,4,16344,1000,1789348954.697301
fault_ripple_01,1,abnormal,2,5,16328,998,1789348954.697301
fault_ripple_01,1,abnormal,2,6,16288,1002,1789348954.697301
fault_ripple_01,1,abnormal,2,7,16408,1000,1789348954.697301
fault_ripple_01,1,abnormal,2,8,16420,999,1789348954.697301
fault_ripple_01,1,abnormal,2,9,16416,997,1789348954.697301
fault_ripple_01,1,abnormal,2,10,16368,997,1789348954.697301
fault_ripple_01,1,abnormal,2,11,16500,1001,1789348954.697301
fault_ripple_01,1,abnormal,2,12,16284,1000,1789348954.697301
fault_ripple_01,1,abnormal,2,13,16316,999,1789348954.697301
fault_ripple_01,1,abnormal,2,14,16396,995,1789348954.697301
fault_ripple_01,1,abnormal,2,15,16116,1000,1789348954.697301
fault_ripple_01,1,abnormal,2,16,16244,1000,1789348954.697301
fault_ripple_01,1,abnormal,2,17,16224,998,1789348954.697301
fault_ripple_01,1,abnormal,2,18,16400,998,1789348954.697301
fault_ripple_01,1,abnormal,2,19,16260,998,1789348954.697301
fault_ripple_01,1,abnormal,2,20,16448,997,1789348954.697301
fault_ripple_01,1,abnormal,2,21,16448,1000,1789348954.697301
fault_ripple_01,1,abnormal,2,22,16424,998,1789348954.697301
fault_ripple_01,1,abnormal,2,23,16428,1001,1789348954.697301
fault_ripple_01,1,abnormal,2,24,16508,1000,1789348954.697301
fault_ripple_01,1,abnormal,2,25,16348,995,1789348954.697301
fault_ripple_01,1,abnormal,2,26,16284,998,1789348954.697301
fault_ripple_01,1,abnormal,2,27,16468,999,1789348954.697301
fault_ripple_01,1,abnormal,2,28,16220,999,1789348954.697301
fault_ripple_01,1,abnormal,2,29,16304,1001,1789348954.697301
fault_ripple_01,1,abnormal,2,30,16360,1000,1789348954.697301
fault_ripple_01,1,abnormal,2,31,16364,999,1789348954.697301
fault_ripple_01,1,abnormal,2,32,16316,996,1789348954.697301
fault_ripple_01,1,abnormal,2,33,16520,1001,1789348954.697301
fault_ripple_01,1,abnormal,2,34,16444,999,1789348954.697301
fault_ripple_01,1,abnormal,2,35,16384,997,1789348954.697301
fault_ripple_01,1,abnormal,2,36,16388,1001,1789348954.697301
fault_ripple_01,1,abnormal,2,37,16376,996,1789348954.697301
fault_ripple_01,1,abnormal,2,38,16420,998,1789348954.697301
fault_ripple_01,1,abnormal,2,39,16368,999,1789348954.697301
fault_ripple_01,1,abnormal,2,40,16232,998,1789348954.697301
fault_ripple_01,1,abnormal,2,41,16376,999,1789348954.697301
fault_ripple_01,1,abnormal,2,42,16236,1004,1789348954.697301
fault_ripple_01,1,abnormal,2,43,16444,994,1789348954.697301
fault_ripple_01,1,abnormal,2,44,16376,999,1789348954.697301
fault_ripple_01,1,abnormal,2,45,16348,999,1789348954.697301
fault_ripple_01,1,abnormal,2,46,16392,998,1789348954.697301
fault_ripple_01,1,abnormal,2,47,16456,1004,1789348954.697301
fault_ripple_01,1,abnormal,2,48,16456,996,1789348954.697301
fault_ripple_01,1,abnormal,2,49,16404,999,1789348954.697301
fault_ripple_01,1,abnormal,2,50,16364,1000,1789348954.697301
fault_ripple_01,1,abnormal,2,51,16332,998,1789348954.697301
fault_ripple_01,1,abnormal,2,52,16328,1001,1789348954.697301
fault_ripple_01,1,abnormal,2,53,16336,997,1789348954.697301
fault_ripple_01,1,abnormal,2,54,16156,999,1789348954.697301
fault_ripple_01,1,abnormal,2,55,16272,996,1789348954.697301
fault_ripple_01,1,abnormal,2,56,16288,1002,1789348954.697301
fault_ripple_01,1,abnormal,2,57,16372,998,1789348954.697301
fault_ripple_01,1,abnormal,2,58,16348,997,1789348954.697301
fault_ripple_01,1,abnormal,2,59,16468,1001,1789348954.697301
fault_ripple_01,1,abnormal,2,60,16500,1001,1789348954.697301
fault_ripple_01,1,abnormal,2,61,16424,994,1789348954.697301
fault_ripple_01,1,abnormal,2,62,16372,1002,1789348954.697301
fault_ripple_01,1,abnormal,2,63,16460,998,1789348954.697301
fault_ripple_01,1,abnormal,3,0,16340,0,1789348955.081672
fault_ripple_01,1,abnormal,3,1,16528,1000,1789348955.081672
fault_ripple_01,1,abnormal,3,2,16460,995,1789348955.081672
fault_ripple_01,1,abnormal,3,3,16476,1000,1789348955.081672
fault_ripple_01,1,abnormal,3,4,16436,1000,1789348955.081672
fault_ripple_01,1,abnormal,3,5,16444,998,1789348955.081672
fault_ripple_01,1,abnormal,3,6,16384,999,1789348955.081672
fault_ripple_01,1,abnormal,3,7,16228,999,1789348955.081672
fault_ripple_01,1,abnormal,3,8,16308,998,1789348955.081672
fault_ripple_01,1,abnormal,3,9,16324,1000,1789348955.081672
fault_ripple_01,1,abnormal,3,10,16204,999,1789348955.081672
fault_ripple_01,1,abnormal,3,11,16456,1001,1789348955.081672
fault_ripple_01,1,abnormal,3,12,16244,996,1789348955.081672
fault_ripple_01,1,abnormal,3,13,16352,998,1789348955.081672
fault_ripple_01,1,abnormal,3,14,16360,1000,1789348955.081672
fault_ripple_01,1,abnormal,3,15,16476,1000,1789348955.081672
fault_ripple_01,1,abnormal,3,16,16452,999,1789348955.081672
fault_ripple_01,1,abnormal,3,17,16452,996,1789348955.081672
fault_ripple_01,1,abnormal,3,18,16408,1000,1789348955.081672
fault_ripple_01,1,abnormal,3,19,16332,1000,1789348955.081672
fault_ripple_01,1,abnormal,3,20,16348,1000,1789348955.081672
fault_ripple_01,1,abnormal,3,21,16368,1000,1789348955.081672
fault_ripple_01,1,abnormal,3,22,16240,995,1789348955.081672
fault_ripple_01,1,abnormal,3,23,16276,998,1789348955.081672
fault_ripple_01,1,abnormal,3,24,16404,1002,1789348955.081672
fault_ripple_01,1,abnormal,3,25,16300,998,1789348955.081672
fault_ripple_01,1,abnormal,3,26,16236,997,1789348955.081672
fault_ripple_01,1,abnormal,3,27,16420,1000,1789348955.081672
fault_ripple_01,1,abnormal,3,28,16376,997,1789348955.081672
fault_ripple_01,1,abnormal,3,29,16416,1002,1789348955.081672
fault_ripple_01,1,abnormal,3,30,16448,996,1789348955.081672
fault_ripple_01,1,abnormal,3,31,16472,998,1789348955.081672
fault_ripple_01,1,abnormal,3,32,16328,999,1789348955.081672
fault_ripple_01,1,abnormal,3,33,16260,1004,1789348955.081672
fault_ripple_01,1,abnormal,3,34,16360,995,1789348955.081672
fault_ripple_01,1,abnormal,3,35,16228,999,1789348955.081672
fault_ripple_01,1,abnormal,3,36,16180,998,1789348955.081672
fault_ripple_01,1,abnormal,3,37,16332,1002,1789348955.081672
fault_ripple_01,1,abnormal,3,38,16260,999,1789348955.081672
fault_ripple_01,1,abnormal,3,39,16372,998,1789348955.081672
fault_ripple_01,1,abnormal,3,40,16428,998,1789348955.081672
fault_ripple_01,1,abnormal,3,41,16388,1000,1789348955.081672
fault_ripple_01,1,abnormal,3,42,16428,996,1789348955.081672
fault_ripple_01,1,abnormal,3,43,16396,1003,1789348955.081672
fault_ripple_01,1,abnormal,3,44,16412,995,1789348955.081672
fault_ripple_01,1,abnormal,3,45,16396,1000,1789348955.081672
fault_ripple_01,1,abnormal,3,46,16312,998,1789348955.081672
fault_ripple_01,1,abnormal,3,47,16340,1000,1789348955.081672
fault_ripple_01,1,abnormal,3,48,16252,995,1789348955.081672
fault_ripple_01,1,abnormal,3,49,16204,1004,1789348955.081672
fault_ripple_01,1,abnormal,3,50,16328,996,1789348955.081672
fault_ripple_01,1,abnormal,3,51,16296,997,1789348955.081672
fault_ripple_01,1,abnormal,3,52,16276,1003,1789348955.081672
fault_ripple_01,1,abnormal,3,53,16372,994,1789348955.081672
fault_ripple_01,1,abnormal,3,54,16456,1003,1789348955.081672
fault_ripple_01,1,abnormal,3,55,16396,999,1789348955.081672
fault_ripple_01,1,abnormal,3,56,16436,996,1789348955.081672
fault_ripple_01,1,abnormal,3,57,16536,997,1789348955.081672
fault_ripple_01,1,abnormal,3,58,16436,999,1789348955.081672
fault_ripple_01,1,abnormal,3,59,16236,1003,1789348955.081672
fault_ripple_01,1,abnormal,3,60,16432,996,1789348955.081672
fault_ripple_01,1,abnormal,3,61,16252,1000,1789348955.081672
fault_ripple_01,1,abnormal,3,62,16264,997,1789348955.081672
fault_ripple_01,1,abnormal,3,63,16352,999,1789348955.081672
fault_ripple_01,1,abnormal,4,0,16500,0,1789348955.465433
fault_ripple_01,1,abnormal,4,1,16412,998,1789348955.465433
fault_ripple_01,1,abnormal,4,2,16348,998,1789348955.465433
fault_ripple_01,1,abnormal,4,3,16380,1000,1789348955.465433
fault_ripple_01,1,abnormal,4,4,16272,998,1789348955.465433
fault_ripple_01,1,abnormal,4,5,16236,997,1789348955.465433
fault_ripple_01,1,abnormal,4,6,16380,999,1789348955.465433
fault_ripple_01,1,abnormal,4,7,16320,997,1789348955.465433
fault_ripple_01,1,abnormal,4,8,16252,1000,1789348955.465433
fault_ripple_01,1,abnormal,4,9,16452,1001,1789348955.465433
fault_ripple_01,1,abnormal,4,10,16504,996,1789348955.465433
fault_ripple_01,1,abnormal,4,11,16316,1001,1789348955.465433
fault_ripple_01,1,abnormal,4,12,16536,995,1789348955.465433
fault_ripple_01,1,abnormal,4,13,16488,1000,1789348955.465433
fault_ripple_01,1,abnormal,4,14,16332,1001,1789348955.465433
fault_ripple_01,1,abnormal,4,15,16292,999,1789348955.465433
fault_ripple_01,1,abnormal,4,16,16440,997,1789348955.465433
fault_ripple_01,1,abnormal,4,17,16216,1000,1789348955.465433
fault_ripple_01,1,abnormal,4,18,16192,996,1789348955.465433
fault_ripple_01,1,abnormal,4,19,16276,998,1789348955.465433
fault_ripple_01,1,abnormal,4,20,16220,1001,1789348955.465433
fault_ripple_01,1,abnormal,4,21,16260,998,1789348955.465433
fault_ripple_01,1,abnormal,4,22,16380,1002,1789348955.465433
fault_ripple_01,1,abnormal,4,23,16484,994,1789348955.465433
fault_ripple_01,1,abnormal,4,24,16320,1004,1789348955.465433
fault_ripple_01,1,abnormal,4,25,16544,996,1789348955.465433
fault_ripple_01,1,abnormal,4,26,16452,1002,1789348955.465433
fault_ripple_01,1,abnormal,4,27,16540,996,1789348955.465433
fault_ripple_01,1,abnormal,4,28,16276,1000,1789348955.465433
fault_ripple_01,1,abnormal,4,29,16500,999,1789348955.465433
fault_ripple_01,1,abnormal,4,30,16244,996,1789348955.465433
fault_ripple_01,1,abnormal,4,31,16124,1004,1789348955.465433
fault_ripple_01,1,abnormal,4,32,16368,997,1789348955.465433
fault_ripple_01,1,abnormal,4,33,16164,998,1789348955.465433
fault_ripple_01,1,abnormal,4,34,16244,998,1789348955.465433
fault_ripple_01,1,abnormal,4,35,16428,999,1789348955.465433
fault_ripple_01,1,abnormal,4,36,16448,1000,1789348955.465433
fault_ripple_01,1,abnormal,4,37,16400,999,1789348955.465433
fault_ripple_01,1,abnormal,4,38,16484,1000,1789348955.465433
fault_ripple_01,1,abnormal,4,39,16464,994,1789348955.465433
fault_ripple_01,1,abnormal,4,40,16544,1003,1789348955.465433
fault_ripple_01,1,abnormal,4,41,16420,999,1789348955.465433
fault_ripple_01,1,abnormal,4,42,16412,996,1789348955.465433
fault_ripple_01,1,abnormal,4,43,16212,1001,1789348955.465433
fault_ripple_01,1,abnormal,4,44,16320,999,1789348955.465433
fault_ripple_01,1,abnormal,4,45,16368,998,1789348955.465433
fault_ripple_01,1,abnormal,4,46,16148,995,1789348955.465433
fault_ripple_01,1,abnormal,4,47,16232,999,1789348955.465433
fault_ripple_01,1,abnormal,4,48,16320,1002,1789348955.465433
fault_ripple_01,1,abnormal,4,49,16308,999,1789348955.465433
fault_ripple_01,1,abnormal,4,50,16304,996,1789348955.465433
fault_ripple_01,1,abnormal,4,51,16420,1003,1789348955.465433
fault_ripple_01,1,abnormal,4,52,16468,998,1789348955.465433
fault_ripple_01,1,abnormal,4,53,16324,996,1789348955.465433
fault_ripple_01,1,abnormal,4,54,16484,998,1789348955.465433
fault_ripple_01,1,abnormal,4,55,16528,1002,1789348955.465433
fault_ripple_01,1,abnormal,4,56,16304,997,1789348955.465433
fault_ripple_01,1,abnormal,4,57,16384,999,1789348955.465433
fault_ripple_01,1,abnormal,4,58,16336,996,1789348955.465433
fault_ripple_01,1,abnormal,4,59,16136,1000,1789348955.465433
fault_ripple_01,1,abnormal,4,60,16252,1001,1789348955.465433
fault_ripple_01,1,abnormal,4,61,16392,998,1789348955.465433
fault_ripple_01,1,abnormal,4,62,16452,998,1789348955.465433
fault_ripple_01,1,abnormal,4,63,16288,1001,1789348955.465433
fault_ripple_01,1,abnormal,5,0,16296,0,1789348955.849583
fault_ripple_01,1,abnormal,5,1,16392,997,1789348955.849583
fault_ripple_01,1,abnormal,5,2,16084,998,1789348955.849583
fault_ripple_01,1,abnormal,5,3,16164,999,1789348955.849583
fault_ripple_01,1,abnormal,5,4,16308,1002,1789348955.849583
fault_ripple_01,1,abnormal,5,5,16336,999,1789348955.849583
fault_ripple_01,1,abnormal,5,6,16304,999,1789348955.849583
fault_ripple_01,1,abnormal,5,7,16456,999,1789348955.849583
fault_ripple_01,1,abnormal,5,8,16440,996,1789348955.849583
fault_ripple_01,1,abnormal,5,9,16480,998,1789348955.849583
fault_ripple_01,1,abnormal,5,10,16408,1004,1789348955.849583
fault_ripple_01,1,abnormal,5,11,16444,996,1789348955.849583
fault_ripple_01,1,abnormal,5,12,16484,997,1789348955.849583
fault_ripple_01,1,abnormal,5,13,16424,1002,1789348955.849583
fault_ripple_01,1,abnormal,5,14,16424,997,1789348955.849583
fault_ripple_01,1,abnormal,5,15,16104,997,1789348955.849583
fault_ripple_01,1,abnormal,5,16,16272,999,1789348955.849583
fault_ripple_01,1,abnormal,5,17,16316,1001,1789348955.849583
fault_ripple_01,1,abnormal,5,18,16284,996,1789348955.849583
fault_ripple_01,1,abnormal,5,19,16276,1001,1789348955.849583
fault_ripple_01,1,abnormal,5,20,16368,998,1789348955.849583
fault_ripple_01,1,abnormal,5,21,16520,1001,1789348955.849583
fault_ripple_01,1,abnormal,5,22,16448,996,1789348955.849583
fault_ripple_01,1,abnormal,5,23,16420,1002,1789348955.849583
fault_ripple_01,1,abnormal,5,24,16456,999,1789348955.849583
fault_ripple_01,1,abnormal,5,25,16444,995,1789348955.849583
fault_ripple_01,1,abnormal,5,26,16360,1000,1789348955.849583
fault_ripple_01,1,abnormal,5,27,16416,1000,1789348955.849583
fault_ripple_01,1,abnormal,5,28,16156,1000,1789348955.849583
fault_ripple_01,1,abnormal,5,29,16296,1000,1789348955.849583
fault_ripple_01,1,abnormal,5,30,16344,996,1789348955.849583
fault_ripple_01,1,abnormal,5,31,16224,999,1789348955.849583
fault_ripple_01,1,abnormal,5,32,16300,1002,1789348955.849583
fault_ripple_01,1,abnormal,5,33,16492,996,1789348955.849583
fault_ripple_01,1,abnormal,5,34,16448,998,1789348955.849583
fault_ripple_01,1,abnormal,5,35,16508,998,1789348955.849583
fault_ripple_01,1,abnormal,5,36,16468,998,1789348955.849583
fault_ripple_01,1,abnormal,5,37,16572,1000,1789348955.849583
fault_ripple_01,1,abnormal,5,38,16424,1001,1789348955.849583
fault_ripple_01,1,abnormal,5,39,16384,999,1789348955.849583
fault_ripple_01,1,abnormal,5,40,16352,998,1789348955.849583
fault_ripple_01,1,abnormal,5,41,16180,997,1789348955.849583
fault_ripple_01,1,abnormal,5,42,16196,1000,1789348955.849583
fault_ripple_01,1,abnormal,5,43,16352,1000,1789348955.849583
fault_ripple_01,1,abnormal,5,44,16260,998,1789348955.849583
fault_ripple_01,1,abnormal,5,45,16184,999,1789348955.849583
fault_ripple_01,1,abnormal,5,46,16424,995,1789348955.849583
fault_ripple_01,1,abnormal,5,47,16408,1002,1789348955.849583
fault_ripple_01,1,abnormal,5,48,16464,996,1789348955.849583
fault_ripple_01,1,abnormal,5,49,16440,1001,1789348955.849583
fault_ripple_01,1,abnormal,5,50,16420,1000,1789348955.849583
fault_ripple_01,1,abnormal,5,51,16372,999,1789348955.849583
fault_ripple_01,1,abnormal,5,52,16468,1000,1789348955.849583
fault_ripple_01,1,abnormal,5,53,16400,995,1789348955.849583
fault_ripple_01,1,abnormal,5,54,16152,1001,1789348955.849583
fault_ripple_01,1,abnormal,5,55,16336,998,1789348955.849583
fault_ripple_01,1,abnormal,5,56,16260,998,1789348955.849583
fault_ripple_01,1,abnormal,5,57,16352,1001,1789348955.849583
fault_ripple_01,1,abnormal,5,58,16212,1000,1789348955.849583
fault_ripple_01,1,abnormal,5,59,16304,998,1789348955.849583
fault_ripple_01,1,abnormal,5,60,16612,998,1789348955.849583
fault_ripple_01,1,abnormal,5,61,16428,1000,1789348955.849583
fault_ripple_01,1,abnormal,5,62,16444,996,1789348955.849583
fault_ripple_01,1,abnormal,5,63,16496,1003,1789348955.849583
fault_ripple_01,1,abnormal,6,0,16248,0,1789348956.233164
fault_ripple_01,1,abnormal,6,1,16420,999,1789348956.233164
fault_ripple_01,1,abnormal,6,2,16352,1001,1789348956.233164
fault_ripple_01,1,abnormal,6,3,16452,999,1789348956.233164
fault_ripple_01,1,abnormal,6,4,16448,1000,1789348956.233164
fault_ripple_01,1,abnormal,6,5,16444,995,1789348956.233164
fault_ripple_01,1,abnormal,6,6,16412,1000,1789348956.233164
fault_ripple_01,1,abnormal,6,7,16420,1000,1789348956.233164
fault_ripple_01,1,abnormal,6,8,16280,995,1789348956.233164
fault_ripple_01,1,abnormal,6,9,16356,999,1789348956.233164
fault_ripple_01,1,abnormal,6,10,16260,999,1789348956.233164
fault_ripple_01,1,abnormal,6,11,16256,1001,1789348956.233164
fault_ripple_01,1,abnormal,6,12,16344,997,1789348956.233164
fault_ripple_01,1,abnormal,6,13,16340,1002,1789348956.233164
fault_ripple_01,1,abnormal,6,14,16340,996,1789348956.233164
fault_ripple_01,1,abnormal,6,15,16420,1000,1789348956.233164
fault_ripple_01,1,abnormal,6,16,16300,1001,1789348956.233164
fault_ripple_01,1,abnormal,6,17,16424,996,1789348956.233164
fault_ripple_01,1,abnormal,6,18,16428,1000,1789348956.233164
fault_ripple_01,1,abnormal,6,19,16444,997,1789348956.233164
fault_ripple_01,1,abnormal,6,20,16300,1000,1789348956.233164
fault_ripple_01,1,abnormal,6,21,16304,1000,1789348956.233164
fault_ripple_01,1,abnormal,6,22,16364,997,1789348956.233164
fault_ripple_01,1,abnormal,6,23,16172,998,1789348956.233164
fault_ripple_01,1,abnormal,6,24,16288,998,1789348956.233164
fault_ripple_01,1,abnormal,6,25,16416,1001,1789348956.233164
fault_ripple_01,1,abnormal,6,26,16352,1000,1789348956.233164
fault_ripple_01,1,abnormal,6,27,16336,999,1789348956.233164
fault_ripple_01,1,abnormal,6,28,16612,999,1789348956.233164
fault_ripple_01,1,abnormal,6,29,16508,1000,1789348956.233164
fault_ripple_01,1,abnormal,6,30,16512,999,1789348956.233164
fault_ripple_01,1,abnormal,6,31,16492,994,1789348956.233164
fault_ripple_01,1,abnormal,6,32,16480,1002,1789348956.233164
fault_ripple_01,1,abnormal,6,33,16248,1002,1789348956.233164
fault_ripple_01,1,abnormal,6,34,16220,996,1789348956.233164
fault_ripple_01,1,abnormal,6,35,16364,997,1789348956.233164
fault_ripple_01,1,abnormal,6,36,16260,1003,1789348956.233164
fault_ripple_01,1,abnormal,6,37,16236,994,1789348956.233164
fault_ripple_01,1,abnormal,6,38,16332,1000,1789348956.233164
fault_ripple_01,1,abnormal,6,39,16400,1001,1789348956.233164
fault_ripple_01,1,abnormal,6,40,16428,995,1789348956.233164
fault_ripple_01,1,abnormal,6,41,16484,1003,1789348956.233164
fault_ripple_01,1,abnormal,6,42,16452,998,1789348956.233164
fault_ripple_01,1,abnormal,6,43,16396,999,1789348956.233164
fault_ripple_01,1,abnormal,6,44,16372,996,1789348956.233164
fault_ripple_01,1,abnormal,6,45,16392,998,1789348956.233164
fault_ripple_01,1,abnormal,6,46,16216,1003,1789348956.233164
fault_ripple_01,1,abnormal,6,47,16280,996,1789348956.233164
fault_ripple_01,1,abnormal,6,48,16400,998,1789348956.233164
fault_ripple_01,1,abnormal,6,49,16256,1002,1789348956.233164
fault_ripple_01,1,abnormal,6,50,16272,998,1789348956.233164
fault_ripple_01,1,abnormal,6,51,16452,997,1789348956.233164
fault_ripple_01,1,abnormal,6,52,16404,1000,1789348956.233164
fault_ripple_01,1,abnormal,6,53,16432,997,1789348956.233164
fault_ripple_01,1,abnormal,6,54,16516,999,1789348956.233164
fault_ripple_01,1,abnormal,6,55,16476,1004,1789348956.233164
fault_ripple_01,1,abnormal,6,56,16432,995,1789348956.233164
fault_ripple_01,1,abnormal,6,57,16328,1002,1789348956.233164
fault_ripple_01,1,abnormal,6,58,16384,995,1789348956.233164
fault_ripple_01,1,abnormal,6,59,16196,1000,1789348956.233164
fault_ripple_01,1,abnormal,6,60,16252,998,1789348956.233164
fault_ripple_01,1,abnormal,6,61,16372,1001,1789348956.233164
fault_ripple_01,1,abnormal,6,62,16156,999,1789348956.233164
fault_ripple_01,1,abnormal,6,63,16280,999,1789348956.233164
fault_ripple_01,1,abnormal,7,0,16316,0,1789348956.616999
fault_ripple_01,1,abnormal,7,1,16332,998,1789348956.616999
fault_ripple_01,1,abnormal,7,2,16152,1001,1789348956.616999
fault_ripple_01,1,abnormal,7,3,16240,995,1789348956.616999
fault_ripple_01,1,abnormal,7,4,16428,997,1789348956.616999
fault_ripple_01,1,abnormal,7,5,16372,1000,1789348956.616999
fault_ripple_01,1,abnormal,7,6,16420,1001,1789348956.616999
fault_ripple_01,1,abnormal,7,7,16392,997,1789348956.616999
fault_ripple_01,1,abnormal,7,8,16348,1000,1789348956.616999
fault_ripple_01,1,abnormal,7,9,16504,999,1789348956.616999
fault_ripple_01,1,abnormal,7,10,16416,999,1789348956.616999
fault_ripple_01,1,abnormal,7,11,16376,997,1789348956.616999
fault_ripple_01,1,abnormal,7,12,16204,999,1789348956.616999
fault_ripple_01,1,abnormal,7,13,16172,999,1789348956.616999
fault_ripple_01,1,abnormal,7,14,16312,1000,1789348956.616999
fault_ripple_01,1,abnormal,7,15,16256,999,1789348956.616999
fault_ripple_01,1,abnormal,7,16,16180,1001,1789348956.616999
fault_ripple_01,1,abnormal,7,17,16364,995,1789348956.616999
fault_ripple_01,1,abnormal,7,18,16440,1003,1789348956.616999
fault_ripple_01,1,abnormal,7,19,16276,998,1789348956.616999
fault_ripple_01,1,abnormal,7,20,16512,999,1789348956.616999
fault_ripple_01,1,abnormal,7,21,16572,998,1789348956.616999
fault_ripple_01,1,abnormal,7,22,16368,995,1789348956.616999
fault_ripple_01,1,abnormal,7,23,16448,1001,1789348956.616999
fault_ripple_01,1,abnormal,7,24,16440,998,1789348956.616999
fault_ripple_01,1,abnormal,7,25,16112,1002,1789348956.616999
fault_ripple_01,1,abnormal,7,26,16192,999,1789348956.616999
fault_ripple_01,1,abnormal,7,27,16300,999,1789348956.616999
fault_ripple_01,1,abnormal,7,28,16168,999,1789348956.616999
fault_ripple_01,1,abnormal,7,29,16240,995,1789348956.616999
fault_ripple_01,1,abnormal,7,30,16336,1001,1789348956.616999
fault_ripple_01,1,abnormal,7,31,16424,995,1789348956.616999
fault_ripple_01,1,abnormal,7,32,16364,1002,1789348956.616999
fault_ripple_01,1,abnormal,7,33,16476,1000,1789348956.616999
fault_ripple_01,1,abnormal,7,34,16488,997,1789348956.616999
fault_ripple_01,1,abnormal,7,35,16468,998,1789348956.616999
fault_ripple_01,1,abnormal,7,36,16516,998,1789348956.616999
fault_ripple_01,1,abnormal,7,37,16328,1002,1789348956.616999
fault_ripple_01,1,abnormal,7,38,16292,1000,1789348956.616999
fault_ripple_01,1,abnormal,7,39,16284,1000,1789348956.616999
fault_ripple_01,1,abnormal,7,40,16336,996,1789348956.616999
fault_ripple_01,1,abnormal,7,41,16244,999,1789348956.616999
fault_ripple_01,1,abnormal,7,42,16288,997,1789348956.616999
fault_ripple_01,1,abnormal,7,43,16396,1000,1789348956.616999
fault_ripple_01,1,abnormal,7,44,16416,1000,1789348956.616999
fault_ripple_01,1,abnormal,7,45,16368,997,1789348956.616999
fault_ripple_01,1,abnormal,7,46,16404,999,1789348956.616999
fault_ripple_01,1,abnormal,7,47,16484,1000,1789348956.616999
fault_ripple_01,1,abnormal,7,48,16468,1000,1789348956.616999
fault_ripple_01,1,abnormal,7,49,16480,996,1789348956.616999
fault_ripple_01,1,abnormal,7,50,16384,998,1789348956.616999
fault_ripple_01,1,abnormal,7,51,16068,1000,1789348956.616999
fault_ripple_01,1,abnormal,7,52,16188,999,1789348956.616999
fault_ripple_01,1,abnormal,7,53,16380,1000,1789348956.616999
fault_ripple_01,1,abnormal,7,54,16296,1001,1789348956.616999
fault_ripple_01,1,abnormal,7,55,16224,1000,1789348956.616999
fault_ripple_01,1,abnormal,7,56,16436,999,1789348956.616999
fault_ripple_01,1,abnormal,7,57,16384,997,1789348956.616999
fault_ripple_01,1,abnormal,7,58,16492,996,1789348956.616999
fault_ripple_01,1,abnormal,7,59,16452,1000,1789348956.616999
fault_ripple_01,1,abnormal,7,60,16436,1000,1789348956.616999
fault_ripple_01,1,abnormal,7,61,16352,998,1789348956.616999
fault_ripple_01,1,abnormal,7,62,16280,998,1789348956.616999
fault_ripple_01,1,abnormal,7,63,16412,998,1789348956.616999
fault_ripple_01,1,abnormal,8,0,16476,0,1789348957.001507
fault_ripple_01,1,abnormal,8,1,16512,999,1789348957.001507
fault_ripple_01,1,abnormal,8,2,16428,995,1789348957.001507
fault_ripple_01,1,abnormal,8,3,16332,998,1789348957.001507
fault_ripple_01,1,abnormal,8,4,16272,999,1789348957.001507
fault_ripple_01,1,abnormal,8,5,16216,1004,1789348957.001507
fault_ripple_01,1,abnormal,8,6,16372,995,1789348957.001507
fault_ripple_01,1,abnormal,8,7,16192,1002,1789348957.001507
fault_ripple_01,1,abnormal,8,8,16208,999,1789348957.001507
fault_ripple_01,1,abnormal,8,9,16380,995,1789348957.001507
fault_ripple_01,1,abnormal,8,10,16464,1002,1789348957.001507
fault_ripple_01,1,abnormal,8,11,16340,998,1789348957.001507
fault_ripple_01,1,abnormal,8,12,16432,996,1789348957.001507
fault_ripple_01,1,abnormal,8,13,16484,1000,1789348957.001507
fault_ripple_01,1,abnormal,8,14,16512,1001,1789348957.001507
fault_ripple_01,1,abnormal,8,15,16352,998,1789348957.001507
fault_ripple_01,1,abnormal,8,16,16396,996,1789348957.001507
fault_ripple_01,1,abnormal,8,17,16260,1004,1789348957.001507
fault_ripple_01,1,abnormal,8,18,16180,996,1789348957.001507
fault_ripple_01,1,abnormal,8,19,16332,997,1789348957.001507
fault_ripple_01,1,abnormal,8,20,16224,999,1789348957.001507
fault_ripple_01,1,abnormal,8,21,16192,1004,1789348957.001507
fault_ripple_01,1,abnormal,8,22,16364,998,1789348957.001507
fault_ripple_01,1,abnormal,8,23,16436,999,1789348957.001507
fault_ripple_01,1,abnormal,8,24,16388,996,1789348957.001507
fault_ripple_01,1,abnormal,8,25,16488,999,1789348957.001507
fault_ripple_01,1,abnormal,8,26,16508,1001,1789348957.001507
fault_ripple_01,1,abnormal,8,27,16432,995,1789348957.001507
fault_ripple_01,1,abnormal,8,28,16364,999,1789348957.001507
fault_ripple_01,1,abnormal,8,29,16356,998,1789348957.001507
fault_ripple_01,1,abnormal,8,30,16188,1001,1789348957.001507
fault_ripple_01,1,abnormal,8,31,16228,998,1789348957.001507
fault_ripple_01,1,abnormal,8,32,16356,1000,1789348957.001507
fault_ripple_01,1,abnormal,8,33,16152,998,1789348957.001507
fault_ripple_01,1,abnormal,8,34,16268,1003,1789348957.001507
fault_ripple_01,1,abnormal,8,35,16400,999,1789348957.001507
fault_ripple_01,1,abnormal,8,36,16468,996,1789348957.001507
fault_ripple_01,1,abnormal,8,37,16376,1002,1789348957.001507
fault_ripple_01,1,abnormal,8,38,16468,995,1789348957.001507
fault_ripple_01,1,abnormal,8,39,16568,1003,1789348957.001507
fault_ripple_01,1,abnormal,8,40,16448,995,1789348957.001507
fault_ripple_01,1,abnormal,8,41,16392,1000,1789348957.001507
fault_ripple_01,1,abnormal,8,42,16356,999,1789348957.001507
fault_ripple_01,1,abnormal,8,43,16336,997,1789348957.001507
fault_ripple_01,1,abnormal,8,44,16208,1001,1789348957.001507
fault_ripple_01,1,abnormal,8,45,16364,1001,1789348957.001507
fault_ripple_01,1,abnormal,8,46,16268,997,1789348957.001507
fault_ripple_01,1,abnormal,8,47,16296,998,1789348957.001507
fault_ripple_01,1,abnormal,8,48,16392,1001,1789348957.001507
fault_ripple_01,1,abnormal,8,49,16524,998,1789348957.001507
fault_ripple_01,1,abnormal,8,50,16340,1000,1789348957.001507
fault_ripple_01,1,abnormal,8,51,16476,998,1789348957.001507
fault_ripple_01,1,abnormal,8,52,16476,996,1789348957.001507
fault_ripple_01,1,abnormal,8,53,16360,1001,1789348957.001507
fault_ripple_01,1,abnormal,8,54,16408,1000,1789348957.001507
fault_ripple_01,1,abnormal,8,55,16420,1001,1789348957.001507
fault_ripple_01,1,abnormal,8,56,16232,995,1789348957.001507
fault_ripple_01,1,abnormal,8,57,16256,1000,1789348957.001507
fault_ripple_01,1,abnormal,8,58,16380,998,1789348957.001507
fault_ripple_01,1,abnormal,8,59,16380,998,1789348957.001507
fault_ripple_01,1,abnormal,8,60,16300,998,1789348957.001507
fault_ripple_01,1,abnormal,8,61,16412,999,1789348957.001507
fault_ripple_01,1,abnormal,8,62,16384,1001,1789348957.001507
fault_ripple_01,1,abnormal,8,63,16484,997,1789348957.001507
fault_ripple_01,1,abnormal,9,0,16320,0,1789348957.384919
fault_ripple_01,1,abnormal,9,1,16372,999,1789348957.384919
fault_ripple_01,1,abnormal,9,2,16352,1001,1789348957.384919
fault_ripple_01,1,abnormal,9,3,16264,996,1789348957.384919
fault_ripple_01,1,abnormal,9,4,16432,1001,1789348957.384919
fault_ripple_01,1,abnormal,9,5,16388,997,1789348957.384919
fault_ripple_01,1,abnormal,9,6,16392,1001,1789348957.384919
fault_ripple_01,1,abnormal,9,7,16532,997,1789348957.384919
fault_ripple_01,1,abnormal,9,8,16412,998,1789348957.384919
fault_ripple_01,1,abnormal,9,9,16360,998,1789348957.384919
fault_ripple_01,1,abnormal,9,10,16224,1001,1789348957.384919
fault_ripple_01,1,abnormal,9,11,16384,1000,1789348957.384919
fault_ripple_01,1,abnormal,9,12,16240,997,1789348957.384919
fault_ripple_01,1,abnormal,9,13,16228,999,1789348957.384919
fault_ripple_01,1,abnormal,9,14,16392,1002,1789348957.384919
fault_ripple_01,1,abnormal,9,15,16288,998,1789348957.384919
fault_ripple_01,1,abnormal,9,16,16256,994,1789348957.384919
fault_ripple_01,1,abnormal,9,17,16428,1001,1789348957.384919
fault_ripple_01,1,abnormal,9,18,16444,999,1789348957.384919
fault_ripple_01,1,abnormal,9,19,16452,998,1789348957.384919
fault_ripple_01,1,abnormal,9,20,16400,1000,1789348957.384919
fault_ripple_01,1,abnormal,9,21,16400,998,1789348957.384919
fault_ripple_01,1,abnormal,9,22,16292,997,1789348957.384919
fault_ripple_01,1,abnormal,9,23,16260,1001,1789348957.384919
fault_ripple_01,1,abnormal,9,24,16332,1000,1789348957.384919
fault_ripple_01,1,abnormal,9,25,16132,995,1789348957.384919
fault_ripple_01,1,abnormal,9,26,16224,1000,1789348957.384919
fault_ripple_01,1,abnormal,9,27,16336,1001,1789348957.384919
fault_ripple_01,1,abnormal,9,28,16544,997,1789348957.384919
fault_ripple_01,1,abnormal,9,29,16316,1001,1789348957.384919
fault_ripple_01,1,abnormal,9,30,16492,997,1789348957.384919
fault_ripple_01,1,abnormal,9,31,16468,998,1789348957.384919
fault_ripple_01,1,abnormal,9,32,16536,1003,1789348957.384919
fault_ripple_01,1,abnormal,9,33,16384,998,1789348957.384919
fault_ripple_01,1,abnormal,9,34,16496,1000,1789348957.384919
fault_ripple_01,1,abnormal,9,35,16272,998,1789348957.384919
fault_ripple_01,1,abnormal,9,36,16244,994,1789348957.384919
fault_ripple_01,1,abnormal,9,37,16420,1000,1789348957.384919
fault_ripple_01,1,abnormal,9,38,16212,1001,1789348957.384919
fault_ripple_01,1,abnormal,9,39,16232,996,1789348957.384919
fault_ripple_01,1,abnormal,9,40,16376,1004,1789348957.384919
fault_ripple_01,1,abnormal,9,41,16452,999,1789348957.384919
fault_ripple_01,1,abnormal,9,42,16384,996,1789348957.384919
fault_ripple_01,1,abnormal,9,43,16592,998,1789348957.384919
fault_ripple_01,1,abnormal,9,44,16512,999,1789348957.384919
fault_ripple_01,1,abnormal,9,45,16472,1002,1789348957.384919
fault_ripple_01,1,abnormal,9,46,16356,995,1789348957.384919
fault_ripple_01,1,abnormal,9,47,16448,1000,1789348957.384919
fault_ripple_01,1,abnormal,9,48,16232,1000,1789348957.384919
fault_ripple_01,1,abnormal,9,49,16300,999,1789348957.384919
fault_ripple_01,1,abnormal,9,50,16432,996,1789348957.384919
fault_ripple_01,1,abnormal,9,51,16224,1002,1789348957.384919
fault_ripple_01,1,abnormal,9,52,16208,999,1789348957.384919
fault_ripple_01,1,abnormal,9,53,16376,996,1789348957.384919
fault_ripple_01,1,abnormal,9,54,16468,998,1789348957.384919
fault_ripple_01,1,abnormal,9,55,16392,999,1789348957.384919
fault_ripple_01,1,abnormal,9,56,16528,998,1789348957.384919
fault_ripple_01,1,abnormal,9,57,16536,1002,1789348957.384919
fault_ripple_01,1,abnormal,9,58,16404,1001,1789348957.384919
fault_ripple_01,1,abnormal,9,59,16264,999,1789348957.384919
fault_ripple_01,1,abnormal,9,60,16464,996,1789348957.384919
fault_ripple_01,1,abnormal,9,61,16212,1000,1789348957.384919
fault_ripple_01,1,abnormal,9,62,16200,1000,1789348957.384919
fault_ripple_01,1,abnormal,9,63,16344,999,1789348957.384919
fault_ripple_01,1,abnormal,10,0,16444,0,1789348957.769108
fault_ripple_01,1,abnormal,10,1,16528,999,1789348957.769108
fault_ripple_01,1,abnormal,10,2,16336,999,1789348957.769108
fault_ripple_01,1,abnormal,10,3,16432,999,1789348957.769108
fault_ripple_01,1,abnormal,10,4,16268,996,1789348957.769108
fault_ripple_01,1,abnormal,10,5,16128,999,1789348957.769108
fault_ripple_01,1,abnormal,10,6,16380,1000,1789348957.769108
fault_ripple_01,1,abnormal,10,7,16208,999,1789348957.769108
fault_ripple_01,1,abnormal,10,8,16284,999,1789348957.769108
fault_ripple_01,1,abnormal,10,9,16420,999,1789348957.769108
fault_ripple_01,1,abnormal,10,10,16428,1001,1789348957.769108
fault_ripple_01,1,abnormal,10,11,16340,998,1789348957.769108
fault_ripple_01,1,abnormal,10,12,16564,994,1789348957.769108
fault_ripple_01,1,abnormal,10,13,16460,1002,1789348957.769108
fault_ripple_01,1,abnormal,10,14,16548,999,1789348957.769108
fault_ripple_01,1,abnormal,10,15,16316,995,1789348957.769108
fault_ripple_01,1,abnormal,10,16,16368,999,1789348957.769108
fault_ripple_01,1,abnormal,10,17,16308,1000,1789348957.769108
fault_ripple_01,1,abnormal,10,18,16228,1001,1789348957.769108
fault_ripple_01,1,abnormal,10,19,16376,996,1789348957.769108
fault_ripple_01,1,abnormal,10,20,16144,1000,1789348957.769108
fault_ripple_01,1,abnormal,10,21,16188,997,1789348957.769108
fault_ripple_01,1,abnormal,10,22,16408,1000,1789348957.769108
fault_ripple_01,1,abnormal,10,23,16388,1002,1789348957.769108
fault_ripple_01,1,abnormal,10,24,16424,996,1789348957.769108
fault_ripple_01,1,abnormal,10,25,16424,999,1789348957.769108
fault_ripple_01,1,abnormal,10,26,16488,1002,1789348957.769108
fault_ripple_01,1,abnormal,10,27,16456,997,1789348957.769108
fault_ripple_01,1,abnormal,10,28,16464,998,1789348957.769108
fault_ripple_01,1,abnormal,10,29,16424,998,1789348957.769108
fault_ripple_01,1,abnormal,10,30,16284,999,1789348957.769108
fault_ripple_01,1,abnormal,10,31,16264,998,1789348957.769108
fault_ripple_01,1,abnormal,10,32,16324,999,1789348957.769108
fault_ripple_01,1,abnormal,10,33,16180,999,1789348957.769108
fault_ripple_01,1,abnormal,10,34,16244,998,1789348957.769108
fault_ripple_01,1,abnormal,10,35,16392,1004,1789348957.769108
fault_ripple_01,1,abnormal,10,36,16344,997,1789348957.769108
fault_ripple_01,1,abnormal,10,37,16364,1000,1789348957.769108
fault_ripple_01,1,abnormal,10,38,16456,996,1789348957.769108
fault_ripple_01,1,abnormal,10,39,16468,999,1789348957.769108
fault_ripple_01,1,abnormal,10,40,16412,1004,1789348957.769108
fault_ripple_01,1,abnormal,10,41,16396,995,1789348957.769108
fault_ripple_01,1,abnormal,10,42,16460,1001,1789348957.769108
fault_ripple_01,1,abnormal,10,43,16272,999,1789348957.769108
fault_ripple_01,1,abnormal,10,44,16252,996,1789348957.769108
fault_ripple_01,1,abnormal,10,45,16376,1000,1789348957.769108
fault_ripple_01,1,abnormal,10,46,16148,999,1789348957.769108
fault_ripple_01,1,abnormal,10,47,16292,999,1789348957.769108
fault_ripple_01,1,abnormal,10,48,16336,998,1789348957.769108
fault_ripple_01,1,abnormal,10,49,16480,1000,1789348957.769108
fault_ripple_01,1,abnormal,10,50,16260,996,1789348957.769108
fault_ripple_01,1,abnormal,10,51,16488,999,1789348957.769108
fault_ripple_01,1,abnormal,10,52,16512,998,1789348957.769108
fault_ripple_01,1,abnormal,10,53,16492,1002,1789348957.769108
fault_ripple_01,1,abnormal,10,54,16288,999,1789348957.769108
fault_ripple_01,1,abnormal,10,55,16408,995,1789348957.769108
fault_ripple_01,1,abnormal,10,56,16208,998,1789348957.769108
fault_ripple_01,1,abnormal,10,57,16356,1004,1789348957.769108
fault_ripple_01,1,abnormal,10,58,16428,999,1789348957.769108
fault_ripple_01,1,abnormal,10,59,16156,996,1789348957.769108
fault_ripple_01,1,abnormal,10,60,16192,997,1789348957.769108
fault_ripple_01,1,abnormal,10,61,16396,1002,1789348957.769108
fault_ripple_01,1,abnormal,10,62,16424,999,1789348957.769108
fault_ripple_01,1,abnormal,10,63,16304,995,1789348957.769108
fault_ripple_01,1,abnormal,11,0,16268,0,1789348958.153394
fault_ripple_01,1,abnormal,11,1,16320,997,1789348958.153394
fault_ripple_01,1,abnormal,11,2,16080,1001,1789348958.153394
fault_ripple_01,1,abnormal,11,3,16276,1002,1789348958.153394
fault_ripple_01,1,abnormal,11,4,16396,998,1789348958.153394
fault_ripple_01,1,abnormal,11,5,16368,997,1789348958.153394
fault_ripple_01,1,abnormal,11,6,16360,998,1789348958.153394
fault_ripple_01,1,abnormal,11,7,16396,1000,1789348958.153394
fault_ripple_01,1,abnormal,11,8,16408,1000,1789348958.153394
fault_ripple_01,1,abnormal,11,9,16328,999,1789348958.153394
fault_ripple_01,1,abnormal,11,10,16444,999,1789348958.153394
fault_ripple_01,1,abnormal,11,11,16504,998,1789348958.153394
fault_ripple_01,1,abnormal,11,12,16512,998,1789348958.153394
fault_ripple_01,1,abnormal,11,13,16228,997,1789348958.153394
fault_ripple_01,1,abnormal,11,14,16448,1000,1789348958.153394
fault_ripple_01,1,abnormal,11,15,16152,997,1789348958.153394
fault_ripple_01,1,abnormal,11,16,16204,1002,1789348958.153394
fault_ripple_01,1,abnormal,11,17,16320,995,1789348958.153394
fault_ripple_01,1,abnormal,11,18,16260,1003,1789348958.153394
fault_ripple_01,1,abnormal,11,19,16320,996,1789348958.153394
fault_ripple_01,1,abnormal,11,20,16460,999,1789348958.153394
fault_ripple_01,1,abnormal,11,21,16400,998,1789348958.153394
fault_ripple_01,1,abnormal,11,22,16520,1001,1789348958.153394
fault_ripple_01,1,abnormal,11,23,16456,997,1789348958.153394
fault_ripple_01,1,abnormal,11,24,16576,997,1789348958.153394
fault_ripple_01,1,abnormal,11,25,16384,1001,1789348958.153394
fault_ripple_01,1,abnormal,11,26,16292,1001,1789348958.153394
fault_ripple_01,1,abnormal,11,27,16440,1000,1789348958.153394
fault_ripple_01,1,abnormal,11,28,16208,998,1789348958.153394
fault_ripple_01,1,abnormal,11,29,16216,995,1789348958.153394
fault_ripple_01,1,abnormal,11,30,16344,999,1789348958.153394
fault_ripple_01,1,abnormal,11,31,16316,1002,1789348958.153394
fault_ripple_01,1,abnormal,11,32,16228,999,1789348958.153394
fault_ripple_01,1,abnormal,11,33,16420,995,1789348958.153394
fault_ripple_01,1,abnormal,11,34,16464,1003,1789348958.153394
fault_ripple_01,1,abnormal,11,35,16352,996,1789348958.153394
fault_ripple_01,1,abnormal,11,36,16448,999,1789348958.153394
fault_ripple_01,1,abnormal,11,37,16488,1000,1789348958.153394
fault_ripple_01,1,abnormal,11,38,16444,999,1789348958.153394
fault_ripple_01,1,abnormal,11,39,16396,998,1789348958.153394
fault_ripple_01,1,abnormal,11,40,16344,1000,1789348958.153394
fault_ripple_01,1,abnormal,11,41,16132,995,1789348958.153394
fault_ripple_01,1,abnormal,11,42,16320,1001,1789348958.153394
fault_ripple_01,1,abnormal,11,43,16272,999,1789348958.153394
fault_ripple_01,1,abnormal,11,44,16240,1000,1789348958.153394
fault_ripple_01,1,abnormal,11,45,16324,1001,1789348958.153394
fault_ripple_01,1,abnormal,11,46,16340,997,1789348958.153394
fault_ripple_01,1,abnormal,11,47,16516,999,1789348958.153394
fault_ripple_01,1,abnormal,11,48,16316,998,1789348958.153394
fault_ripple_01,1,abnormal,11,49,16468,998,1789348958.153394
fault_ripple_01,1,abnormal,11,50,16500,999,1789348958.153394
fault_ripple_01,1,abnormal,11,51,16396,999,1789348958.153394
fault_ripple_01,1,abnormal,11,52,16340,1000,1789348958.153394
fault_ripple_01,1,abnormal,11,53,16496,996,1789348958.153394
fault_ripple_01,1,abnormal,11,54,16188,1002,1789348958.153394
fault_ripple_01,1,abnormal,11,55,16324,996,1789348958.153394
fault_ripple_01,1,abnormal,11,56,16356,1000,1789348958.153394
fault_ripple_01,1,abnormal,11,57,16240,1001,1789348958.153394
fault_ripple_01,1,abnormal,11,58,16112,999,1789348958.153394
fault_ripple_01,1,abnormal,11,59,16356,995,1789348958.153394
fault_ripple_01,1,abnormal,11,60,16484,999,1789348958.153394
fault_ripple_01,1,abnormal,11,61,16408,999,1789348958.153394
fault_ripple_01,1,abnormal,11,62,16456,1002,1789348958.153394
fault_ripple_01,1,abnormal,11,63,16536,1000,1789348958.153394
fault_ripple_01,1,abnormal,12,0,16152,0,1789348958.537079
fault_ripple_01,1,abnormal,12,1,16268,1001,1789348958.537079
fault_ripple_01,1,abnormal,12,2,16272,999,1789348958.537079
fault_ripple_01,1,abnormal,12,3,16456,997,1789348958.537079
fault_ripple_01,1,abnormal,12,4,16496,1001,1789348958.537079
fault_ripple_01,1,abnormal,12,5,16528,999,1789348958.537079
fault_ripple_01,1,abnormal,12,6,16464,998,1789348958.537079
fault_ripple_01,1,abnormal,12,7,16412,999,1789348958.537079
fault_ripple_01,1,abnormal,12,8,16436,1001,1789348958.537079
fault_ripple_01,1,abnormal,12,9,16456,996,1789348958.537079
fault_ripple_01,1,abnormal,12,10,16296,1001,1789348958.537079
fault_ripple_01,1,abnormal,12,11,16180,995,1789348958.537079
fault_ripple_01,1,abnormal,12,12,16272,999,1789348958.537079
fault_ripple_01,1,abnormal,12,13,16252,1003,1789348958.537079
fault_ripple_01,1,abnormal,12,14,16296,997,1789348958.537079
fault_ripple_01,1,abnormal,12,15,16308,996,1789348958.537079
fault_ripple_01,1,abnormal,12,16,16428,1000,1789348958.537079
fault_ripple_01,1,abnormal,12,17,16380,1000,1789348958.537079
fault_ripple_01,1,abnormal,12,18,16600,1000,1789348958.537079
fault_ripple_01,1,abnormal,12,19,16476,997,1789348958.537079
fault_ripple_01,1,abnormal,12,20,16396,1000,1789348958.537079
fault_ripple_01,1,abnormal,12,21,16400,999,1789348958.537079
fault_ripple_01,1,abnormal,12,22,16480,996,1789348958.537079
fault_ripple_01,1,abnormal,12,23,16348,999,1789348958.537079
fault_ripple_01,1,abnormal,12,24,16172,1002,1789348958.537079
fault_ripple_01,1,abnormal,12,25,16384,995,1789348958.537079
fault_ripple_01,1,abnormal,12,26,16320,999,1789348958.537079
fault_ripple_01,1,abnormal,12,27,16252,998,1789348958.537079
fault_ripple_01,1,abnormal,12,28,16348,1002,1789348958.537079
fault_ripple_01,1,abnormal,12,29,16484,997,1789348958.537079
fault_ripple_01,1,abnormal,12,30,16376,998,1789348958.537079
fault_ripple_01,1,abnormal,12,31,16484,1001,1789348958.537079
fault_ripple_01,1,abnormal,12,32,16488,998,1789348958.537079
fault_ripple_01,1,abnormal,12,33,16472,996,1789348958.537079
fault_ripple_01,1,abnormal,12,34,16356,1003,1789348958.537079
fault_ripple_01,1,abnormal,12,35,16508,998,1789348958.537079
fault_ripple_01,1,abnormal,12,36,16232,996,1789348958.537079
fault_ripple_01,1,abnormal,12,37,16264,1003,1789348958.537079
fault_ripple_01,1,abnormal,12,38,16376,993,1789348958.537079
fault_ripple_01,1,abnormal,12,39,16184,1002,1789348958.537079
fault_ripple_01,1,abnormal,12,40,16208,999,1789348958.537079
fault_ripple_01,1,abnormal,12,41,16372,1000,1789348958.537079
fault_ripple_01,1,abnormal,12,42,16500,996,1789348958.537079
fault_ripple_01,1,abnormal,12,43,16432,1002,1789348958.537079
fault_ripple_01,1,abnormal,12,44,16472,996,1789348958.537079
fault_ripple_01,1,abnormal,12,45,16528,1002,1789348958.537079
fault_ripple_01,1,abnormal,12,46,16488,995,1789348958.537079
fault_ripple_01,1,abnormal,12,47,16340,1000,1789348958.537079
fault_ripple_01,1,abnormal,12,48,16464,1002,1789348958.537079
fault_ripple_01,1,abnormal,12,49,16208,996,1789348958.537079
fault_ripple_01,1,abnormal,12,50,16232,999,1789348958.537079
fault_ripple_01,1,abnormal,12,51,16420,999,1789348958.537079
fault_ripple_01,1,abnormal,12,52,16168,999,1789348958.537079
fault_ripple_01,1,abnormal,12,53,16324,998,1789348958.537079
fault_ripple_01,1,abnormal,12,54,16368,1003,1789348958.537079
fault_ripple_01,1,abnormal,12,55,16352,999,1789348958.537079
fault_ripple_01,1,abnormal,12,56,16348,994,1789348958.537079
fault_ripple_01,1,abnormal,12,57,16456,1001,1789348958.537079
fault_ripple_01,1,abnormal,12,58,16504,999,1789348958.537079
fault_ripple_01,1,abnormal,12,59,16484,1001,1789348958.537079
fault_ripple_01,1,abnormal,12,60,16396,994,1789348958.537079
fault_ripple_01,1,abnormal,12,61,16420,1004,1789348958.537079
fault_ripple_01,1,abnormal,12,62,16300,994,1789348958.537079
fault_ripple_01,1,abnormal,12,63,16344,1000,1789348958.537079
fault_ripple_01,1,abnormal,13,0,16312,0,1789348958.920854
fault_ripple_01,1,abnormal,13,1,16452,1001,1789348958.920854
fault_ripple_01,1,abnormal,13,2,16384,999,1789348958.920854
fault_ripple_01,1,abnormal,13,3,16460,999,1789348958.920854
fault_ripple_01,1,abnormal,13,4,16504,995,1789348958.920854
fault_ripple_01,1,abnormal,13,5,16412,997,1789348958.920854
fault_ripple_01,1,abnormal,13,6,16424,999,1789348958.920854
fault_ripple_01,1,abnormal,13,7,16432,999,1789348958.920854
fault_ripple_01,1,abnormal,13,8,16272,1000,1789348958.920854
fault_ripple_01,1,abnormal,13,9,16240,1000,1789348958.920854
fault_ripple_01,1,abnormal,13,10,16336,999,1789348958.920854
fault_ripple_01,1,abnormal,13,11,16272,999,1789348958.920854
fault_ripple_01,1,abnormal,13,12,16212,1000,1789348958.920854
fault_ripple_01,1,abnormal,13,13,16392,994,1789348958.920854
fault_ripple_01,1,abnormal,13,14,16472,1001,1789348958.920854
fault_ripple_01,1,abnormal,13,15,16320,998,1789348958.920854
fault_ripple_01,1,abnormal,13,16,16436,999,1789348958.920854
fault_ripple_01,1,abnormal,13,17,16500,1000,1789348958.920854
fault_ripple_01,1,abnormal,13,18,16304,999,1789348958.920854
fault_ripple_01,1,abnormal,13,19,16368,997,1789348958.920854
fault_ripple_01,1,abnormal,13,20,16392,1001,1789348958.920854
fault_ripple_01,1,abnormal,13,21,16180,1000,1789348958.920854
fault_ripple_01,1,abnormal,13,22,16308,1000,1789348958.920854
fault_ripple_01,1,abnormal,13,23,16332,998,1789348958.920854
fault_ripple_01,1,abnormal,13,24,16280,1000,1789348958.920854
fault_ripple_01,1,abnormal,13,25,16300,999,1789348958.920854
fault_ripple_01,1,abnormal,13,26,16396,999,1789348958.920854
fault_ripple_01,1,abnormal,13,27,16448,999,1789348958.920854
fault_ripple_01,1,abnormal,13,28,16356,995,1789348958.920854
fault_ripple_01,1,abnormal,13,29,16432,999,1789348958.920854
fault_ripple_01,1,abnormal,13,30,16532,1002,1789348958.920854
fault_ripple_01,1,abnormal,13,31,16440,1000,1789348958.920854
fault_ripple_01,1,abnormal,13,32,16300,995,1789348958.920854
fault_ripple_01,1,abnormal,13,33,16508,998,1789348958.920854
fault_ripple_01,1,abnormal,13,34,16232,999,1789348958.920854
fault_ripple_01,1,abnormal,13,35,16180,1002,1789348958.920854
fault_ripple_01,1,abnormal,13,36,16384,997,1789348958.920854
fault_ripple_01,1,abnormal,13,37,16128,997,1789348958.920854
fault_ripple_01,1,abnormal,13,38,16192,1003,1789348958.920854
fault_ripple_01,1,abnormal,13,39,16364,999,1789348958.920854
fault_ripple_01,1,abnormal,13,40,16464,1000,1789348958.920854
fault_ripple_01,1,abnormal,13,41,16428,994,1789348958.920854
fault_ripple_01,1,abnormal,13,42,16492,999,1789348958.920854
fault_ripple_01,1,abnormal,13,43,16428,1001,1789348958.920854
fault_ripple_01,1,abnormal,13,44,16448,1000,1789348958.920854
fault_ripple_01,1,abnormal,13,45,16340,998,1789348958.920854
fault_ripple_01,1,abnormal,13,46,16452,1001,1789348958.920854
fault_ripple_01,1,abnormal,13,47,16180,999,1789348958.920854
fault_ripple_01,1,abnormal,13,48,16212,994,1789348958.920854
fault_ripple_01,1,abnormal,13,49,16340,1000,1789348958.920854
fault_ripple_01,1,abnormal,13,50,16224,999,1789348958.920854
fault_ripple_01,1,abnormal,13,51,16188,999,1789348958.920854
fault_ripple_01,1,abnormal,13,52,16248,998,1789348958.920854
fault_ripple_01,1,abnormal,13,53,16456,998,1789348958.920854
fault_ripple_01,1,abnormal,13,54,16388,1001,1789348958.920854
fault_ripple_01,1,abnormal,13,55,16516,999,1789348958.920854
fault_ripple_01,1,abnormal,13,56,16436,999,1789348958.920854
fault_ripple_01,1,abnormal,13,57,16432,996,1789348958.920854
fault_ripple_01,1,abnormal,13,58,16316,999,1789348958.920854
fault_ripple_01,1,abnormal,13,59,16380,1001,1789348958.920854
fault_ripple_01,1,abnormal,13,60,16252,1001,1789348958.920854
fault_ripple_01,1,abnormal,13,61,16204,997,1789348958.920854
fault_ripple_01,1,abnormal,13,62,16336,999,1789348958.920854
fault_ripple_01,1,abnormal,13,63,16192,999,1789348958.920854
fault_ripple_01,1,abnormal,14,0,16352,0,1789348959.305018
fault_ripple_01,1,abnormal,14,1,16332,998,1789348959.305018
fault_ripple_01,1,abnormal,14,2,16460,1004,1789348959.305018
fault_ripple_01,1,abnormal,14,3,16348,996,1789348959.305018
fault_ripple_01,1,abnormal,14,4,16312,1000,1789348959.305018
fault_ripple_01,1,abnormal,14,5,16360,995,1789348959.305018
fault_ripple_01,1,abnormal,14,6,16280,1003,1789348959.305018
fault_ripple_01,1,abnormal,14,7,16220,998,1789348959.305018
fault_ripple_01,1,abnormal,14,8,16396,1001,1789348959.305018
fault_ripple_01,1,abnormal,14,9,16300,998,1789348959.305018
fault_ripple_01,1,abnormal,14,10,16236,995,1789348959.305018
fault_ripple_01,1,abnormal,14,11,16468,1000,1789348959.305018
fault_ripple_01,1,abnormal,14,12,16528,1000,1789348959.305018
fault_ripple_01,1,abnormal,14,13,16492,999,1789348959.305018
fault_ripple_01,1,abnormal,14,14,16388,998,1789348959.305018
fault_ripple_01,1,abnormal,14,15,16512,997,1789348959.305018
fault_ripple_01,1,abnormal,14,16,16404,997,1789348959.305018
fault_ripple_01,1,abnormal,14,17,16324,999,1789348959.305018
fault_ripple_01,1,abnormal,14,18,16420,1003,1789348959.305018
fault_ripple_01,1,abnormal,14,19,16132,999,1789348959.305018
fault_ripple_01,1,abnormal,14,20,16224,998,1789348959.305018
fault_ripple_01,1,abnormal,14,21,16280,1000,1789348959.305018
fault_ripple_01,1,abnormal,14,22,16296,994,1789348959.305018
fault_ripple_01,1,abnormal,14,23,16256,1001,1789348959.305018
fault_ripple_01,1,abnormal,14,24,16328,997,1789348959.305018
fault_ripple_01,1,abnormal,14,25,16528,1002,1789348959.305018
fault_ripple_01,1,abnormal,14,26,16420,998,1789348959.305018
fault_ripple_01,1,abnormal,14,27,16424,998,1789348959.305018
fault_ripple_01,1,abnormal,14,28,16496,998,1789348959.305018
fault_ripple_01,1,abnormal,14,29,16472,1001,1789348959.305018
fault_ripple_01,1,abnormal,14,30,16368,995,1789348959.305018
fault_ripple_01,1,abnormal,14,31,16420,1000,1789348959.305018
fault_ripple_01,1,abnormal,14,32,16220,1003,1789348959.305018
fault_ripple_01,1,abnormal,14,33,16292,999,1789348959.305018
fault_ripple_01,1,abnormal,14,34,16332,994,1789348959.305018
fault_ripple_01,1,abnormal,14,35,16120,1000,1789348959.305018
fault_ripple_01,1,abnormal,14,36,16228,1001,1789348959.305018
fault_ripple_01,1,abnormal,14,37,16300,996,1789348959.305018
fault_ripple_01,1,abnormal,14,38,16416,1002,1789348959.305018
fault_ripple_01,1,abnormal,14,39,16420,997,1789348959.305018
fault_ripple_01,1,abnormal,14,40,16496,999,1789348959.305018
fault_ripple_01,1,abnormal,14,41,16504,1001,1789348959.305018
fault_ripple_01,1,abnormal,14,42,16444,996,1789348959.305018
fault_ripple_01,1,abnormal,14,43,16376,1001,1789348959.305018
fault_ripple_01,1,abnormal,14,44,16392,999,1789348959.305018
fault_ripple_01,1,abnormal,14,45,16300,997,1789348959.305018
fault_ripple_01,1,abnormal,14,46,16184,999,1789348959.305018
fault_ripple_01,1,abnormal,14,47,16392,998,1789348959.305018
fault_ripple_01,1,abnormal,14,48,16172,1001,1789348959.305018
fault_ripple_01,1,abnormal,14,49,16196,997,1789348959.305018
fault_ripple_01,1,abnormal,14,50,16416,1001,1789348959.305018
fault_ripple_01,1,abnormal,14,51,16412,998,1789348959.305018
fault_ripple_01,1,abnormal,14,52,16328,996,1789348959.305018
fault_ripple_01,1,abnormal,14,53,16492,1000,1789348959.305018
fault_ripple_01,1,abnormal,14,54,16524,1003,1789348959.305018
fault_ripple_01,1,abnormal,14,55,16532,994,1789348959.305018
fault_ripple_01,1,abnormal,14,56,16360,1001,1789348959.305018
fault_ripple_01,1,abnormal,14,57,16480,1000,1789348959.305018
fault_ripple_01,1,abnormal,14,58,16228,996,1789348959.305018
fault_ripple_01,1,abnormal,14,59,16160,1001,1789348959.305018
fault_ripple_01,1,abnormal,14,60,16308,1001,1789348959.305018
fault_ripple_01,1,abnormal,14,61,16184,998,1789348959.305018
fault_ripple_01,1,abnormal,14,62,16280,994,1789348959.305018
fault_ripple_01,1,abnormal,14,63,16396,1000,1789348959.305018
fault_ripple_01,1,abnormal,15,0,16436,0,1789348959.689018
fault_ripple_01,1,abnormal,15,1,16212,1000,1789348959.689018
fault_ripple_01,1,abnormal,15,2,16260,1001,1789348959.689018
fault_ripple_01,1,abnormal,15,3,16372,996,1789348959.689018
fault_ripple_01,1,abnormal,15,4,16220,999,1789348959.689018
fault_ripple_01,1,abnormal,15,5,16228,1002,1789348959.689018
fault_ripple_01,1,abnormal,15,6,16348,996,1789348959.689018
fault_ripple_01,1,abnormal,15,7,16416,1000,1789348959.689018
fault_ripple_01,1,abnormal,15,8,16272,1000,1789348959.689018
fault_ripple_01,1,abnormal,15,9,16380,1000,1789348959.689018
fault_ripple_01,1,abnormal,15,10,16576,997,1789348959.689018
fault_ripple_01,1,abnormal,15,11,16496,998,1789348959.689018
fault_ripple_01,1,abnormal,15,12,16404,1001,1789348959.689018
fault_ripple_01,1,abnormal,15,13,16536,997,1789348959.689018
fault_ripple_01,1,abnormal,15,14,16268,1000,1789348959.689018
fault_ripple_01,1,abnormal,15,15,16296,995,1789348959.689018
fault_ripple_01,1,abnormal,15,16,16356,1003,1789348959.689018
fault_ripple_01,1,abnormal,15,17,16064,996,1789348959.689018
fault_ripple_01,1,abnormal,15,18,16272,1001,1789348959.689018
fault_ripple_01,1,abnormal,15,19,16296,996,1789348959.689018
fault_ripple_01,1,abnormal,15,20,16352,999,1789348959.689018
fault_ripple_01,1,abnormal,15,21,16316,1002,1789348959.689018
fault_ripple_01,1,abnormal,15,22,16436,997,1789348959.689018
fault_ripple_01,1,abnormal,15,23,16428,997,1789348959.689018
fault_ripple_01,1,abnormal,15,24,16520,1002,1789348959.689018
fault_ripple_01,1,abnormal,15,25,16364,999,1789348959.689018
fault_ripple_01,1,abnormal,15,26,16436,998,1789348959.689018
fault_ripple_01,1,abnormal,15,27,16324,998,1789348959.689018
fault_ripple_01,1,abnormal,15,28,16312,998,1789348959.689018
fault_ripple_01,1,abnormal,15,29,16460,1001,1789348959.689018
fault_ripple_01,1,abnormal,15,30,16260,1001,1789348959.689018
fault_ripple_01,1,abnormal,15,31,16288,994,1789348959.689018
fault_ripple_01,1,abnormal,15,32,16392,998,1789348959.689018
fault_ripple_01,1,abnormal,15,33,16280,1000,1789348959.689018
fault_ripple_01,1,abnormal,15,34,16264,999,1789348959.689018
fault_ripple_01,1,abnormal,15,35,16416,998,1789348959.689018
fault_ripple_01,1,abnormal,15,36,16488,1000,1789348959.689018
fault_ripple_01,1,abnormal,15,37,16424,999,1789348959.689018
fault_ripple_01,1,abnormal,15,38,16468,998,1789348959.689018
fault_ripple_01,1,abnormal,15,39,16436,998,1789348959.689018
fault_ripple_01,1,abnormal,15,40,16448,1001,1789348959.689018
fault_ripple_01,1,abnormal,15,41,16216,996,1789348959.689018
fault_ripple_01,1,abnormal,15,42,16400,1002,1789348959.689018
fault_ripple_01,1,abnormal,15,43,16256,1000,1789348959.689018
fault_ripple_01,1,abnormal,15,44,16304,994,1789348959.689018
fault_ripple_01,1,abnormal,15,45,16392,1001,1789348959.689018
fault_ripple_01,1,abnormal,15,46,16372,1002,1789348959.689018
fault_ripple_01,1,abnormal,15,47,16300,997,1789348959.689018
fault_ripple_01,1,abnormal,15,48,16476,999,1789348959.689018
fault_ripple_01,1,abnormal,15,49,16532,1000,1789348959.689018
fault_ripple_01,1,abnormal,15,50,16412,997,1789348959.689018
fault_ripple_01,1,abnormal,15,51,16440,997,1789348959.689018
fault_ripple_01,1,abnormal,15,52,16492,999,1789348959.689018
fault_ripple_01,1,abnormal,15,53,16380,1002,1789348959.689018
fault_ripple_01,1,abnormal,15,54,16280,997,1789348959.689018
fault_ripple_01,1,abnormal,15,55,16408,1002,1789348959.689018
fault_ripple_01,1,abnormal,15,56,16168,996,1789348959.689018
fault_ripple_01,1,abnormal,15,57,16124,1000,1789348959.689018
fault_ripple_01,1,abnormal,15,58,16304,998,1789348959.689018
fault_ripple_01,1,abnormal,15,59,16324,1001,1789348959.689018
fault_ripple_01,1,abnormal,15,60,16216,994,1789348959.689018
fault_ripple_01,1,abnormal,15,61,16376,999,1789348959.689018
fault_ripple_01,1,abnormal,15,62,16472,1000,1789348959.689018
fault_ripple_01,1,abnormal,15,63,16540,1002,1789348959.689018
fault_ripple_01,1,abnormal,16,0,16344,0,1789348960.073234
fault_ripple_01,1,abnormal,16,1,16268,997,1789348960.073234
fault_ripple_01,1,abnormal,16,2,16204,1001,1789348960.073234
fault_ripple_01,1,abnormal,16,3,16316,1000,1789348960.073234
fault_ripple_01,1,abnormal,16,4,16388,994,1789348960.073234
fault_ripple_01,1,abnormal,16,5,16540,1000,1789348960.073234
fault_ripple_01,1,abnormal,16,6,16380,1000,1789348960.073234
fault_ripple_01,1,abnormal,16,7,16464,997,1789348960.073234
fault_ripple_01,1,abnormal,16,8,16420,998,1789348960.073234
fault_ripple_01,1,abnormal,16,9,16392,1002,1789348960.073234
fault_ripple_01,1,abnormal,16,10,16364,999,1789348960.073234
fault_ripple_01,1,abnormal,16,11,16460,994,1789348960.073234
fault_ripple_01,1,abnormal,16,12,16200,1001,1789348960.073234
fault_ripple_01,1,abnormal,16,13,16400,1001,1789348960.073234
fault_ripple_01,1,abnormal,16,14,16376,998,1789348960.073234
fault_ripple_01,1,abnormal,16,15,16240,997,1789348960.073234
fault_ripple_01,1,abnormal,16,16,16228,998,1789348960.073234
fault_ripple_01,1,abnormal,16,17,16336,999,1789348960.073234
fault_ripple_01,1,abnormal,16,18,16428,999,1789348960.073234
fault_ripple_01,1,abnormal,16,19,16364,998,1789348960.073234
fault_ripple_01,1,abnormal,16,20,16472,999,1789348960.073234
fault_ripple_01,1,abnormal,16,21,16472,999,1789348960.073234
fault_ripple_01,1,abnormal,16,22,16348,1000,1789348960.073234
fault_ripple_01,1,abnormal,16,23,16304,998,1789348960.073234
fault_ripple_01,1,abnormal,16,24,16452,1002,1789348960.073234
fault_ripple_01,1,abnormal,16,25,16176,999,1789348960.073234
fault_ripple_01,1,abnormal,16,26,16196,997,1789348960.073234
fault_ripple_01,1,abnormal,16,27,16328,999,1789348960.073234
fault_ripple_01,1,abnormal,16,28,16304,1001,1789348960.073234
fault_ripple_01,1,abnormal,16,29,16152,997,1789348960.073234
fault_ripple_01,1,abnormal,16,30,16416,999,1789348960.073234
fault_ripple_01,1,abnormal,16,31,16404,998,1789348960.073234
fault_ripple_01,1,abnormal,16,32,16308,1000,1789348960.073234
fault_ripple_01,1,abnormal,16,33,16468,997,1789348960.073234
fault_ripple_01,1,abnormal,16,34,16532,1000,1789348960.073234
fault_ripple_01,1,abnormal,16,35,16388,1001,1789348960.073234
fault_ripple_01,1,abnormal,16,36,16376,996,1789348960.073234
fault_ripple_01,1,abnormal,16,37,16420,997,1789348960.073234
fault_ripple_01,1,abnormal,16,38,16124,1003,1789348960.073234
fault_ripple_01,1,abnormal,16,39,16172,998,1789348960.073234
fault_ripple_01,1,abnormal,16,40,16332,995,1789348960.073234
fault_ripple_01,1,abnormal,16,41,16312,998,1789348960.073234
fault_ripple_01,1,abnormal,16,42,16264,999,1789348960.073234
fault_ripple_01,1,abnormal,16,43,16428,1004,1789348960.073234
fault_ripple_01,1,abnormal,16,44,16456,996,1789348960.073234
fault_ripple_01,1,abnormal,16,45,16292,1001,1789348960.073234
fault_ripple_01,1,abnormal,16,46,16432,1000,1789348960.073234
fault_ripple_01,1,abnormal,16,47,16504,997,1789348960.073234
fault_ripple_01,1,abnormal,16,48,16448,1001,1789348960.073234
fault_ripple_01,1,abnormal,16,49,16424,995,1789348960.073234
fault_ripple_01,1,abnormal,16,50,16456,998,1789348960.073234
fault_ripple_01,1,abnormal,16,51,16240,1003,1789348960.073234
fault_ripple_01,1,abnormal,16,52,16184,996,1789348960.073234
fault_ripple_01,1,abnormal,16,53,16300,1001,1789348960.073234
fault_ripple_01,1,abnormal,16,54,16156,997,1789348960.073234
fault_ripple_01,1,abnormal,16,55,16224,999,1789348960.073234
fault_ripple_01,1,abnormal,16,56,16308,997,1789348960.073234
fault_ripple_01,1,abnormal,16,57,16464,1001,1789348960.073234
fault_ripple_01,1,abnormal,16,58,16408,1001,1789348960.073234
fault_ripple_01,1,abnormal,16,59,16568,997,1789348960.073234
fault_ripple_01,1,abnormal,16,60,16456,997,1789348960.073234
fault_ripple_01,1,abnormal,16,61,16436,999,1789348960.073234
fault_ripple_01,1,abnormal,16,62,16368,1001,1789348960.073234
fault_ripple_01,1,abnormal,16,63,16372,999,1789348960.073234
fault_ripple_01,1,abnormal,17,0,16304,0,1789348960.457300
fault_ripple_01,1,abnormal,17,1,16396,998,1789348960.457300
fault_ripple_01,1,abnormal,17,2,16512,999,1789348960.457300
fault_ripple_01,1,abnormal,17,3,16504,1002,1789348960.457300
fault_ripple_01,1,abnormal,17,4,16384,994,1789348960.457300
fault_ripple_01,1,abnormal,17,5,16460,1002,1789348960.457300
fault_ripple_01,1,abnormal,17,6,16500,998,1789348960.457300
fault_ripple_01,1,abnormal,17,7,16460,1000,1789348960.457300
fault_ripple_01,1,abnormal,17,8,16348,997,1789348960.457300
fault_ripple_01,1,abnormal,17,9,16404,997,1789348960.457300
fault_ripple_01,1,abnormal,17,10,16188,998,1789348960.457300
fault_ripple_01,1,abnormal,17,11,16212,1003,1789348960.457300
fault_ripple_01,1,abnormal,17,12,16312,999,1789348960.457300
fault_ripple_01,1,abnormal,17,13,16216,998,1789348960.457300
fault_ripple_01,1,abnormal,17,14,16272,998,1789348960.457300
fault_ripple_01,1,abnormal,17,15,16436,996,1789348960.457300
fault_ripple_01,1,abnormal,17,16,16512,1003,1789348960.457300
fault_ripple_01,1,abnormal,17,17,16384,995,1789348960.457300
fault_ripple_01,1,abnormal,17,18,16436,1000,1789348960.457300
fault_ripple_01,1,abnormal,17,19,16576,1002,1789348960.457300
fault_ripple_01,1,abnormal,17,20,16516,997,1789348960.457300
fault_ripple_01,1,abnormal,17,21,16428,998,1789348960.457300
fault_ripple_01,1,abnormal,17,22,16444,999,1789348960.457300
fault_ripple_01,1,abnormal,17,23,16320,999,1789348960.457300
fault_ripple_01,1,abnormal,17,24,16176,999,1789348960.457300
fault_ripple_01,1,abnormal,17,25,16380,999,1789348960.457300
fault_ripple_01,1,abnormal,17,26,16288,1001,1789348960.457300
fault_ripple_01,1,abnormal,17,27,16116,996,1789348960.457300
fault_ripple_01,1,abnormal,17,28,16408,1002,1789348960.457300
fault_ripple_01,1,abnormal,17,29,16488,994,1789348960.457300
fault_ripple_01,1,abnormal,17,30,16316,1003,1789348960.457300
fault_ripple_01,1,abnormal,17,31,16420,998,1789348960.457300
fault_ripple_01,1,abnormal,17,32,16392,998,1789348960.457300
fault_ripple_01,1,abnormal,17,33,16420,997,1789348960.457300
fault_ripple_01,1,abnormal,17,34,16364,1003,1789348960.457300
fault_ripple_01,1,abnormal,17,35,16492,994,1789348960.457300
fault_ripple_01,1,abnormal,17,36,16208,1001,1789348960.457300
fault_ripple_01,1,abnormal,17,37,16164,999,1789348960.457300
fault_ripple_01,1,abnormal,17,38,16336,998,1789348960.457300
fault_ripple_01,1,abnormal,17,39,16192,997,1789348960.457300
fault_ripple_01,1,abnormal,17,40,16264,1003,1789348960.457300
fault_ripple_01,1,abnormal,17,41,16368,999,1789348960.457300
fault_ripple_01,1,abnormal,17,42,16500,997,1789348960.457300
fault_ripple_01,1,abnormal,17,43,16432,998,1789348960.457300
fault_ripple_01,1,abnormal,17,44,16488,998,1789348960.457300
fault_ripple_01,1,abnormal,17,45,16408,1003,1789348960.457300
fault_ripple_01,1,abnormal,17,46,16480,995,1789348960.457300
fault_ripple_01,1,abnormal,17,47,16404,1000,1789348960.457300
fault_ripple_01,1,abnormal,17,48,16468,1000,1789348960.457300
fault_ripple_01,1,abnormal,17,49,16260,998,1789348960.457300
fault_ripple_01,1,abnormal,17,50,16268,998,1789348960.457300
fault_ripple_01,1,abnormal,17,51,16404,997,1789348960.457300
fault_ripple_01,1,abnormal,17,52,16124,1002,1789348960.457300
fault_ripple_01,1,abnormal,17,53,16152,998,1789348960.457300
fault_ripple_01,1,abnormal,17,54,16364,998,1789348960.457300
fault_ripple_01,1,abnormal,17,55,16468,998,1789348960.457300
fault_ripple_01,1,abnormal,17,56,16312,1004,1789348960.457300
fault_ripple_01,1,abnormal,17,57,16400,995,1789348960.457300
fault_ripple_01,1,abnormal,17,58,16480,1000,1789348960.457300
fault_ripple_01,1,abnormal,17,59,16492,998,1789348960.457300
fault_ripple_01,1,abnormal,17,60,16476,999,1789348960.457300
fault_ripple_01,1,abnormal,17,61,16468,1002,1789348960.457300
fault_ripple_01,1,abnormal,17,62,16304,998,1789348960.457300
fault_ripple_01,1,abnormal,17,63,16372,999,1789348960.457300
fault_ripple_01,1,abnormal,18,0,16432,0,1789348960.841160
fault_ripple_01,1,abnormal,18,1,16508,997,1789348960.841160
fault_ripple_01,1,abnormal,18,2,16340,1000,1789348960.841160
fault_ripple_01,1,abnormal,18,3,16440,1000,1789348960.841160
fault_ripple_01,1,abnormal,18,4,16488,1001,1789348960.841160
fault_ripple_01,1,abnormal,18,5,16504,995,1789348960.841160
fault_ripple_01,1,abnormal,18,6,16212,1003,1789348960.841160
fault_ripple_01,1,abnormal,18,7,16448,998,1789348960.841160
fault_ripple_01,1,abnormal,18,8,16200,998,1789348960.841160
fault_ripple_01,1,abnormal,18,9,16140,999,1789348960.841160
fault_ripple_01,1,abnormal,18,10,16236,998,1789348960.841160
fault_ripple_01,1,abnormal,18,11,16256,999,1789348960.841160
fault_ripple_01,1,abnormal,18,12,16336,997,1789348960.841160
fault_ripple_01,1,abnormal,18,13,16420,1002,1789348960.841160
fault_ripple_01,1,abnormal,18,14,16476,996,1789348960.841160
fault_ripple_01,1,abnormal,18,15,16440,998,1789348960.841160
fault_ripple_01,1,abnormal,18,16,16404,999,1789348960.841160
fault_ripple_01,1,abnormal,18,17,16564,999,1789348960.841160
fault_ripple_01,1,abnormal,18,18,16364,998,1789348960.841160
fault_ripple_01,1,abnormal,18,19,16320,999,1789348960.841160
fault_ripple_01,1,abnormal,18,20,16392,999,1789348960.841160
fault_ripple_01,1,abnormal,18,21,16132,1000,1789348960.841160
fault_ripple_01,1,abnormal,18,22,16204,1000,1789348960.841160
fault_ripple_01,1,abnormal,18,23,16344,1001,1789348960.841160
fault_ripple_01,1,abnormal,18,24,16336,995,1789348960.841160
fault_ripple_01,1,abnormal,18,25,16252,998,1789348960.841160
fault_ripple_01,1,abnormal,18,26,16392,1000,1789348960.841160
fault_ripple_01,1,abnormal,18,27,16424,1000,1789348960.841160
fault_ripple_01,1,abnormal,18,28,16420,999,1789348960.841160
fault_ripple_01,1,abnormal,18,29,16476,998,1789348960.841160
fault_ripple_01,1,abnormal,18,30,16532,1002,1789348960.841160
fault_ripple_01,1,abnormal,18,31,16384,997,1789348960.841160
fault_ripple_01,1,abnormal,18,32,16420,996,1789348960.841160
fault_ripple_01,1,abnormal,18,33,16372,1001,1789348960.841160
fault_ripple_01,1,abnormal,18,34,16072,1003,1789348960.841160
fault_ripple_01,1,abnormal,18,35,16244,993,1789348960.841160
fault_ripple_01,1,abnormal,18,36,16312,1002,1789348960.841160
fault_ripple_01,1,abnormal,18,37,16272,999,1789348960.841160
fault_ripple_01,1,abnormal,18,38,16292,999,1789348960.841160
fault_ripple_01,1,abnormal,18,39,16344,997,1789348960.841160
fault_ripple_01,1,abnormal,18,40,16460,998,1789348960.841160
fault_ripple_01,1,abnormal,18,41,16360,998,1789348960.841160
fault_ripple_01,1,abnormal,18,42,16388,1001,1789348960.841160
fault_ripple_01,1,abnormal,18,43,16448,1001,1789348960.841160
fault_ripple_01,1,abnormal,18,44,16484,998,1789348960.841160
fault_ripple_01,1,abnormal,18,45,16436,999,1789348960.841160
fault_ripple_01,1,abnormal,18,46,16448,1000,1789348960.841160
fault_ripple_01,1,abnormal,18,47,16232,997,1789348960.841160
fault_ripple_01,1,abnormal,18,48,16252,1001,1789348960.841160
fault_ripple_01,1,abnormal,18,49,16320,996,1789348960.841160
fault_ripple_01,1,abnormal,18,50,16228,998,1789348960.841160
fault_ripple_01,1,abnormal,18,51,16196,1001,1789348960.841160
fault_ripple_01,1,abnormal,18,52,16336,1001,1789348960.841160
fault_ripple_01,1,abnormal,18,53,16452,998,1789348960.841160
fault_ripple_01,1,abnormal,18,54,16316,999,1789348960.841160
fault_ripple_01,1,abnormal,18,55,16432,996,1789348960.841160
fault_ripple_01,1,abnormal,18,56,16492,999,1789348960.841160
fault_ripple_01,1,abnormal,18,57,16484,996,1789348960.841160
fault_ripple_01,1,abnormal,18,58,16456,1001,1789348960.841160
fault_ripple_01,1,abnormal,18,59,16532,996,1789348960.841160
fault_ripple_01,1,abnormal,18,60,16140,1003,1789348960.841160
fault_ripple_01,1,abnormal,18,61,16240,998,1789348960.841160
fault_ripple_01,1,abnormal,18,62,16368,1000,1789348960.841160
fault_ripple_01,1,abnormal,18,63,16276,997,1789348960.841160
fault_ripple_01,1,abnormal,19,0,16372,0,1789348961.225420
fault_ripple_01,1,abnormal,19,1,16496,998,1789348961.225420
fault_ripple_01,1,abnormal,19,2,16180,1000,1789348961.225420
fault_ripple_01,1,abnormal,19,3,16212,1002,1789348961.225420
fault_ripple_01,1,abnormal,19,4,16304,996,1789348961.225420
fault_ripple_01,1,abnormal,19,5,16248,999,1789348961.225420
fault_ripple_01,1,abnormal,19,6,16268,1001,1789348961.225420
fault_ripple_01,1,abnormal,19,7,16368,997,1789348961.225420
fault_ripple_01,1,abnormal,19,8,16368,1000,1789348961.225420
fault_ripple_01,1,abnormal,19,9,16348,999,1789348961.225420
fault_ripple_01,1,abnormal,19,10,16456,1000,1789348961.225420
fault_ripple_01,1,abnormal,19,11,16436,995,1789348961.225420
fault_ripple_01,1,abnormal,19,12,16440,1001,1789348961.225420
fault_ripple_01,1,abnormal,19,13,16316,999,1789348961.225420
fault_ripple_01,1,abnormal,19,14,16480,999,1789348961.225420
fault_ripple_01,1,abnormal,19,15,16272,1000,1789348961.225420
fault_ripple_01,1,abnormal,19,16,16288,999,1789348961.225420
fault_ripple_01,1,abnormal,19,17,16320,999,1789348961.225420
fault_ripple_01,1,abnormal,19,18,16228,997,1789348961.225420
fault_ripple_01,1,abnormal,19,19,16268,997,1789348961.225420
fault_ripple_01,1,abnormal,19,20,16404,1000,1789348961.225420
fault_ripple_01,1,abnormal,19,21,16476,998,1789348961.225420
fault_ripple_01,1,abnormal,19,22,16344,999,1789348961.225420
fault_ripple_01,1,abnormal,19,23,16428,1002,1789348961.225420
fault_ripple_01,1,abnormal,19,24,16488,994,1789348961.225420
fault_ripple_01,1,abnormal,19,25,16488,1001,1789348961.225420
fault_ripple_01,1,abnormal,19,26,16344,997,1789348961.225420
fault_ripple_01,1,abnormal,19,27,16520,1003,1789348961.225420
fault_ripple_01,1,abnormal,19,28,16216,995,1789348961.225420
fault_ripple_01,1,abnormal,19,29,16252,1000,1789348961.225420
fault_ripple_01,1,abnormal,19,30,16396,1002,1789348961.225420
fault_ripple_01,1,abnormal,19,31,16200,996,1789348961.225420
fault_ripple_01,1,abnormal,19,32,16204,1000,1789348961.225420
fault_ripple_01,1,abnormal,19,33,16516,996,1789348961.225420
fault_ripple_01,1,abnormal,19,34,16460,1001,1789348961.225420
fault_ripple_01,1,abnormal,19,35,16428,1001,1789348961.225420
fault_ripple_01,1,abnormal,19,36,16468,996,1789348961.225420
fault_ripple_01,1,abnormal,19,37,16560,999,1789348961.225420
fault_ripple_01,1,abnormal,19,38,16492,1000,1789348961.225420
fault_ripple_01,1,abnormal,19,39,16512,1001,1789348961.225420
fault_ripple_01,1,abnormal,19,40,16492,999,1789348961.225420
fault_ripple_01,1,abnormal,19,41,16208,997,1789348961.225420
fault_ripple_01,1,abnormal,19,42,16224,998,1789348961.225420
fault_ripple_01,1,abnormal,19,43,16276,1001,1789348961.225420
fault_ripple_01,1,abnormal,19,44,16244,993,1789348961.225420
fault_ripple_01,1,abnormal,19,45,16180,999,1789348961.225420
fault_ripple_01,1,abnormal,19,46,16284,1002,1789348961.225420
fault_ripple_01,1,abnormal,19,47,16432,999,1789348961.225420
fault_ripple_01,1,abnormal,19,48,16308,999,1789348961.225420
fault_ripple_01,1,abnormal,19,49,16384,995,1789348961.225420
fault_ripple_01,1,abnormal,19,50,16476,999,1789348961.225420
fault_ripple_01,1,abnormal,19,51,16428,1001,1789348961.225420
fault_ripple_01,1,abnormal,19,52,16496,999,1789348961.225420
fault_ripple_01,1,abnormal,19,53,16448,999,1789348961.225420
fault_ripple_01,1,abnormal,19,54,16224,999,1789348961.225420
fault_ripple_01,1,abnormal,19,55,16288,1000,1789348961.225420
fault_ripple_01,1,abnormal,19,56,16288,999,1789348961.225420
fault_ripple_01,1,abnormal,19,57,16228,1000,1789348961.225420
fault_ripple_01,1,abnormal,19,58,16292,998,1789348961.225420
fault_ripple_01,1,abnormal,19,59,16376,998,1789348961.225420
fault_ripple_01,1,abnormal,19,60,16508,1001,1789348961.225420
fault_ripple_01,1,abnormal,19,61,16308,999,1789348961.225420
fault_ripple_01,1,abnormal,19,62,16416,996,1789348961.225420
fault_ripple_01,1,abnormal,19,63,16420,999,1789348961.225420
fault_ripple_01,1,abnormal,20,0,16192,0,1789348961.609488
fault_ripple_01,1,abnormal,20,1,16280,999,1789348961.609488
fault_ripple_01,1,abnormal,20,2,16252,998,1789348961.609488
fault_ripple_01,1,abnormal,20,3,16396,1003,1789348961.609488
fault_ripple_01,1,abnormal,20,4,16308,996,1789348961.609488
fault_ripple_01,1,abnormal,20,5,16476,1000,1789348961.609488
fault_ripple_01,1,abnormal,20,6,16500,998,1789348961.609488
fault_ripple_01,1,abnormal,20,7,16408,1000,1789348961.609488
fault_ripple_01,1,abnormal,20,8,16412,999,1789348961.609488
fault_ripple_01,1,abnormal,20,9,16500,996,1789348961.609488
fault_ripple_01,1,abnormal,20,10,16152,1002,1789348961.609488
fault_ripple_01,1,abnormal,20,11,16216,998,1789348961.609488
fault_ripple_01,1,abnormal,20,12,16364,997,1789348961.609488
fault_ripple_01,1,abnormal,20,13,16164,999,1789348961.609488
fault_ripple_01,1,abnormal,20,14,16232,1000,1789348961.609488
fault_ripple_01,1,abnormal,20,15,16448,1001,1789348961.609488
fault_ripple_01,1,abnormal,20,16,16404,998,1789348961.609488
fault_ripple_01,1,abnormal,20,17,16324,997,1789348961.609488
fault_ripple_01,1,abnormal,20,18,16496,999,1789348961.609488
fault_ripple_01,1,abnormal,20,19,16452,1002,1789348961.609488
fault_ripple_01,1,abnormal,20,20,16508,998,1789348961.609488
fault_ripple_01,1,abnormal,20,21,16396,998,1789348961.609488
fault_ripple_01,1,abnormal,20,22,16496,998,1789348961.609488
fault_ripple_01,1,abnormal,20,23,16252,997,1789348961.609488
fault_ripple_01,1,abnormal,20,24,16196,1003,1789348961.609488
fault_ripple_01,1,abnormal,20,25,16332,995,1789348961.609488
fault_ripple_01,1,abnormal,20,26,16172,1002,1789348961.609488
fault_ripple_01,1,abnormal,20,27,16176,995,1789348961.609488
fault_ripple_01,1,abnormal,20,28,16328,1001,1789348961.609488
fault_ripple_01,1,abnormal,20,29,16420,997,1789348961.609488
fault_ripple_01,1,abnormal,20,30,16316,1003,1789348961.609488
fault_ripple_01,1,abnormal,20,31,16536,994,1789348961.609488
fault_ripple_01,1,abnormal,20,32,16532,1002,1789348961.609488
fault_ripple_01,1,abnormal,20,33,16508,997,1789348961.609488
fault_ripple_01,1,abnormal,20,34,16240,998,1789348961.609488
fault_ripple_01,1,abnormal,20,35,16376,1000,1789348961.609488
fault_ripple_01,1,abnormal,20,36,16292,999,1789348961.609488
fault_ripple_01,1,abnormal,20,37,16224,1000,1789348961.609488
fault_ripple_01,1,abnormal,20,38,16376,1000,1789348961.609488
fault_ripple_01,1,abnormal,20,39,16192,995,1789348961.609488
fault_ripple_01,1,abnormal,20,40,16248,998,1789348961.609488
fault_ripple_01,1,abnormal,20,41,16336,1002,1789348961.609488
fault_ripple_01,1,abnormal,20,42,16540,999,1789348961.609488
fault_ripple_01,1,abnormal,20,43,16384,1000,1789348961.609488
fault_ripple_01,1,abnormal,20,44,16516,996,1789348961.609488
fault_ripple_01,1,abnormal,20,45,16412,998,1789348961.609488
fault_ripple_01,1,abnormal,20,46,16400,1001,1789348961.609488
fault_ripple_01,1,abnormal,20,47,16372,1000,1789348961.609488
fault_ripple_01,1,abnormal,20,48,16396,1000,1789348961.609488
fault_ripple_01,1,abnormal,20,49,16244,995,1789348961.609488
fault_ripple_01,1,abnormal,20,50,16192,999,1789348961.609488
fault_ripple_01,1,abnormal,20,51,16344,998,1789348961.609488
fault_ripple_01,1,abnormal,20,52,16132,1000,1789348961.609488
fault_ripple_01,1,abnormal,20,53,16296,998,1789348961.609488
fault_ripple_01,1,abnormal,20,54,16400,1002,1789348961.609488
fault_ripple_01,1,abnormal,20,55,16392,996,1789348961.609488
fault_ripple_01,1,abnormal,20,56,16412,1002,1789348961.609488
fault_ripple_01,1,abnormal,20,57,16524,999,1789348961.609488
fault_ripple_01,1,abnormal,20,58,16464,996,1789348961.609488
fault_ripple_01,1,abnormal,20,59,16464,997,1789348961.609488
fault_ripple_01,1,abnormal,20,60,16408,999,1789348961.609488
fault_ripple_01,1,abnormal,20,61,16408,1001,1789348961.609488
fault_ripple_01,1,abnormal,20,62,16216,997,1789348961.609488
fault_ripple_01,1,abnormal,20,63,16140,1000,1789348961.609488
fault_ripple_01,1,abnormal,21,0,16552,0,1789348961.993430
fault_ripple_01,1,abnormal,21,1,16524,997,1789348961.993430
fault_ripple_01,1,abnormal,21,2,16432,1000,1789348961.993430
fault_ripple_01,1,abnormal,21,3,16360,997,1789348961.993430
fault_ripple_01,1,abnormal,21,4,16400,1002,1789348961.993430
fault_ripple_01,1,abnormal,21,5,16296,998,1789348961.993430
fault_ripple_01,1,abnormal,21,6,16168,996,1789348961.993430
fault_ripple_01,1,abnormal,21,7,16336,1000,1789348961.993430
fault_ripple_01,1,abnormal,21,8,16248,1001,1789348961.993430
fault_ripple_01,1,abnormal,21,9,16284,999,1789348961.993430
fault_ripple_01,1,abnormal,21,10,16272,995,1789348961.993430
fault_ripple_01,1,abnormal,21,11,16424,997,1789348961.993430
fault_ripple_01,1,abnormal,21,12,16372,999,1789348961.993430
fault_ripple_01,1,abnormal,21,13,16588,1001,1789348961.993430
fault_ripple_01,1,abnormal,21,14,16468,997,1789348961.993430
fault_ripple_01,1,abnormal,21,15,16368,999,1789348961.993430
fault_ripple_01,1,abnormal,21,16,16316,999,1789348961.993430
fault_ripple_01,1,abnormal,21,17,16380,1000,1789348961.993430
fault_ripple_01,1,abnormal,21,18,16332,1000,1789348961.993430
fault_ripple_01,1,abnormal,21,19,16200,999,1789348961.993430
fault_ripple_01,1,abnormal,21,20,16208,1001,1789348961.993430
fault_ripple_01,1,abnormal,21,21,16216,996,1789348961.993430
fault_ripple_01,1,abnormal,21,22,16240,1002,1789348961.993430
fault_ripple_01,1,abnormal,21,23,16376,996,1789348961.993430
fault_ripple_01,1,abnormal,21,24,16500,1001,1789348961.993430
fault_ripple_01,1,abnormal,21,25,16380,997,1789348961.993430
fault_ripple_01,1,abnormal,21,26,16500,998,1789348961.993430
fault_ripple_01,1,abnormal,21,27,16480,1002,1789348961.993430
fault_ripple_01,1,abnormal,21,28,16420,995,1789348961.993430
fault_ripple_01,1,abnormal,21,29,16240,999,1789348961.993430
fault_ripple_01,1,abnormal,21,30,16496,1001,1789348961.993430
fault_ripple_01,1,abnormal,21,31,16208,997,1789348961.993430
fault_ripple_01,1,abnormal,21,32,16164,1001,1789348961.993430
fault_ripple_01,1,abnormal,21,33,16452,995,1789348961.993430
fault_ripple_01,1,abnormal,21,34,16232,1001,1789348961.993430
fault_ripple_01,1,abnormal,21,35,16204,1000,1789348961.993430
fault_ripple_01,1,abnormal,21,36,16392,999,1789348961.993430
fault_ripple_01,1,abnormal,21,37,16416,994,1789348961.993430
fault_ripple_01,1,abnormal,21,38,16396,1002,1789348961.993430
fault_ripple_01,1,abnormal,21,39,16472,1001,1789348961.993430
fault_ripple_01,1,abnormal,21,40,16488,999,1789348961.993430
fault_ripple_01,1,abnormal,21,41,16448,998,1789348961.993430
fault_ripple_01,1,abnormal,21,42,16372,999,1789348961.993430
fault_ripple_01,1,abnormal,21,43,16444,995,1789348961.993430
fault_ripple_01,1,abnormal,21,44,16112,999,1789348961.993430
fault_ripple_01,1,abnormal,21,45,16180,999,1789348961.993430
fault_ripple_01,1,abnormal,21,46,16380,1001,1789348961.993430
fault_ripple_01,1,abnormal,21,47,16260,1000,1789348961.993430
fault_ripple_01,1,abnormal,21,48,16212,995,1789348961.993430
fault_ripple_01,1,abnormal,21,49,16440,998,1789348961.993430
fault_ripple_01,1,abnormal,21,50,16436,1001,1789348961.993430
fault_ripple_01,1,abnormal,21,51,16228,999,1789348961.993430
fault_ripple_01,1,abnormal,21,52,16504,999,1789348961.993430
fault_ripple_01,1,abnormal,21,53,16380,999,1789348961.993430
fault_ripple_01,1,abnormal,21,54,16408,997,1789348961.993430
fault_ripple_01,1,abnormal,21,55,16356,999,1789348961.993430
fault_ripple_01,1,abnormal,21,56,16460,1000,1789348961.993430
fault_ripple_01,1,abnormal,21,57,16212,1001,1789348961.993430
fault_ripple_01,1,abnormal,21,58,16248,998,1789348961.993430
fault_ripple_01,1,abnormal,21,59,16300,998,1789348961.993430
fault_ripple_01,1,abnormal,21,60,16300,998,1789348961.993430
fault_ripple_01,1,abnormal,21,61,16320,998,1789348961.993430
fault_ripple_01,1,abnormal,21,62,16372,999,1789348961.993430
fault_ripple_01,1,abnormal,21,63,16496,999,1789348961.993430
fault_ripple_01,1,abnormal,22,0,16208,0,1789348962.377456
fault_ripple_01,1,abnormal,22,1,16256,998,1789348962.377456
fault_ripple_01,1,abnormal,22,2,16268,1001,1789348962.377456
fault_ripple_01,1,abnormal,22,3,16120,998,1789348962.377456
fault_ripple_01,1,abnormal,22,4,16244,998,1789348962.377456
fault_ripple_01,1,abnormal,22,5,16360,1002,1789348962.377456
fault_ripple_01,1,abnormal,22,6,16448,1000,1789348962.377456
fault_ripple_01,1,abnormal,22,7,16292,998,1789348962.377456
fault_ripple_01,1,abnormal,22,8,16388,998,1789348962.377456
fault_ripple_01,1,abnormal,22,9,16492,998,1789348962.377456
fault_ripple_01,1,abnormal,22,10,16528,1002,1789348962.377456
fault_ripple_01,1,abnormal,22,11,16364,996,1789348962.377456
fault_ripple_01,1,abnormal,22,12,16424,1001,1789348962.377456
fault_ripple_01,1,abnormal,22,13,16228,999,1789348962.377456
fault_ripple_01,1,abnormal,22,14,16244,999,1789348962.377456
fault_ripple_01,1,abnormal,22,15,16368,998,1789348962.377456
fault_ripple_01,1,abnormal,22,16,16148,995,1789348962.377456
fault_ripple_01,1,abnormal,22,17,16192,1000,1789348962.377456
fault_ripple_01,1,abnormal,22,18,16304,1000,1789348962.377456
fault_ripple_01,1,abnormal,22,19,16516,997,1789348962.377456
fault_ripple_01,1,abnormal,22,20,16348,1000,1789348962.377456
fault_ripple_01,1,abnormal,22,21,16412,998,1789348962.377456
fault_ripple_01,1,abnormal,22,22,16392,1000,1789348962.377456
fault_ripple_01,1,abnormal,22,23,16448,998,1789348962.377456
fault_ripple_01,1,abnormal,22,24,16440,1002,1789348962.377456
fault_ripple_01,1,abnormal,22,25,16360,996,1789348962.377456
fault_ripple_01,1,abnormal,22,26,16156,999,1789348962.377456
fault_ripple_01,1,abnormal,22,27,16196,1002,1789348962.377456
fault_ripple_01,1,abnormal,22,28,16368,998,1789348962.377456
fault_ripple_01,1,abnormal,22,29,16280,995,1789348962.377456
fault_ripple_01,1,abnormal,22,30,16316,999,1789348962.377456
fault_ripple_01,1,abnormal,22,31,16428,998,1789348962.377456
fault_ripple_01,1,abnormal,22,32,16400,998,1789348962.377456
fault_ripple_01,1,abnormal,22,33,16376,998,1789348962.377456
fault_ripple_01,1,abnormal,22,34,16428,998,1789348962.377456
fault_ripple_01,1,abnormal,22,35,16504,1001,1789348962.377456
fault_ripple_01,1,abnormal,22,36,16384,1001,1789348962.377456
fault_ripple_01,1,abnormal,22,37,16348,996,1789348962.377456
fault_ripple_01,1,abnormal,22,38,16404,1000,1789348962.377456
fault_ripple_01,1,abnormal,22,39,16180,998,1789348962.377456
fault_ripple_01,1,abnormal,22,40,16284,999,1789348962.377456
fault_ripple_01,1,abnormal,22,41,16376,999,1789348962.377456
fault_ripple_01,1,abnormal,22,42,16164,1001,1789348962.377456
fault_ripple_01,1,abnormal,22,43,16252,999,1789348962.377456
fault_ripple_01,1,abnormal,22,44,16364,998,1789348962.377456
fault_ripple_01,1,abnormal,22,45,16496,1000,1789348962.377456
fault_ripple_01,1,abnormal,22,46,16404,999,1789348962.377456
fault_ripple_01,1,abnormal,22,47,16392,998,1789348962.377456
fault_ripple_01,1,abnormal,22,48,16464,998,1789348962.377456
fault_ripple_01,1,abnormal,22,49,16476,999,1789348962.377456
fault_ripple_01,1,abnormal,22,50,16468,1000,1789348962.377456
fault_ripple_01,1,abnormal,22,51,16344,996,1789348962.377456
fault_ripple_01,1,abnormal,22,52,16140,1003,1789348962.377456
fault_ripple_01,1,abnormal,22,53,16320,999,1789348962.377456
fault_ripple_01,1,abnormal,22,54,16328,998,1789348962.377456
fault_ripple_01,1,abnormal,22,55,16200,999,1789348962.377456
fault_ripple_01,1,abnormal,22,56,16208,999,1789348962.377456
fault_ripple_01,1,abnormal,22,57,16316,1000,1789348962.377456
fault_ripple_01,1,abnormal,22,58,16416,996,1789348962.377456
fault_ripple_01,1,abnormal,22,59,16400,1000,1789348962.377456
fault_ripple_01,1,abnormal,22,60,16468,996,1789348962.377456
fault_ripple_01,1,abnormal,22,61,16400,999,1789348962.377456
fault_ripple_01,1,abnormal,22,62,16460,1001,1789348962.377456
fault_ripple_01,1,abnormal,22,63,16404,998,1789348962.377456
fault_ripple_01,1,abnormal,23,0,16364,0,1789348962.761353
fault_ripple_01,1,abnormal,23,1,16492,999,1789348962.761353
fault_ripple_01,1,abnormal,23,2,16436,999,1789348962.761353
fault_ripple_01,1,abnormal,23,3,16476,995,1789348962.761353
fault_ripple_01,1,abnormal,23,4,16536,1001,1789348962.761353
fault_ripple_01,1,abnormal,23,5,16372,1000,1789348962.761353
fault_ripple_01,1,abnormal,23,6,16380,994,1789348962.761353
fault_ripple_01,1,abnormal,23,7,16456,1005,1789348962.761353
fault_ripple_01,1,abnormal,23,8,16256,994,1789348962.761353
fault_ripple_01,1,abnormal,23,9,16152,999,1789348962.761353
fault_ripple_01,1,abnormal,23,10,16252,999,1789348962.761353
fault_ripple_01,1,abnormal,23,11,16248,1002,1789348962.761353
fault_ripple_01,1,abnormal,23,12,16288,999,1789348962.761353
fault_ripple_01,1,abnormal,23,13,16392,998,1789348962.761353
fault_ripple_01,1,abnormal,23,14,16388,995,1789348962.761353
fault_ripple_01,1,abnormal,23,15,16380,1001,1789348962.761353
fault_ripple_01,1,abnormal,23,16,16444,1001,1789348962.761353
fault_ripple_01,1,abnormal,23,17,16416,998,1789348962.761353
fault_ripple_01,1,abnormal,23,18,16488,997,1789348962.761353
fault_ripple_01,1,abnormal,23,19,16356,999,1789348962.761353
fault_ripple_01,1,abnormal,23,20,16364,1000,1789348962.761353
fault_ripple_01,1,abnormal,23,21,16332,997,1789348962.761353
fault_ripple_01,1,abnormal,23,22,16116,1001,1789348962.761353
fault_ripple_01,1,abnormal,23,23,16332,999,1789348962.761353
fault_ripple_01,1,abnormal,23,24,16168,997,1789348962.761353
fault_ripple_01,1,abnormal,23,25,16256,997,1789348962.761353
fault_ripple_01,1,abnormal,23,26,16444,1001,1789348962.761353
fault_ripple_01,1,abnormal,23,27,16500,999,1789348962.761353
fault_ripple_01,1,abnormal,23,28,16348,999,1789348962.761353
fault_ripple_01,1,abnormal,23,29,16468,998,1789348962.761353
fault_ripple_01,1,abnormal,23,30,16448,998,1789348962.761353
fault_ripple_01,1,abnormal,23,31,16548,999,1789348962.761353
fault_ripple_01,1,abnormal,23,32,16368,1000,1789348962.761353
fault_ripple_01,1,abnormal,23,33,16420,998,1789348962.761353
fault_ripple_01,1,abnormal,23,34,16316,1002,1789348962.761353
fault_ripple_01,1,abnormal,23,35,16168,998,1789348962.761353
fault_ripple_01,1,abnormal,23,36,16324,1000,1789348962.761353
fault_ripple_01,1,abnormal,23,37,16068,998,1789348962.761353
fault_ripple_01,1,abnormal,23,38,16128,995,1789348962.761353
fault_ripple_01,1,abnormal,23,39,16464,1001,1789348962.761353
fault_ripple_01,1,abnormal,23,40,16412,1002,1789348962.761353
fault_ripple_01,1,abnormal,23,41,16360,996,1789348962.761353
fault_ripple_01,1,abnormal,23,42,16396,1002,1789348962.761353
fault_ripple_01,1,abnormal,23,43,16452,996,1789348962.761353
fault_ripple_01,1,abnormal,23,44,16460,1001,1789348962.761353
fault_ripple_01,1,abnormal,23,45,16408,997,1789348962.761353
fault_ripple_01,1,abnormal,23,46,16384,1001,1789348962.761353
fault_ripple_01,1,abnormal,23,47,16308,996,1789348962.761353
fault_ripple_01,1,abnormal,23,48,16244,999,1789348962.761353
fault_ripple_01,1,abnormal,23,49,16356,1000,1789348962.761353
fault_ripple_01,1,abnormal,23,50,16148,996,1789348962.761353
fault_ripple_01,1,abnormal,23,51,16260,1001,1789348962.761353
fault_ripple_01,1,abnormal,23,52,16416,998,1789348962.761353
fault_ripple_01,1,abnormal,23,53,16400,999,1789348962.761353
fault_ripple_01,1,abnormal,23,54,16300,999,1789348962.761353
fault_ripple_01,1,abnormal,23,55,16456,997,1789348962.761353
fault_ripple_01,1,abnormal,23,56,16460,1000,1789348962.761353
fault_ripple_01,1,abnormal,23,57,16460,1000,1789348962.761353
fault_ripple_01,1,abnormal,23,58,16344,996,1789348962.761353
fault_ripple_01,1,abnormal,23,59,16460,1003,1789348962.761353
fault_ripple_01,1,abnormal,23,60,16188,994,1789348962.761353
fault_ripple_01,1,abnormal,23,61,16276,999,1789348962.761353
fault_ripple_01,1,abnormal,23,62,16336,1002,1789348962.761353
fault_ripple_01,1,abnormal,23,63,16144,996,1789348962.761353
fault_ripple_01,1,abnormal,24,0,16436,0,1789348963.145373
fault_ripple_01,1,abnormal,24,1,16356,998,1789348963.145373
fault_ripple_01,1,abnormal,24,2,16484,997,1789348963.145373
fault_ripple_01,1,abnormal,24,3,16272,1000,1789348963.145373
fault_ripple_01,1,abnormal,24,4,16272,999,1789348963.145373
fault_ripple_01,1,abnormal,24,5,16392,998,1789348963.145373
fault_ripple_01,1,abnormal,24,6,16056,1000,1789348963.145373
fault_ripple_01,1,abnormal,24,7,16280,998,1789348963.145373
fault_ripple_01,1,abnormal,24,8,16452,997,1789348963.145373
fault_ripple_01,1,abnormal,24,9,16392,1004,1789348963.145373
fault_ripple_01,1,abnormal,24,10,16340,997,1789348963.145373
fault_ripple_01,1,abnormal,24,11,16372,997,1789348963.145373
fault_ripple_01,1,abnormal,24,12,16464,1002,1789348963.145373
fault_ripple_01,1,abnormal,24,13,16444,996,1789348963.145373
fault_ripple_01,1,abnormal,24,14,16436,997,1789348963.145373
fault_ripple_01,1,abnormal,24,15,16440,1001,1789348963.145373
fault_ripple_01,1,abnormal,24,16,16344,998,1789348963.145373
fault_ripple_01,1,abnormal,24,17,16260,1000,1789348963.145373
fault_ripple_01,1,abnormal,24,18,16380,1002,1789348963.145373
fault_ripple_01,1,abnormal,24,19,16212,996,1789348963.145373
fault_ripple_01,1,abnormal,24,20,16148,1001,1789348963.145373
fault_ripple_01,1,abnormal,24,21,16344,998,1789348963.145373
fault_ripple_01,1,abnormal,24,22,16352,999,1789348963.145373
fault_ripple_01,1,abnormal,24,23,16336,994,1789348963.145373
fault_ripple_01,1,abnormal,24,24,16420,999,1789348963.145373
fault_ripple_01,1,abnormal,24,25,16496,1002,1789348963.145373
fault_ripple_01,1,abnormal,24,26,16444,1000,1789348963.145373
fault_ripple_01,1,abnormal,24,27,16376,997,1789348963.145373
fault_ripple_01,1,abnormal,24,28,16508,997,1789348963.145373
fault_ripple_01,1,abnormal,24,29,16440,1001,1789348963.145373
fault_ripple_01,1,abnormal,24,30,16312,999,1789348963.145373
fault_ripple_01,1,abnormal,24,31,16380,997,1789348963.145373
fault_ripple_01,1,abnormal,24,32,16156,997,1789348963.145373
fault_ripple_01,1,abnormal,24,33,16276,1004,1789348963.145373
fault_ripple_01,1,abnormal,24,34,16336,998,1789348963.145373
fault_ripple_01,1,abnormal,24,35,16148,998,1789348963.145373
fault_ripple_01,1,abnormal,24,36,16324,996,1789348963.145373
fault_ripple_01,1,abnormal,24,37,16448,1000,1789348963.145373
fault_ripple_01,1,abnormal,24,38,16516,998,1789348963.145373
fault_ripple_01,1,abnormal,24,39,16512,999,1789348963.145373
fault_ripple_01,1,abnormal,24,40,16400,1002,1789348963.145373
fault_ripple_01,1,abnormal,24,41,16564,999,1789348963.145373
fault_ripple_01,1,abnormal,24,42,16432,996,1789348963.145373
fault_ripple_01,1,abnormal,24,43,16324,1001,1789348963.145373
fault_ripple_01,1,abnormal,24,44,16412,996,1789348963.145373
fault_ripple_01,1,abnormal,24,45,16156,999,1789348963.145373
fault_ripple_01,1,abnormal,24,46,16224,999,1789348963.145373
fault_ripple_01,1,abnormal,24,47,16320,1000,1789348963.145373
fault_ripple_01,1,abnormal,24,48,16388,997,1789348963.145373
fault_ripple_01,1,abnormal,24,49,16244,998,1789348963.145373
fault_ripple_01,1,abnormal,24,50,16400,1001,1789348963.145373
fault_ripple_01,1,abnormal,24,51,16476,1000,1789348963.145373
fault_ripple_01,1,abnormal,24,52,16380,999,1789348963.145373
fault_ripple_01,1,abnormal,24,53,16444,995,1789348963.145373
fault_ripple_01,1,abnormal,24,54,16568,1004,1789348963.145373
fault_ripple_01,1,abnormal,24,55,16392,997,1789348963.145373
fault_ripple_01,1,abnormal,24,56,16372,1001,1789348963.145373
fault_ripple_01,1,abnormal,24,57,16344,996,1789348963.145373
fault_ripple_01,1,abnormal,24,58,16184,1001,1789348963.145373
fault_ripple_01,1,abnormal,24,59,16300,1000,1789348963.145373
fault_ripple_01,1,abnormal,24,60,16372,997,1789348963.145373
fault_ripple_01,1,abnormal,24,61,16224,998,1789348963.145373
fault_ripple_01,1,abnormal,24,62,16284,999,1789348963.145373
fault_ripple_01,1,abnormal,24,63,16300,999,1789348963.145373
fault_ripple_01,1,abnormal,25,0,16484,0,1789348963.529465
fault_ripple_01,1,abnormal,25,1,16244,998,1789348963.529465
fault_ripple_01,1,abnormal,25,2,16164,1000,1789348963.529465
fault_ripple_01,1,abnormal,25,3,16400,999,1789348963.529465
fault_ripple_01,1,abnormal,25,4,16092,1000,1789348963.529465
fault_ripple_01,1,abnormal,25,5,16280,994,1789348963.529465
fault_ripple_01,1,abnormal,25,6,16396,999,1789348963.529465
fault_ripple_01,1,abnormal,25,7,16444,999,1789348963.529465
fault_ripple_01,1,abnormal,25,8,16368,999,1789348963.529465
fault_ripple_01,1,abnormal,25,9,16468,1003,1789348963.529465
fault_ripple_01,1,abnormal,25,10,16484,995,1789348963.529465
fault_ripple_01,1,abnormal,25,11,16428,999,1789348963.529465
fault_ripple_01,1,abnormal,25,12,16276,1000,1789348963.529465
fault_ripple_01,1,abnormal,25,13,16424,999,1789348963.529465
fault_ripple_01,1,abnormal,25,14,16276,1000,1789348963.529465
fault_ripple_01,1,abnormal,25,15,16140,996,1789348963.529465
fault_ripple_01,1,abnormal,25,16,16404,998,1789348963.529465
fault_ripple_01,1,abnormal,25,17,16232,1003,1789348963.529465
fault_ripple_01,1,abnormal,25,18,16228,996,1789348963.529465
fault_ripple_01,1,abnormal,25,19,16368,999,1789348963.529465
fault_ripple_01,1,abnormal,25,20,16468,1002,1789348963.529465
fault_ripple_01,1,abnormal,25,21,16428,994,1789348963.529465
fault_ripple_01,1,abnormal,25,22,16568,1000,1789348963.529465
fault_ripple_01,1,abnormal,25,23,16540,1002,1789348963.529465
fault_ripple_01,1,abnormal,25,24,16400,998,1789348963.529465
fault_ripple_01,1,abnormal,25,25,16300,999,1789348963.529465
fault_ripple_01,1,abnormal,25,26,16492,996,1789348963.529465
fault_ripple_01,1,abnormal,25,27,16344,998,1789348963.529465
fault_ripple_01,1,abnormal,25,28,16236,1001,1789348963.529465
fault_ripple_01,1,abnormal,25,29,16388,998,1789348963.529465
fault_ripple_01,1,abnormal,25,30,16204,998,1789348963.529465
fault_ripple_01,1,abnormal,25,31,16276,1002,1789348963.529465
fault_ripple_01,1,abnormal,25,32,16396,998,1789348963.529465
fault_ripple_01,1,abnormal,25,33,16440,1000,1789348963.529465
fault_ripple_01,1,abnormal,25,34,16372,1000,1789348963.529465
fault_ripple_01,1,abnormal,25,35,16524,993,1789348963.529465
fault_ripple_01,1,abnormal,25,36,16436,1000,1789348963.529465
fault_ripple_01,1,abnormal,25,37,16472,1000,1789348963.529465
fault_ripple_01,1,abnormal,25,38,16340,997,1789348963.529465
fault_ripple_01,1,abnormal,25,39,16460,1000,1789348963.529465
fault_ripple_01,1,abnormal,25,40,16272,1001,1789348963.529465
fault_ripple_01,1,abnormal,25,41,16204,996,1789348963.529465
fault_ripple_01,1,abnormal,25,42,16236,1002,1789348963.529465
fault_ripple_01,1,abnormal,25,43,16124,999,1789348963.529465
fault_ripple_01,1,abnormal,25,44,16160,996,1789348963.529465
fault_ripple_01,1,abnormal,25,45,16364,999,1789348963.529465
fault_ripple_01,1,abnormal,25,46,16500,1003,1789348963.529465
fault_ripple_01,1,abnormal,25,47,16428,998,1789348963.529465
fault_ripple_01,1,abnormal,25,48,16500,994,1789348963.529465
fault_ripple_01,1,abnormal,25,49,16456,999,1789348963.529465
fault_ripple_01,1,abnormal,25,50,16536,1000,1789348963.529465
fault_ripple_01,1,abnormal,25,51,16344,998,1789348963.529465
fault_ripple_01,1,abnormal,25,52,16384,1004,1789348963.529465
fault_ripple_01,1,abnormal,25,53,16344,995,1789348963.529465
fault_ripple_01,1,abnormal,25,54,16272,1002,1789348963.529465
fault_ripple_01,1,abnormal,25,55,16360,996,1789348963.529465
fault_ripple_01,1,abnormal,25,56,16060,1000,1789348963.529465
fault_ripple_01,1,abnormal,25,57,16224,1000,1789348963.529465
fault_ripple_01,1,abnormal,25,58,16360,996,1789348963.529465
fault_ripple_01,1,abnormal,25,59,16444,1002,1789348963.529465
fault_ripple_01,1,abnormal,25,60,16336,998,1789348963.529465
fault_ripple_01,1,abnormal,25,61,16532,998,1789348963.529465
fault_ripple_01,1,abnormal,25,62,16564,998,1789348963.529465
fault_ripple_01,1,abnormal,25,63,16360,1002,1789348963.529465
fault_ripple_01,1,abnormal,26,0,16104,0,1789348963.913168
fault_ripple_01,1,abnormal,26,1,16320,998,1789348963.913168
fault_ripple_01,1,abnormal,26,2,16180,1001,1789348963.913168
fault_ripple_01,1,abnormal,26,3,16320,1000,1789348963.913168
fault_ripple_01,1,abnormal,26,4,16368,995,1789348963.913168
fault_ripple_01,1,abnormal,26,5,16496,1000,1789348963.913168
fault_ripple_01,1,abnormal,26,6,16404,997,1789348963.913168
fault_ripple_01,1,abnormal,26,7,16388,1001,1789348963.913168
fault_ripple_01,1,abnormal,26,8,16540,999,1789348963.913168
fault_ripple_01,1,abnormal,26,9,16464,1000,1789348963.913168
fault_ripple_01,1,abnormal,26,10,16484,996,1789348963.913168
fault_ripple_01,1,abnormal,26,11,16388,1001,1789348963.913168
fault_ripple_01,1,abnormal,26,12,16192,996,1789348963.913168
fault_ripple_01,1,abnormal,26,13,16212,997,1789348963.913168
fault_ripple_01,1,abnormal,26,14,16436,1001,1789348963.913168
fault_ripple_01,1,abnormal,26,15,16256,998,1789348963.913168
fault_ripple_01,1,abnormal,26,16,16216,1001,1789348963.913168
fault_ripple_01,1,abnormal,26,17,16316,1000,1789348963.913168
fault_ripple_01,1,abnormal,26,18,16460,994,1789348963.913168
fault_ripple_01,1,abnormal,26,19,16452,1001,1789348963.913168
fault_ripple_01,1,abnormal,26,20,16444,996,1789348963.913168
fault_ripple_01,1,abnormal,26,21,16488,1004,1789348963.913168
fault_ripple_01,1,abnormal,26,22,16432,995,1789348963.913168
fault_ripple_01,1,abnormal,26,23,16312,1002,1789348963.913168
fault_ripple_01,1,abnormal,26,24,16444,994,1789348963.913168
fault_ripple_01,1,abnormal,26,25,16296,1002,1789348963.913168
fault_ripple_01,1,abnormal,26,26,16248,1000,1789348963.913168
fault_ripple_01,1,abnormal,26,27,16432,996,1789348963.913168
fault_ripple_01,1,abnormal,26,28,16316,1002,1789348963.913168
fault_ripple_01,1,abnormal,26,29,16312,998,1789348963.913168
fault_ripple_01,1,abnormal,26,30,16404,998,1789348963.913168
fault_ripple_01,1,abnormal,26,31,16372,1000,1789348963.913168
fault_ripple_01,1,abnormal,26,32,16432,997,1789348963.913168
fault_ripple_01,1,abnormal,26,33,16364,1000,1789348963.913168
fault_ripple_01,1,abnormal,26,34,16480,1000,1789348963.913168
fault_ripple_01,1,abnormal,26,35,16352,997,1789348963.913168
fault_ripple_01,1,abnormal,26,36,16384,1001,1789348963.913168
fault_ripple_01,1,abnormal,26,37,16472,999,1789348963.913168
fault_ripple_01,1,abnormal,26,38,16220,999,1789348963.913168
fault_ripple_01,1,abnormal,26,39,16260,994,1789348963.913168
fault_ripple_01,1,abnormal,26,40,16296,1003,1789348963.913168
fault_ripple_01,1,abnormal,26,41,16228,996,1789348963.913168
fault_ripple_01,1,abnormal,26,42,16244,999,1789348963.913168
fault_ripple_01,1,abnormal,26,43,16384,998,1789348963.913168
fault_ripple_01,1,abnormal,26,44,16516,1002,1789348963.913168
fault_ripple_01,1,abnormal,26,45,16440,997,1789348963.913168
fault_ripple_01,1,abnormal,26,46,16404,1001,1789348963.913168
fault_ripple_01,1,abnormal,26,47,16468,1000,1789348963.913168
fault_ripple_01,1,abnormal,26,48,16420,994,1789348963.913168
fault_ripple_01,1,abnormal,26,49,16504,1003,1789348963.913168
fault_ripple_01,1,abnormal,26,50,16452,998,1789348963.913168
fault_ripple_01,1,abnormal,26,51,16200,998,1789348963.913168
fault_ripple_01,1,abnormal,26,52,16248,999,1789348963.913168
fault_ripple_01,1,abnormal,26,53,16404,996,1789348963.913168
fault_ripple_01,1,abnormal,26,54,16184,999,1789348963.913168
fault_ripple_01,1,abnormal,26,55,16212,999,1789348963.913168
fault_ripple_01,1,abnormal,26,56,16380,1003,1789348963.913168
fault_ripple_01,1,abnormal,26,57,16576,998,1789348963.913168
fault_ripple_01,1,abnormal,26,58,16360,999,1789348963.913168
fault_ripple_01,1,abnormal,26,59,16500,999,1789348963.913168
fault_ripple_01,1,abnormal,26,60,16488,999,1789348963.913168
fault_ripple_01,1,abnormal,26,61,16368,999,1789348963.913168
fault_ripple_01,1,abnormal,26,62,16404,996,1789348963.913168
fault_ripple_01,1,abnormal,26,63,16388,1000,1789348963.913168
fault_ripple_01,1,abnormal,27,0,16488,0,1789348964.297260
fault_ripple_01,1,abnormal,27,1,16364,997,1789348964.297260
fault_ripple_01,1,abnormal,27,2,16440,1000,1789348964.297260
fault_ripple_01,1,abnormal,27,3,16496,998,1789348964.297260
fault_ripple_01,1,abnormal,27,4,16440,1001,1789348964.297260
fault_ripple_01,1,abnormal,27,5,16432,999,1789348964.297260
fault_ripple_01,1,abnormal,27,6,16420,998,1789348964.297260
fault_ripple_01,1,abnormal,27,7,16224,998,1789348964.297260
fault_ripple_01,1,abnormal,27,8,16152,997,1789348964.297260
fault_ripple_01,1,abnormal,27,9,16344,1001,1789348964.297260
fault_ripple_01,1,abnormal,27,10,16228,998,1789348964.297260
fault_ripple_01,1,abnormal,27,11,16248,1000,1789348964.297260
fault_ripple_01,1,abnormal,27,12,16452,999,1789348964.297260
fault_ripple_01,1,abnormal,27,13,16432,998,1789348964.297260
fault_ripple_01,1,abnormal,27,14,16368,998,1789348964.297260
fault_ripple_01,1,abnormal,27,15,16468,999,1789348964.297260
fault_ripple_01,1,abnormal,27,16,16332,1000,1789348964.297260
fault_ripple_01,1,abnormal,27,17,16444,995,1789348964.297260
fault_ripple_01,1,abnormal,27,18,16404,1004,1789348964.297260
fault_ripple_01,1,abnormal,27,19,16584,994,1789348964.297260
fault_ripple_01,1,abnormal,27,20,16284,1001,1789348964.297260
fault_ripple_01,1,abnormal,27,21,16240,1001,1789348964.297260
fault_ripple_01,1,abnormal,27,22,16224,1000,1789348964.297260
fault_ripple_01,1,abnormal,27,23,16148,994,1789348964.297260
fault_ripple_01,1,abnormal,27,24,16240,1002,1789348964.297260
fault_ripple_01,1,abnormal,27,25,16368,997,1789348964.297260
fault_ripple_01,1,abnormal,27,26,16400,997,1789348964.297260
fault_ripple_01,1,abnormal,27,27,16420,1000,1789348964.297260
fault_ripple_01,1,abnormal,27,28,16420,1000,1789348964.297260
fault_ripple_01,1,abnormal,27,29,16488,998,1789348964.297260
fault_ripple_01,1,abnormal,27,30,16520,999,1789348964.297260
fault_ripple_01,1,abnormal,27,31,16440,998,1789348964.297260
fault_ripple_01,1,abnormal,27,32,16400,1001,1789348964.297260
fault_ripple_01,1,abnormal,27,33,16320,1000,1789348964.297260
fault_ripple_01,1,abnormal,27,34,16332,995,1789348964.297260
fault_ripple_01,1,abnormal,27,35,16372,1000,1789348964.297260
fault_ripple_01,1,abnormal,27,36,16148,998,1789348964.297260
fault_ripple_01,1,abnormal,27,37,16276,1002,1789348964.297260
fault_ripple_01,1,abnormal,27,38,16348,1001,1789348964.297260
fault_ripple_01,1,abnormal,27,39,16372,998,1789348964.297260
fault_ripple_01,1,abnormal,27,40,16388,995,1789348964.297260
fault_ripple_01,1,abnormal,27,41,16436,1003,1789348964.297260
fault_ripple_01,1,abnormal,27,42,16436,997,1789348964.297260
fault_ripple_01,1,abnormal,27,43,16364,996,1789348964.297260
fault_ripple_01,1,abnormal,27,44,16356,1003,1789348964.297260
fault_ripple_01,1,abnormal,27,45,16472,994,1789348964.297260
fault_ripple_01,1,abnormal,27,46,16328,1000,1789348964.297260
fault_ripple_01,1,abnormal,27,47,16272,1001,1789348964.297260
fault_ripple_01,1,abnormal,27,48,16420,997,1789348964.297260
fault_ripple_01,1,abnormal,27,49,16260,999,1789348964.297260
fault_ripple_01,1,abnormal,27,50,16260,999,1789348964.297260
fault_ripple_01,1,abnormal,27,51,16376,1001,1789348964.297260
fault_ripple_01,1,abnormal,27,52,16352,998,1789348964.297260
fault_ripple_01,1,abnormal,27,53,16344,999,1789348964.297260
fault_ripple_01,1,abnormal,27,54,16356,997,1789348964.297260
fault_ripple_01,1,abnormal,27,55,16428,997,1789348964.297260
fault_ripple_01,1,abnormal,27,56,16352,1002,1789348964.297260
fault_ripple_01,1,abnormal,27,57,16440,998,1789348964.297260
fault_ripple_01,1,abnormal,27,58,16444,1000,1789348964.297260
fault_ripple_01,1,abnormal,27,59,16292,995,1789348964.297260
fault_ripple_01,1,abnormal,27,60,16288,1002,1789348964.297260
fault_ripple_01,1,abnormal,27,61,16380,998,1789348964.297260
fault_ripple_01,1,abnormal,27,62,16112,997,1789348964.297260
fault_ripple_01,1,abnormal,27,63,16244,998,1789348964.297260
fault_ripple_01,1,abnormal,28,0,16416,0,1789348964.681340
fault_ripple_01,1,abnormal,28,1,16592,1001,1789348964.681340
fault_ripple_01,1,abnormal,28,2,16424,998,1789348964.681340
fault_ripple_01,1,abnormal,28,3,16464,998,1789348964.681340
fault_ripple_01,1,abnormal,28,4,16400,1002,1789348964.681340
fault_ripple_01,1,abnormal,28,5,16212,997,1789348964.681340
fault_ripple_01,1,abnormal,28,6,16212,999,1789348964.681340
fault_ripple_01,1,abnormal,28,7,16344,1001,1789348964.681340
fault_ripple_01,1,abnormal,28,8,16276,998,1789348964.681340
fault_ripple_01,1,abnormal,28,9,16228,998,1789348964.681340
fault_ripple_01,1,abnormal,28,10,16448,995,1789348964.681340
fault_ripple_01,1,abnormal,28,11,16440,1000,1789348964.681340
fault_ripple_01,1,abnormal,28,12,16316,1003,1789348964.681340
fault_ripple_01,1,abnormal,28,13,16496,998,1789348964.681340
fault_ripple_01,1,abnormal,28,14,16444,996,1789348964.681340
fault_ripple_01,1,abnormal,28,15,16360,1002,1789348964.681340
fault_ripple_01,1,abnormal,28,16,16272,1000,1789348964.681340
fault_ripple_01,1,abnormal,28,17,16440,999,1789348964.681340
fault_ripple_01,1,abnormal,28,18,16256,996,1789348964.681340
fault_ripple_01,1,abnormal,28,19,16256,1003,1789348964.681340
fault_ripple_01,1,abnormal,28,20,16268,995,1789348964.681340
fault_ripple_01,1,abnormal,28,21,16228,998,1789348964.681340
fault_ripple_01,1,abnormal,28,22,16236,1000,1789348964.681340
fault_ripple_01,1,abnormal,28,23,16432,997,1789348964.681340
fault_ripple_01,1,abnormal,28,24,16504,1001,1789348964.681340
fault_ripple_01,1,abnormal,28,25,16476,998,1789348964.681340
fault_ripple_01,1,abnormal,28,26,16552,998,1789348964.681340
fault_ripple_01,1,abnormal,28,27,16460,999,1789348964.681340
fault_ripple_01,1,abnormal,28,28,16524,1001,1789348964.681340
fault_ripple_01,1,abnormal,28,29,16444,999,1789348964.681340
fault_ripple_01,1,abnormal,28,30,16432,997,1789348964.681340
fault_ripple_01,1,abnormal,28,31,16224,998,1789348964.681340
fault_ripple_01,1,abnormal,28,32,16204,1001,1789348964.681340
fault_ripple_01,1,abnormal,28,33,16364,998,1789348964.681340
fault_ripple_01,1,abnormal,28,34,16156,996,1789348964.681340
fault_ripple_01,1,abnormal,28,35,16228,1001,1789348964.681340
fault_ripple_01,1,abnormal,28,36,16348,1000,1789348964.681340
fault_ripple_01,1,abnormal,28,37,16460,1000,1789348964.681340
fault_ripple_01,1,abnormal,28,38,16312,994,1789348964.681340
fault_ripple_01,1,abnormal,28,39,16444,1000,1789348964.681340
fault_ripple_01,1,abnormal,28,40,16480,1001,1789348964.681340
fault_ripple_01,1,abnormal,28,41,16508,998,1789348964.681340
fault_ripple_01,1,abnormal,28,42,16452,997,1789348964.681340
fault_ripple_01,1,abnormal,28,43,16452,999,1789348964.681340
fault_ripple_01,1,abnormal,28,44,16300,1002,1789348964.681340
fault_ripple_01,1,abnormal,28,45,16244,999,1789348964.681340
fault_ripple_01,1,abnormal,28,46,16432,995,1789348964.681340
fault_ripple_01,1,abnormal,28,47,16252,999,1789348964.681340
fault_ripple_01,1,abnormal,28,48,16224,1000,1789348964.681340
fault_ripple_01,1,abnormal,28,49,16384,999,1789348964.681340
fault_ripple_01,1,abnormal,28,50,16240,1000,1789348964.681340
fault_ripple_01,1,abnormal,28,51,16304,1000,1789348964.681340
fault_ripple_01,1,abnormal,28,52,16436,997,1789348964.681340
fault_ripple_01,1,abnormal,28,53,16424,999,1789348964.681340
fault_ripple_01,1,abnormal,28,54,16468,999,1789348964.681340
fault_ripple_01,1,abnormal,28,55,16404,999,1789348964.681340
fault_ripple_01,1,abnormal,28,56,16428,998,1789348964.681340
fault_ripple_01,1,abnormal,28,57,16512,1000,1789348964.681340
fault_ripple_01,1,abnormal,28,58,16196,997,1789348964.681340
fault_ripple_01,1,abnormal,28,59,16460,1002,1789348964.681340
fault_ripple_01,1,abnormal,28,60,16168,998,1789348964.681340
fault_ripple_01,1,abnormal,28,61,16232,1000,1789348964.681340
fault_ripple_01,1,abnormal,28,62,16368,998,1789348964.681340
fault_ripple_01,1,abnormal,28,63,16308,999,1789348964.681340
fault_ripple_01,1,abnormal,29,0,16460,0,1789348965.065131
fault_ripple_01,1,abnormal,29,1,16440,1000,1789348965.065131
fault_ripple_01,1,abnormal,29,2,16368,1000,1789348965.065131
fault_ripple_01,1,abnormal,29,3,16420,999,1789348965.065131
fault_ripple_01,1,abnormal,29,4,16264,1000,1789348965.065131
fault_ripple_01,1,abnormal,29,5,16364,1000,1789348965.065131
fault_ripple_01,1,abnormal,29,6,16164,998,1789348965.065131
fault_ripple_01,1,abnormal,29,7,16272,998,1789348965.065131
fault_ripple_01,1,abnormal,29,8,16408,1000,1789348965.065131
fault_ripple_01,1,abnormal,29,9,16288,998,1789348965.065131
fault_ripple_01,1,abnormal,29,10,16284,998,1789348965.065131
fault_ripple_01,1,abnormal,29,11,16372,1000,1789348965.065131
fault_ripple_01,1,abnormal,29,12,16440,996,1789348965.065131
fault_ripple_01,1,abnormal,29,13,16372,1002,1789348965.065131
fault_ripple_01,1,abnormal,29,14,16404,998,1789348965.065131
fault_ripple_01,1,abnormal,29,15,16384,997,1789348965.065131
fault_ripple_01,1,abnormal,29,16,16356,999,1789348965.065131
fault_ripple_01,1,abnormal,29,17,16216,1002,1789348965.065131
fault_ripple_01,1,abnormal,29,18,16424,995,1789348965.065131
fault_ripple_01,1,abnormal,29,19,16220,999,1789348965.065131
fault_ripple_01,1,abnormal,29,20,16188,1003,1789348965.065131
fault_ripple_01,1,abnormal,29,21,16328,996,1789348965.065131
fault_ripple_01,1,abnormal,29,22,16268,1000,1789348965.065131
fault_ripple_01,1,abnormal,29,23,16232,999,1789348965.065131
fault_ripple_01,1,abnormal,29,24,16420,1001,1789348965.065131
fault_ripple_01,1,abnormal,29,25,16424,999,1789348965.065131
fault_ripple_01,1,abnormal,29,26,16440,998,1789348965.065131
fault_ripple_01,1,abnormal,29,27,16416,996,1789348965.065131
fault_ripple_01,1,abnormal,29,28,16500,1001,1789348965.065131
fault_ripple_01,1,abnormal,29,29,16412,996,1789348965.065131
fault_ripple_01,1,abnormal,29,30,16304,1002,1789348965.065131
fault_ripple_01,1,abnormal,29,31,16388,998,1789348965.065131
fault_ripple_01,1,abnormal,29,32,16140,996,1789348965.065131
fault_ripple_01,1,abnormal,29,33,16244,1002,1789348965.065131
fault_ripple_01,1,abnormal,29,34,16380,999,1789348965.065131
fault_ripple_01,1,abnormal,29,35,16316,995,1789348965.065131
fault_ripple_01,1,abnormal,29,36,16216,1001,1789348965.065131
fault_ripple_01,1,abnormal,29,37,16328,998,1789348965.065131
fault_ripple_01,1,abnormal,29,38,16456,1000,1789348965.065131
fault_ripple_01,1,abnormal,29,39,16348,999,1789348965.065131
fault_ripple_01,1,abnormal,29,40,16352,1000,1789348965.065131
fault_ripple_01,1,abnormal,29,41,16424,998,1789348965.065131
fault_ripple_01,1,abnormal,29,42,16420,998,1789348965.065131
fault_ripple_01,1,abnormal,29,43,16404,998,1789348965.065131
fault_ripple_01,1,abnormal,29,44,16424,1001,1789348965.065131
fault_ripple_01,1,abnormal,29,45,16120,998,1789348965.065131
fault_ripple_01,1,abnormal,29,46,16276,998,1789348965.065131
fault_ripple_01,1,abnormal,29,47,16360,997,1789348965.065131
fault_ripple_01,1,abnormal,29,48,16228,1002,1789348965.065131
fault_ripple_01,1,abnormal,29,49,16148,996,1789348965.065131
fault_ripple_01,1,abnormal,29,50,16312,997,1789348965.065131
fault_ripple_01,1,abnormal,29,51,16488,1004,1789348965.065131
fault_ripple_01,1,abnormal,29,52,16440,997,1789348965.065131
fault_ripple_01,1,abnormal,29,53,16552,998,1789348965.065131
fault_ripple_01,1,abnormal,29,54,16444,996,1789348965.065131
fault_ripple_01,1,abnormal,29,55,16408,1003,1789348965.065131
fault_ripple_01,1,abnormal,29,56,16288,996,1789348965.065131
fault_ripple_01,1,abnormal,29,57,16480,1000,1789348965.065131
fault_ripple_01,1,abnormal,29,58,16272,999,1789348965.065131
fault_ripple_01,1,abnormal,29,59,16184,996,1789348965.065131
fault_ripple_01,1,abnormal,29,60,16372,1001,1789348965.065131
fault_ripple_01,1,abnormal,29,61,16192,997,1789348965.065131
fault_ripple_01,1,abnormal,29,62,16184,1001,1789348965.065131
fault_ripple_01,1,abnormal,29,63,16464,996,1789348965.065131
fault_ripple_01,1,abnormal,30,0,16424,0,1789348965.449327
fault_ripple_01,1,abnormal,30,1,16368,1003,1789348965.449327
fault_ripple_01,1,abnormal,30,2,16288,999,1789348965.449327
fault_ripple_01,1,abnormal,30,3,16320,996,1789348965.449327
fault_ripple_01,1,abnormal,30,4,16172,999,1789348965.449327
fault_ripple_01,1,abnormal,30,5,16180,1000,1789348965.449327
fault_ripple_01,1,abnormal,30,6,16360,1000,1789348965.449327
fault_ripple_01,1,abnormal,30,7,16160,996,1789348965.449327
fault_ripple_01,1,abnormal,30,8,16212,1001,1789348965.449327
fault_ripple_01,1,abnormal,30,9,16432,996,1789348965.449327
fault_ripple_01,1,abnormal,30,10,16436,1002,1789348965.449327
fault_ripple_01,1,abnormal,30,11,16348,1000,1789348965.449327
fault_ripple_01,1,abnormal,30,12,16416,998,1789348965.449327
fault_ripple_01,1,abnormal,30,13,16500,1000,1789348965.449327
fault_ripple_01,1,abnormal,30,14,16400,998,1789348965.449327
fault_ripple_01,1,abnormal,30,15,16564,997,1789348965.449327
fault_ripple_01,1,abnormal,30,16,16356,998,1789348965.449327
fault_ripple_01,1,abnormal,30,17,16284,1001,1789348965.449327
fault_ripple_01,1,abnormal,30,18,16280,999,1789348965.449327
fault_ripple_01,1,abnormal,30,19,16296,995,1789348965.449327
fault_ripple_01,1,abnormal,30,20,16240,999,1789348965.449327
fault_ripple_01,1,abnormal,30,21,16244,1004,1789348965.449327
fault_ripple_01,1,abnormal,30,22,16288,998,1789348965.449327
fault_ripple_01,1,abnormal,30,23,16476,995,1789348965.449327
fault_ripple_01,1,abnormal,30,24,16348,1000,1789348965.449327
fault_ripple_01,1,abnormal,30,25,16488,1001,1789348965.449327
fault_ripple_01,1,abnormal,30,26,16452,996,1789348965.449327
fault_ripple_01,1,abnormal,30,27,16512,1002,1789348965.449327
fault_ripple_01,1,abnormal,30,28,16308,999,1789348965.449327
fault_ripple_01,1,abnormal,30,29,16376,994,1789348965.449327
fault_ripple_01,1,abnormal,30,30,16252,1000,1789348965.449327
fault_ripple_01,1,abnormal,30,31,16184,999,1789348965.449327
fault_ripple_01,1,abnormal,30,32,16284,1000,1789348965.449327
fault_ripple_01,1,abnormal,30,33,16164,999,1789348965.449327
fault_ripple_01,1,abnormal,30,34,16296,1000,1789348965.449327
fault_ripple_01,1,abnormal,30,35,16436,995,1789348965.449327
fault_ripple_01,1,abnormal,30,36,16448,1000,1789348965.449327
fault_ripple_01,1,abnormal,30,37,16340,998,1789348965.449327
fault_ripple_01,1,abnormal,30,38,16464,1000,1789348965.449327
fault_ripple_01,1,abnormal,30,39,16536,1000,1789348965.449327
fault_ripple_01,1,abnormal,30,40,16496,1001,1789348965.449327
fault_ripple_01,1,abnormal,30,41,16336,994,1789348965.449327
fault_ripple_01,1,abnormal,30,42,16384,1002,1789348965.449327
fault_ripple_01,1,abnormal,30,43,16316,998,1789348965.449327
fault_ripple_01,1,abnormal,30,44,16376,999,1789348965.449327
fault_ripple_01,1,abnormal,30,45,16276,997,1789348965.449327
fault_ripple_01,1,abnormal,30,46,16080,1000,1789348965.449327
fault_ripple_01,1,abnormal,30,47,16268,1001,1789348965.449327
fault_ripple_01,1,abnormal,30,48,16316,999,1789348965.449327
fault_ripple_01,1,abnormal,30,49,16384,999,1789348965.449327
fault_ripple_01,1,abnormal,30,50,16440,998,1789348965.449327
fault_ripple_01,1,abnormal,30,51,16448,998,1789348965.449327
fault_ripple_01,1,abnormal,30,52,16532,1001,1789348965.449327
fault_ripple_01,1,abnormal,30,53,16400,995,1789348965.449327
fault_ripple_01,1,abnormal,30,54,16396,1000,1789348965.449327
fault_ripple_01,1,abnormal,30,55,16496,999,1789348965.449327
fault_ripple_01,1,abnormal,30,56,16316,996,1789348965.449327
fault_ripple_01,1,abnormal,30,57,16236,1003,1789348965.449327
fault_ripple_01,1,abnormal,30,58,16356,996,1789348965.449327
fault_ripple_01,1,abnormal,30,59,16204,997,1789348965.449327
fault_ripple_01,1,abnormal,30,60,16132,1004,1789348965.449327
fault_ripple_01,1,abnormal,30,61,16312,998,1789348965.449327
fault_ripple_01,1,abnormal,30,62,16204,994,1789348965.449327
fault_ripple_01,1,abnormal,30,63,16288,1003,1789348965.449327
fault_ripple_01,1,abnormal,31,0,16352,0,1789348965.833332
fault_ripple_01,1,abnormal,31,1,16368,999,1789348965.833332
fault_ripple_01,1,abnormal,31,2,16296,997,1789348965.833332
fault_ripple_01,1,abnormal,31,3,16148,1002,1789348965.833332
fault_ripple_01,1,abnormal,31,4,16416,996,1789348965.833332
fault_ripple_01,1,abnormal,31,5,16188,999,1789348965.833332
fault_ripple_01,1,abnormal,31,6,16188,1002,1789348965.833332
fault_ripple_01,1,abnormal,31,7,16452,999,1789348965.833332
fault_ripple_01,1,abnormal,31,8,16420,1000,1789348965.833332
fault_ripple_01,1,abnormal,31,9,16352,998,1789348965.833332
fault_ripple_01,1,abnormal,31,10,16388,996,1789348965.833332
fault_ripple_01,1,abnormal,31,11,16432,1001,1789348965.833332
fault_ripple_01,1,abnormal,31,12,16440,996,1789348965.833332
fault_ripple_01,1,abnormal,31,13,16464,1001,1789348965.833332
fault_ripple_01,1,abnormal,31,14,16416,998,1789348965.833332
fault_ripple_01,1,abnormal,31,15,16392,998,1789348965.833332
fault_ripple_01,1,abnormal,31,16,16164,1001,1789348965.833332
fault_ripple_01,1,abnormal,31,17,16384,999,1789348965.833332
fault_ripple_01,1,abnormal,31,18,16152,1001,1789348965.833332
fault_ripple_01,1,abnormal,31,19,16276,998,1789348965.833332
fault_ripple_01,1,abnormal,31,20,16276,996,1789348965.833332
fault_ripple_01,1,abnormal,31,21,16368,1000,1789348965.833332
fault_ripple_01,1,abnormal,31,22,16196,999,1789348965.833332
fault_ripple_01,1,abnormal,31,23,16368,996,1789348965.833332
fault_ripple_01,1,abnormal,31,24,16536,1001,1789348965.833332
fault_ripple_01,1,abnormal,31,25,16420,998,1789348965.833332
fault_ripple_01,1,abnormal,31,26,16420,1001,1789348965.833332
fault_ripple_01,1,abnormal,31,27,16560,1000,1789348965.833332
fault_ripple_01,1,abnormal,31,28,16464,1000,1789348965.833332
fault_ripple_01,1,abnormal,31,29,16432,996,1789348965.833332
fault_ripple_01,1,abnormal,31,30,16424,997,1789348965.833332
fault_ripple_01,1,abnormal,31,31,16212,1001,1789348965.833332
fault_ripple_01,1,abnormal,31,32,16264,999,1789348965.833332
fault_ripple_01,1,abnormal,31,33,16332,999,1789348965.833332
fault_ripple_01,1,abnormal,31,34,16256,1000,1789348965.833332
fault_ripple_01,1,abnormal,31,35,16232,1001,1789348965.833332
fault_ripple_01,1,abnormal,31,36,16384,995,1789348965.833332
fault_ripple_01,1,abnormal,31,37,16500,998,1789348965.833332
fault_ripple_01,1,abnormal,31,38,16388,999,1789348965.833332
fault_ripple_01,1,abnormal,31,39,16460,999,1789348965.833332
fault_ripple_01,1,abnormal,31,40,16540,1001,1789348965.833332
fault_ripple_01,1,abnormal,31,41,16492,998,1789348965.833332
fault_ripple_01,1,abnormal,31,42,16312,999,1789348965.833332
fault_ripple_01,1,abnormal,31,43,16448,1002,1789348965.833332
fault_ripple_01,1,abnormal,31,44,16348,999,1789348965.833332
fault_ripple_01,1,abnormal,31,45,16256,995,1789348965.833332
fault_ripple_01,1,abnormal,31,46,16336,1001,1789348965.833332
fault_ripple_01,1,abnormal,31,47,16144,997,1789348965.833332
fault_ripple_01,1,abnormal,31,48,16340,1002,1789348965.833332
fault_ripple_01,1,abnormal,31,49,16436,1000,1789348965.833332
fault_ripple_01,1,abnormal,31,50,16324,994,1789348965.833332
fault_ripple_01,1,abnormal,31,51,16328,1004,1789348965.833332
fault_ripple_01,1,abnormal,31,52,16424,997,1789348965.833332
fault_ripple_01,1,abnormal,31,53,16456,999,1789348965.833332
fault_ripple_01,1,abnormal,31,54,16432,998,1789348965.833332
fault_ripple_01,1,abnormal,31,55,16308,1001,1789348965.833332
fault_ripple_01,1,abnormal,31,56,16468,999,1789348965.833332
fault_ripple_01,1,abnormal,31,57,16380,998,1789348965.833332
fault_ripple_01,1,abnormal,31,58,16300,999,1789348965.833332
fault_ripple_01,1,abnormal,31,59,16360,998,1789348965.833332
fault_ripple_01,1,abnormal,31,60,16216,999,1789348965.833332
fault_ripple_01,1,abnormal,31,61,16288,999,1789348965.833332
fault_ripple_01,1,abnormal,31,62,16344,996,1789348965.833332
fault_ripple_01,1,abnormal,31,63,16368,998,1789348965.833332
fault_ripple_01,1,abnormal,32,0,16412,0,1789348966.217333
fault_ripple_01,1,abnormal,32,1,16424,998,1789348966.217333
fault_ripple_01,1,abnormal,32,2,16468,998,1789348966.217333
fault_ripple_01,1,abnormal,32,3,16328,1000,1789348966.217333
fault_ripple_01,1,abnormal,32,4,16248,1000,1789348966.217333
fault_ripple_01,1,abnormal,32,5,16388,997,1789348966.217333
fault_ripple_01,1,abnormal,32,6,16212,997,1789348966.217333
fault_ripple_01,1,abnormal,32,7,16156,1002,1789348966.217333
fault_ripple_01,1,abnormal,32,8,16460,995,1789348966.217333
fault_ripple_01,1,abnormal,32,9,16212,1004,1789348966.217333
fault_ripple_01,1,abnormal,32,10,16236,996,1789348966.217333
fault_ripple_01,1,abnormal,32,11,16400,1002,1789348966.217333
fault_ripple_01,1,abnormal,32,12,16476,994,1789348966.217333
fault_ripple_01,1,abnormal,32,13,16304,1002,1789348966.217333
fault_ripple_01,1,abnormal,32,14,16504,995,1789348966.217333
fault_ripple_01,1,abnormal,32,15,16496,1001,1789348966.217333
fault_ripple_01,1,abnormal,32,16,16440,999,1789348966.217333
fault_ripple_01,1,abnormal,32,17,16492,997,1789348966.217333
fault_ripple_01,1,abnormal,32,18,16360,999,1789348966.217333
fault_ripple_01,1,abnormal,32,19,16320,1002,1789348966.217333
fault_ripple_01,1,abnormal,32,20,16268,996,1789348966.217333
fault_ripple_01,1,abnormal,32,21,16320,998,1789348966.217333
fault_ripple_01,1,abnormal,32,22,16336,1001,1789348966.217333
fault_ripple_01,1,abnormal,32,23,16284,1001,1789348966.217333
fault_ripple_01,1,abnormal,32,24,16344,996,1789348966.217333
fault_ripple_01,1,abnormal,32,25,16452,1001,1789348966.217333
fault_ripple_01,1,abnormal,32,26,16372,998,1789348966.217333
fault_ripple_01,1,abnormal,32,27,16520,999,1789348966.217333
fault_ripple_01,1,abnormal,32,28,16412,1000,1789348966.217333
fault_ripple_01,1,abnormal,32,29,16504,997,1789348966.217333
fault_ripple_01,1,abnormal,32,30,16364,998,1789348966.217333
fault_ripple_01,1,abnormal,32,31,16428,997,1789348966.217333
fault_ripple_01,1,abnormal,32,32,16284,999,1789348966.217333
fault_ripple_01,1,abnormal,32,33,16240,999,1789348966.217333
fault_ripple_01,1,abnormal,32,34,16340,1003,1789348966.217333
fault_ripple_01,1,abnormal,32,35,16180,995,1789348966.217333
fault_ripple_01,1,abnormal,32,36,16224,1002,1789348966.217333
fault_ripple_01,1,abnormal,32,37,16444,998,1789348966.217333
fault_ripple_01,1,abnormal,32,38,16376,999,1789348966.217333
fault_ripple_01,1,abnormal,32,39,16340,997,1789348966.217333
fault_ripple_01,1,abnormal,32,40,16460,1002,1789348966.217333
fault_ripple_01,1,abnormal,32,41,16392,999,1789348966.217333
fault_ripple_01,1,abnormal,32,42,16368,995,1789348966.217333
fault_ripple_01,1,abnormal,32,43,16436,999,1789348966.217333
fault_ripple_01,1,abnormal,32,44,16504,999,1789348966.217333
fault_ripple_01,1,abnormal,32,45,16328,1003,1789348966.217333
fault_ripple_01,1,abnormal,32,46,16344,994,1789348966.217333
fault_ripple_01,1,abnormal,32,47,16384,1000,1789348966.217333
fault_ripple_01,1,abnormal,32,48,16228,1002,1789348966.217333
fault_ripple_01,1,abnormal,32,49,16236,1000,1789348966.217333
fault_ripple_01,1,abnormal,32,50,16344,997,1789348966.217333
fault_ripple_01,1,abnormal,32,51,16232,1000,1789348966.217333
fault_ripple_01,1,abnormal,32,52,16336,1000,1789348966.217333
fault_ripple_01,1,abnormal,32,53,16476,998,1789348966.217333
fault_ripple_01,1,abnormal,32,54,16468,998,1789348966.217333
fault_ripple_01,1,abnormal,32,55,16476,997,1789348966.217333
fault_ripple_01,1,abnormal,32,56,16540,1002,1789348966.217333
fault_ripple_01,1,abnormal,32,57,16368,996,1789348966.217333
fault_ripple_01,1,abnormal,32,58,16460,998,1789348966.217333
fault_ripple_01,1,abnormal,32,59,16336,1000,1789348966.217333
fault_ripple_01,1,abnormal,32,60,16412,1001,1789348966.217333
fault_ripple_01,1,abnormal,32,61,16280,999,1789348966.217333
fault_ripple_01,1,abnormal,32,62,16256,996,1789348966.217333
fault_ripple_01,1,abnormal,32,63,16412,1001,1789348966.217333
fault_ripple_01,1,abnormal,33,0,16388,0,1789348966.601261
fault_ripple_01,1,abnormal,33,1,16460,995,1789348966.601261
fault_ripple_01,1,abnormal,33,2,16440,1003,1789348966.601261
fault_ripple_01,1,abnormal,33,3,16592,994,1789348966.601261
fault_ripple_01,1,abnormal,33,4,16512,1003,1789348966.601261
fault_ripple_01,1,abnormal,33,5,16244,998,1789348966.601261
fault_ripple_01,1,abnormal,33,6,16444,1000,1789348966.601261
fault_ripple_01,1,abnormal,33,7,16200,995,1789348966.601261
fault_ripple_01,1,abnormal,33,8,16264,1000,1789348966.601261
fault_ripple_01,1,abnormal,33,9,16232,999,1789348966.601261
fault_ripple_01,1,abnormal,33,10,16200,995,1789348966.601261
fault_ripple_01,1,abnormal,33,11,16240,999,1789348966.601261
fault_ripple_01,1,abnormal,33,12,16380,1003,1789348966.601261
fault_ripple_01,1,abnormal,33,13,16428,995,1789348966.601261
fault_ripple_01,1,abnormal,33,14,16380,1002,1789348966.601261
fault_ripple_01,1,abnormal,33,15,16536,995,1789348966.601261
fault_ripple_01,1,abnormal,33,16,16500,1002,1789348966.601261
fault_ripple_01,1,abnormal,33,17,16424,998,1789348966.601261
fault_ripple_01,1,abnormal,33,18,16392,998,1789348966.601261
fault_ripple_01,1,abnormal,33,19,16440,1002,1789348966.601261
fault_ripple_01,1,abnormal,33,20,16308,996,1789348966.601261
fault_ripple_01,1,abnormal,33,21,16192,999,1789348966.601261
fault_ripple_01,1,abnormal,33,22,16308,998,1789348966.601261
fault_ripple_01,1,abnormal,33,23,16184,999,1789348966.601261
fault_ripple_01,1,abnormal,33,24,16212,1003,1789348966.601261
fault_ripple_01,1,abnormal,33,25,16348,997,1789348966.601261
fault_ripple_01,1,abnormal,33,26,16460,999,1789348966.601261
fault_ripple_01,1,abnormal,33,27,16360,999,1789348966.601261
fault_ripple_01,1,abnormal,33,28,16380,996,1789348966.601261
fault_ripple_01,1,abnormal,33,29,16564,1000,1789348966.601261
fault_ripple_01,1,abnormal,33,30,16456,1002,1789348966.601261
fault_ripple_01,1,abnormal,33,31,16376,995,1789348966.601261
fault_ripple_01,1,abnormal,33,32,16456,1001,1789348966.601261
fault_ripple_01,1,abnormal,33,33,16292,998,1789348966.601261
fault_ripple_01,1,abnormal,33,34,16332,999,1789348966.601261
fault_ripple_01,1,abnormal,33,35,16440,999,1789348966.601261
fault_ripple_01,1,abnormal,33,36,16216,998,1789348966.601261
fault_ripple_01,1,abnormal,33,37,16136,998,1789348966.601261
fault_ripple_01,1,abnormal,33,38,16420,999,1789348966.601261
fault_ripple_01,1,abnormal,33,39,16300,1000,1789348966.601261
fault_ripple_01,1,abnormal,33,40,16236,995,1789348966.601261
fault_ripple_01,1,abnormal,33,41,16496,1000,1789348966.601261
fault_ripple_01,1,abnormal,33,42,16432,999,1789348966.601261
fault_ripple_01,1,abnormal,33,43,16472,1001,1789348966.601261
fault_ripple_01,1,abnormal,33,44,16408,999,1789348966.601261
fault_ripple_01,1,abnormal,33,45,16512,1000,1789348966.601261
fault_ripple_01,1,abnormal,33,46,16388,995,1789348966.601261
fault_ripple_01,1,abnormal,33,47,16276,998,1789348966.601261
fault_ripple_01,1,abnormal,33,48,16432,1002,1789348966.601261
fault_ripple_01,1,abnormal,33,49,16180,996,1789348966.601261
fault_ripple_01,1,abnormal,33,50,16256,1001,1789348966.601261
fault_ripple_01,1,abnormal,33,51,16308,1000,1789348966.601261
fault_ripple_01,1,abnormal,33,52,16372,999,1789348966.601261
fault_ripple_01,1,abnormal,33,53,16276,999,1789348966.601261
fault_ripple_01,1,abnormal,33,54,16412,1000,1789348966.601261
fault_ripple_01,1,abnormal,33,55,16484,999,1789348966.601261
fault_ripple_01,1,abnormal,33,56,16348,995,1789348966.601261
fault_ripple_01,1,abnormal,33,57,16460,998,1789348966.601261
fault_ripple_01,1,abnormal,33,58,16560,1000,1789348966.601261
fault_ripple_01,1,abnormal,33,59,16380,997,1789348966.601261
fault_ripple_01,1,abnormal,33,60,16400,1001,1789348966.601261
fault_ripple_01,1,abnormal,33,61,16404,998,1789348966.601261
fault_ripple_01,1,abnormal,33,62,16216,1002,1789348966.601261
fault_ripple_01,1,abnormal,33,63,16196,996,1789348966.601261
fault_ripple_01,1,abnormal,34,0,16368,0,1789348966.985485
fault_ripple_01,1,abnormal,34,1,16536,994,1789348966.985485
fault_ripple_01,1,abnormal,34,2,16356,1001,1789348966.985485
fault_ripple_01,1,abnormal,34,3,16420,1000,1789348966.985485
fault_ripple_01,1,abnormal,34,4,16528,994,1789348966.985485
fault_ripple_01,1,abnormal,34,5,16448,1004,1789348966.985485
fault_ripple_01,1,abnormal,34,6,16456,997,1789348966.985485
fault_ripple_01,1,abnormal,34,7,16448,1000,1789348966.985485
fault_ripple_01,1,abnormal,34,8,16244,997,1789348966.985485
fault_ripple_01,1,abnormal,34,9,16216,1001,1789348966.985485
fault_ripple_01,1,abnormal,34,10,16384,998,1789348966.985485
fault_ripple_01,1,abnormal,34,11,16116,994,1789348966.985485
fault_ripple_01,1,abnormal,34,12,16216,1002,1789348966.985485
fault_ripple_01,1,abnormal,34,13,16428,996,1789348966.985485
fault_ripple_01,1,abnormal,34,14,16412,1000,1789348966.985485
fault_ripple_01,1,abnormal,34,15,16288,998,1789348966.985485
fault_ripple_01,1,abnormal,34,16,16476,998,1789348966.985485
fault_ripple_01,1,abnormal,34,17,16468,999,1789348966.985485
fault_ripple_01,1,abnormal,34,18,16432,1001,1789348966.985485
fault_ripple_01,1,abnormal,34,19,16372,1000,1789348966.985485
fault_ripple_01,1,abnormal,34,20,16400,997,1789348966.985485
fault_ripple_01,1,abnormal,34,21,16352,998,1789348966.985485
fault_ripple_01,1,abnormal,34,22,16304,997,1789348966.985485
fault_ripple_01,1,abnormal,34,23,16376,1004,1789348966.985485
fault_ripple_01,1,abnormal,34,24,16240,998,1789348966.985485
fault_ripple_01,1,abnormal,34,25,16224,1000,1789348966.985485
fault_ripple_01,1,abnormal,34,26,16368,998,1789348966.985485
fault_ripple_01,1,abnormal,34,27,16324,998,1789348966.985485
fault_ripple_01,1,abnormal,34,28,16184,998,1789348966.985485
fault_ripple_01,1,abnormal,34,29,16432,999,1789348966.985485
fault_ripple_01,1,abnormal,34,30,16396,1000,1789348966.985485
fault_ripple_01,1,abnormal,34,31,16432,998,1789348966.985485
fault_ripple_01,1,abnormal,34,32,16352,996,1789348966.985485
fault_ripple_01,1,abnormal,34,33,16516,999,1789348966.985485
fault_ripple_01,1,abnormal,34,34,16368,1000,1789348966.985485
fault_ripple_01,1,abnormal,34,35,16404,1001,1789348966.985485
fault_ripple_01,1,abnormal,34,36,16432,1000,1789348966.985485
fault_ripple_01,1,abnormal,34,37,16236,997,1789348966.985485
fault_ripple_01,1,abnormal,34,38,16328,996,1789348966.985485
fault_ripple_01,1,abnormal,34,39,16180,1003,1789348966.985485
fault_ripple_01,1,abnormal,34,40,16280,996,1789348966.985485
fault_ripple_01,1,abnormal,34,41,16208,998,1789348966.985485
fault_ripple_01,1,abnormal,34,42,16372,1001,1789348966.985485
fault_ripple_01,1,abnormal,34,43,16464,995,1789348966.985485
fault_ripple_01,1,abnormal,34,44,16356,1002,1789348966.985485
fault_ripple_01,1,abnormal,34,45,16516,997,1789348966.985485
fault_ripple_01,1,abnormal,34,46,16444,998,1789348966.985485
fault_ripple_01,1,abnormal,34,47,16480,997,1789348966.985485
fault_ripple_01,1,abnormal,34,48,16368,1004,1789348966.985485
fault_ripple_01,1,abnormal,34,49,16444,996,1789348966.985485
fault_ripple_01,1,abnormal,34,50,16208,996,1789348966.985485
fault_ripple_01,1,abnormal,34,51,16208,1000,1789348966.985485
fault_ripple_01,1,abnormal,34,52,16292,1001,1789348966.985485
fault_ripple_01,1,abnormal,34,53,16132,1000,1789348966.985485
fault_ripple_01,1,abnormal,34,54,16220,997,1789348966.985485
fault_ripple_01,1,abnormal,34,55,16312,1002,1789348966.985485
fault_ripple_01,1,abnormal,34,56,16356,999,1789348966.985485
fault_ripple_01,1,abnormal,34,57,16292,996,1789348966.985485
fault_ripple_01,1,abnormal,34,58,16468,1000,1789348966.985485
fault_ripple_01,1,abnormal,34,59,16516,996,1789348966.985485
fault_ripple_01,1,abnormal,34,60,16496,1004,1789348966.985485
fault_ripple_01,1,abnormal,34,61,16504,998,1789348966.985485
fault_ripple_01,1,abnormal,34,62,16496,995,1789348966.985485
fault_ripple_01,1,abnormal,34,63,16496,1000,1789348966.985485
fault_ripple_01,1,abnormal,35,0,16368,0,1789348967.369393
fault_ripple_01,1,abnormal,35,1,16352,994,1789348967.369393
fault_ripple_01,1,abnormal,35,2,16304,1000,1789348967.369393
fault_ripple_01,1,abnormal,35,3,16444,1001,1789348967.369393
fault_ripple_01,1,abnormal,35,4,16428,999,1789348967.369393
fault_ripple_01,1,abnormal,35,5,16528,994,1789348967.369393
fault_ripple_01,1,abnormal,35,6,16308,1004,1789348967.369393
fault_ripple_01,1,abnormal,35,7,16436,996,1789348967.369393
fault_ripple_01,1,abnormal,35,8,16400,999,1789348967.369393
fault_ripple_01,1,abnormal,35,9,16208,999,1789348967.369393
fault_ripple_01,1,abnormal,35,10,16384,1000,1789348967.369393
fault_ripple_01,1,abnormal,35,11,16184,997,1789348967.369393
fault_ripple_01,1,abnormal,35,12,16132,997,1789348967.369393
fault_ripple_01,1,abnormal,35,13,16396,1001,1789348967.369393
fault_ripple_01,1,abnormal,35,14,16356,1000,1789348967.369393
fault_ripple_01,1,abnormal,35,15,16316,997,1789348967.369393
fault_ripple_01,1,abnormal,35,16,16428,999,1789348967.369393
fault_ripple_01,1,abnormal,35,17,16448,998,1789348967.369393
fault_ripple_01,1,abnormal,35,18,16480,1002,1789348967.369393
fault_ripple_01,1,abnormal,35,19,16436,1000,1789348967.369393
fault_ripple_01,1,abnormal,35,20,16504,998,1789348967.369393
fault_ripple_01,1,abnormal,35,21,16500,1000,1789348967.369393
fault_ripple_01,1,abnormal,35,22,16316,996,1789348967.369393
fault_ripple_01,1,abnormal,35,23,16392,1001,1789348967.369393
fault_ripple_01,1,abnormal,35,24,16268,998,1789348967.369393
fault_ripple_01,1,abnormal,35,25,16300,998,1789348967.369393
fault_ripple_01,1,abnormal,35,26,16368,995,1789348967.369393
fault_ripple_01,1,abnormal,35,27,16104,1002,1789348967.369393
fault_ripple_01,1,abnormal,35,28,16136,998,1789348967.369393
fault_ripple_01,1,abnormal,35,29,16380,996,1789348967.369393
fault_ripple_01,1,abnormal,35,30,16476,1000,1789348967.369393
fault_ripple_01,1,abnormal,35,31,16384,997,1789348967.369393
fault_ripple_01,1,abnormal,35,32,16468,1003,1789348967.369393
fault_ripple_01,1,abnormal,35,33,16488,998,1789348967.369393
fault_ripple_01,1,abnormal,35,34,16448,998,1789348967.369393
fault_ripple_01,1,abnormal,35,35,16396,997,1789348967.369393
fault_ripple_01,1,abnormal,35,36,16440,999,1789348967.369393
fault_ripple_01,1,abnormal,35,37,16184,1002,1789348967.369393
fault_ripple_01,1,abnormal,35,38,16232,998,1789348967.369393
fault_ripple_01,1,abnormal,35,39,16284,995,1789348967.369393
fault_ripple_01,1,abnormal,35,40,16216,998,1789348967.369393
fault_ripple_01,1,abnormal,35,41,16160,1001,1789348967.369393
fault_ripple_01,1,abnormal,35,42,16372,1000,1789348967.369393
fault_ripple_01,1,abnormal,35,43,16452,1000,1789348967.369393
fault_ripple_01,1,abnormal,35,44,16360,996,1789348967.369393
fault_ripple_01,1,abnormal,35,45,16400,999,1789348967.369393
fault_ripple_01,1,abnormal,35,46,16496,1001,1789348967.369393
fault_ripple_01,1,abnormal,35,47,16444,996,1789348967.369393
fault_ripple_01,1,abnormal,35,48,16460,998,1789348967.369393
fault_ripple_01,1,abnormal,35,49,16468,1000,1789348967.369393
fault_ripple_01,1,abnormal,35,50,16296,999,1789348967.369393
fault_ripple_01,1,abnormal,35,51,16240,999,1789348967.369393
fault_ripple_01,1,abnormal,35,52,16508,1002,1789348967.369393
fault_ripple_01,1,abnormal,35,53,16228,997,1789348967.369393
fault_ripple_01,1,abnormal,35,54,16256,999,1789348967.369393
fault_ripple_01,1,abnormal,35,55,16404,999,1789348967.369393
fault_ripple_01,1,abnormal,35,56,16352,998,1789348967.369393
fault_ripple_01,1,abnormal,35,57,16288,1001,1789348967.369393
fault_ripple_01,1,abnormal,35,58,16532,999,1789348967.369393
fault_ripple_01,1,abnormal,35,59,16416,994,1789348967.369393
fault_ripple_01,1,abnormal,35,60,16452,1003,1789348967.369393
fault_ripple_01,1,abnormal,35,61,16396,999,1789348967.369393
fault_ripple_01,1,abnormal,35,62,16432,996,1789348967.369393
fault_ripple_01,1,abnormal,35,63,16356,1002,1789348967.369393
fault_ripple_01,1,abnormal,36,0,16220,0,1789348967.753738
fault_ripple_01,1,abnormal,36,1,16284,998,1789348967.753738
fault_ripple_01,1,abnormal,36,2,16368,1002,1789348967.753738
fault_ripple_01,1,abnormal,36,3,16356,998,1789348967.753738
fault_ripple_01,1,abnormal,36,4,16460,998,1789348967.753738
fault_ripple_01,1,abnormal,36,5,16480,1001,1789348967.753738
fault_ripple_01,1,abnormal,36,6,16500,994,1789348967.753738
fault_ripple_01,1,abnormal,36,7,16492,1000,1789348967.753738
fault_ripple_01,1,abnormal,36,8,16488,1000,1789348967.753738
fault_ripple_01,1,abnormal,36,9,16412,999,1789348967.753738
fault_ripple_01,1,abnormal,36,10,16220,998,1789348967.753738
fault_ripple_01,1,abnormal,36,11,16392,1002,1789348967.753738
fault_ripple_01,1,abnormal,36,12,16248,995,1789348967.753738
fault_ripple_01,1,abnormal,36,13,16220,1001,1789348967.753738
fault_ripple_01,1,abnormal,36,14,16380,1001,1789348967.753738
fault_ripple_01,1,abnormal,36,15,16232,1000,1789348967.753738
fault_ripple_01,1,abnormal,36,16,16244,994,1789348967.753738
fault_ripple_01,1,abnormal,36,17,16408,1000,1789348967.753738
fault_ripple_01,1,abnormal,36,18,16476,1001,1789348967.753738
fault_ripple_01,1,abnormal,36,19,16500,998,1789348967.753738
fault_ripple_01,1,abnormal,36,20,16428,1000,1789348967.753738
fault_ripple_01,1,abnormal,36,21,16504,999,1789348967.753738
fault_ripple_01,1,abnormal,36,22,16416,999,1789348967.753738
fault_ripple_01,1,abnormal,36,23,16420,1001,1789348967.753738
fault_ripple_01,1,abnormal,36,24,16404,994,1789348967.753738
fault_ripple_01,1,abnormal,36,25,16148,1001,1789348967.753738
fault_ripple_01,1,abnormal,36,26,16288,996,1789348967.753738
fault_ripple_01,1,abnormal,36,27,16348,1003,1789348967.753738
fault_ripple_01,1,abnormal,36,28,16236,999,1789348967.753738
fault_ripple_01,1,abnormal,36,29,16244,994,1789348967.753738
fault_ripple_01,1,abnormal,36,30,16340,1003,1789348967.753738
fault_ripple_01,1,abnormal,36,31,16488,998,1789348967.753738
fault_ripple_01,1,abnormal,36,32,16444,995,1789348967.753738
fault_ripple_01,1,abnormal,36,33,16480,999,1789348967.753738
fault_ripple_01,1,abnormal,36,34,16504,999,1789348967.753738
fault_ripple_01,1,abnormal,36,35,16472,1003,1789348967.753738
fault_ripple_01,1,abnormal,36,36,16368,1000,1789348967.753738
fault_ripple_01,1,abnormal,36,37,16508,996,1789348967.753738
fault_ripple_01,1,abnormal,36,38,16220,999,1789348967.753738
fault_ripple_01,1,abnormal,36,39,16252,999,1789348967.753738
fault_ripple_01,1,abnormal,36,40,16456,1003,1789348967.753738
fault_ripple_01,1,abnormal,36,41,16148,995,1789348967.753738
fault_ripple_01,1,abnormal,36,42,16224,999,1789348967.753738
fault_ripple_01,1,abnormal,36,43,16460,998,1789348967.753738
fault_ripple_01,1,abnormal,36,44,16488,1000,1789348967.753738
fault_ripple_01,1,abnormal,36,45,16300,998,1789348967.753738
fault_ripple_01,1,abnormal,36,46,16444,998,1789348967.753738
fault_ripple_01,1,abnormal,36,47,16440,1001,1789348967.753738
fault_ripple_01,1,abnormal,36,48,16544,999,1789348967.753738
fault_ripple_01,1,abnormal,36,49,16496,999,1789348967.753738
fault_ripple_01,1,abnormal,36,50,16388,998,1789348967.753738
fault_ripple_01,1,abnormal,36,51,16312,1003,1789348967.753738
fault_ripple_01,1,abnormal,36,52,16340,997,1789348967.753738
fault_ripple_01,1,abnormal,36,53,16416,1000,1789348967.753738
fault_ripple_01,1,abnormal,36,54,16200,997,1789348967.753738
fault_ripple_01,1,abnormal,36,55,16172,999,1789348967.753738
fault_ripple_01,1,abnormal,36,56,16276,1000,1789348967.753738
fault_ripple_01,1,abnormal,36,57,16304,999,1789348967.753738
fault_ripple_01,1,abnormal,36,58,16284,999,1789348967.753738
fault_ripple_01,1,abnormal,36,59,16536,1000,1789348967.753738
fault_ripple_01,1,abnormal,36,60,16460,997,1789348967.753738
fault_ripple_01,1,abnormal,36,61,16392,998,1789348967.753738
fault_ripple_01,1,abnormal,36,62,16516,1003,1789348967.753738
fault_ripple_01,1,abnormal,36,63,16412,998,1789348967.753738
fault_ripple_01,1,abnormal,37,0,16188,0,1789348968.137478
fault_ripple_01,1,abnormal,37,1,16168,998,1789348968.137478
fault_ripple_01,1,abnormal,37,2,16464,996,1789348968.137478
fault_ripple_01,1,abnormal,37,3,16448,1004,1789348968.137478
fault_ripple_01,1,abnormal,37,4,16312,998,1789348968.137478
fault_ripple_01,1,abnormal,37,5,16504,998,1789348968.137478
fault_ripple_01,1,abnormal,37,6,16376,1000,1789348968.137478
fault_ripple_01,1,abnormal,37,7,16512,997,1789348968.137478
fault_ripple_01,1,abnormal,37,8,16392,997,1789348968.137478
fault_ripple_01,1,abnormal,37,9,16452,1002,1789348968.137478
fault_ripple_01,1,abnormal,37,10,16300,995,1789348968.137478
fault_ripple_01,1,abnormal,37,11,16252,999,1789348968.137478
fault_ripple_01,1,abnormal,37,12,16480,1002,1789348968.137478
fault_ripple_01,1,abnormal,37,13,16192,998,1789348968.137478
fault_ripple_01,1,abnormal,37,14,16192,1000,1789348968.137478
fault_ripple_01,1,abnormal,37,15,16300,998,1789348968.137478
fault_ripple_01,1,abnormal,37,16,16344,1001,1789348968.137478
fault_ripple_01,1,abnormal,37,17,16352,999,1789348968.137478
fault_ripple_01,1,abnormal,37,18,16360,999,1789348968.137478
fault_ripple_01,1,abnormal,37,19,16600,998,1789348968.137478
fault_ripple_01,1,abnormal,37,20,16396,998,1789348968.137478
fault_ripple_01,1,abnormal,37,21,16428,998,1789348968.137478
fault_ripple_01,1,abnormal,37,22,16480,999,1789348968.137478
fault_ripple_01,1,abnormal,37,23,16476,1001,1789348968.137478
fault_ripple_01,1,abnormal,37,24,16472,996,1789348968.137478
fault_ripple_01,1,abnormal,37,25,16364,1001,1789348968.137478
fault_ripple_01,1,abnormal,37,26,16240,994,1789348968.137478
fault_ripple_01,1,abnormal,37,27,16252,1000,1789348968.137478
fault_ripple_01,1,abnormal,37,28,16312,1001,1789348968.137478
fault_ripple_01,1,abnormal,37,29,16152,998,1789348968.137478
fault_ripple_01,1,abnormal,37,30,16144,1000,1789348968.137478
fault_ripple_01,1,abnormal,37,31,16316,995,1789348968.137478
fault_ripple_01,1,abnormal,37,32,16448,998,1789348968.137478
fault_ripple_01,1,abnormal,37,33,16384,1003,1789348968.137478
fault_ripple_01,1,abnormal,37,34,16448,999,1789348968.137478
fault_ripple_01,1,abnormal,37,35,16520,997,1789348968.137478
fault_ripple_01,1,abnormal,37,36,16500,998,1789348968.137478
fault_ripple_01,1,abnormal,37,37,16400,998,1789348968.137478
fault_ripple_01,1,abnormal,37,38,16444,1001,1789348968.137478
fault_ripple_01,1,abnormal,37,39,16200,996,1789348968.137478
fault_ripple_01,1,abnormal,37,40,16284,1003,1789348968.137478
fault_ripple_01,1,abnormal,37,41,16380,994,1789348968.137478
fault_ripple_01,1,abnormal,37,42,16284,1002,1789348968.137478
fault_ripple_01,1,abnormal,37,43,16268,998,1789348968.137478
fault_ripple_01,1,abnormal,37,44,16420,1000,1789348968.137478
fault_ripple_01,1,abnormal,37,45,16304,996,1789348968.137478
fault_ripple_01,1,abnormal,37,46,16264,1001,1789348968.137478
fault_ripple_01,1,abnormal,37,47,16328,999,1789348968.137478
fault_ripple_01,1,abnormal,37,48,16472,998,1789348968.137478
fault_ripple_01,1,abnormal,37,49,16436,1002,1789348968.137478
fault_ripple_01,1,abnormal,37,50,16444,997,1789348968.137478
fault_ripple_01,1,abnormal,37,51,16596,998,1789348968.137478
fault_ripple_01,1,abnormal,37,52,16456,999,1789348968.137478
fault_ripple_01,1,abnormal,37,53,16292,999,1789348968.137478
fault_ripple_01,1,abnormal,37,54,16412,1000,1789348968.137478
fault_ripple_01,1,abnormal,37,55,16084,999,1789348968.137478
fault_ripple_01,1,abnormal,37,56,16172,998,1789348968.137478
fault_ripple_01,1,abnormal,37,57,16288,1000,1789348968.137478
fault_ripple_01,1,abnormal,37,58,16316,997,1789348968.137478
fault_ripple_01,1,abnormal,37,59,16260,1002,1789348968.137478
fault_ripple_01,1,abnormal,37,60,16356,994,1789348968.137478
fault_ripple_01,1,abnormal,37,61,16460,998,1789348968.137478
fault_ripple_01,1,abnormal,37,62,16344,1003,1789348968.137478
fault_ripple_01,1,abnormal,37,63,16480,995,1789348968.137478
fault_ripple_01,1,abnormal,38,0,16432,0,1789348968.521381
fault_ripple_01,1,abnormal,38,1,16244,1002,1789348968.521381
fault_ripple_01,1,abnormal,38,2,16220,994,1789348968.521381
fault_ripple_01,1,abnormal,38,3,16304,1001,1789348968.521381
fault_ripple_01,1,abnormal,38,4,16212,1001,1789348968.521381
fault_ripple_01,1,abnormal,38,5,16284,997,1789348968.521381
fault_ripple_01,1,abnormal,38,6,16476,1000,1789348968.521381
fault_ripple_01,1,abnormal,38,7,16484,996,1789348968.521381
fault_ripple_01,1,abnormal,38,8,16492,1001,1789348968.521381
fault_ripple_01,1,abnormal,38,9,16432,996,1789348968.521381
fault_ripple_01,1,abnormal,38,10,16488,1000,1789348968.521381
fault_ripple_01,1,abnormal,38,11,16452,998,1789348968.521381
fault_ripple_01,1,abnormal,38,12,16380,1001,1789348968.521381
fault_ripple_01,1,abnormal,38,13,16364,998,1789348968.521381
fault_ripple_01,1,abnormal,38,14,16220,999,1789348968.521381
fault_ripple_01,1,abnormal,38,15,16252,1000,1789348968.521381
fault_ripple_01,1,abnormal,38,16,16332,996,1789348968.521381
fault_ripple_01,1,abnormal,38,17,16364,1000,1789348968.521381
fault_ripple_01,1,abnormal,38,18,16160,1001,1789348968.521381
fault_ripple_01,1,abnormal,38,19,16292,999,1789348968.521381
fault_ripple_01,1,abnormal,38,20,16488,998,1789348968.521381
fault_ripple_01,1,abnormal,38,21,16320,996,1789348968.521381
fault_ripple_01,1,abnormal,38,22,16440,999,1789348968.521381
fault_ripple_01,1,abnormal,38,23,16420,1002,1789348968.521381
fault_ripple_01,1,abnormal,38,24,16408,997,1789348968.521381
fault_ripple_01,1,abnormal,38,25,16444,997,1789348968.521381
fault_ripple_01,1,abnormal,38,26,16472,1000,1789348968.521381
fault_ripple_01,1,abnormal,38,27,16208,999,1789348968.521381
fault_ripple_01,1,abnormal,38,28,16184,998,1789348968.521381
fault_ripple_01,1,abnormal,38,29,16368,1000,1789348968.521381
fault_ripple_01,1,abnormal,38,30,16216,996,1789348968.521381
fault_ripple_01,1,abnormal,38,31,16280,999,1789348968.521381
fault_ripple_01,1,abnormal,38,32,16392,1000,1789348968.521381
fault_ripple_01,1,abnormal,38,33,16444,1001,1789348968.521381
fault_ripple_01,1,abnormal,38,34,16272,996,1789348968.521381
fault_ripple_01,1,abnormal,38,35,16404,1002,1789348968.521381
fault_ripple_01,1,abnormal,38,36,16476,999,1789348968.521381
fault_ripple_01,1,abnormal,38,37,16428,1000,1789348968.521381
fault_ripple_01,1,abnormal,38,38,16368,998,1789348968.521381
fault_ripple_01,1,abnormal,38,39,16368,996,1789348968.521381
fault_ripple_01,1,abnormal,38,40,16220,999,1789348968.521381
fault_ripple_01,1,abnormal,38,41,16212,997,1789348968.521381
fault_ripple_01,1,abnormal,38,42,16400,1003,1789348968.521381
fault_ripple_01,1,abnormal,38,43,16192,999,1789348968.521381
fault_ripple_01,1,abnormal,38,44,16176,995,1789348968.521381
fault_ripple_01,1,abnormal,38,45,16288,999,1789348968.521381
fault_ripple_01,1,abnormal,38,46,16452,999,1789348968.521381
fault_ripple_01,1,abnormal,38,47,16300,1002,1789348968.521381
fault_ripple_01,1,abnormal,38,48,16380,997,1789348968.521381
fault_ripple_01,1,abnormal,38,49,16448,998,1789348968.521381
fault_ripple_01,1,abnormal,38,50,16420,1002,1789348968.521381
fault_ripple_01,1,abnormal,38,51,16444,995,1789348968.521381
fault_ripple_01,1,abnormal,38,52,16564,1002,1789348968.521381
fault_ripple_01,1,abnormal,38,53,16428,995,1789348968.521381
fault_ripple_01,1,abnormal,38,54,16308,1002,1789348968.521381
fault_ripple_01,1,abnormal,38,55,16464,996,1789348968.521381
fault_ripple_01,1,abnormal,38,56,16244,998,1789348968.521381
fault_ripple_01,1,abnormal,38,57,16224,1002,1789348968.521381
fault_ripple_01,1,abnormal,38,58,16312,998,1789348968.521381
fault_ripple_01,1,abnormal,38,59,16192,1000,1789348968.521381
fault_ripple_01,1,abnormal,38,60,16228,999,1789348968.521381
fault_ripple_01,1,abnormal,38,61,16384,998,1789348968.521381
fault_ripple_01,1,abnormal,38,62,16504,1001,1789348968.521381
fault_ripple_01,1,abnormal,38,63,16356,999,1789348968.521381
fault_ripple_01,1,abnormal,39,0,16408,0,1789348968.905474
fault_ripple_01,1,abnormal,39,1,16496,998,1789348968.905474
fault_ripple_01,1,abnormal,39,2,16188,998,1789348968.905474
fault_ripple_01,1,abnormal,39,3,16200,997,1789348968.905474
fault_ripple_01,1,abnormal,39,4,16316,1003,1789348968.905474
fault_ripple_01,1,abnormal,39,5,16212,996,1789348968.905474
fault_ripple_01,1,abnormal,39,6,16208,1001,1789348968.905474
fault_ripple_01,1,abnormal,39,7,16432,995,1789348968.905474
fault_ripple_01,1,abnormal,39,8,16472,1001,1789348968.905474
fault_ripple_01,1,abnormal,39,9,16328,997,1789348968.905474
fault_ripple_01,1,abnormal,39,10,16444,1001,1789348968.905474
fault_ripple_01,1,abnormal,39,11,16480,996,1789348968.905474
fault_ripple_01,1,abnormal,39,12,16460,1002,1789348968.905474
fault_ripple_01,1,abnormal,39,13,16484,996,1789348968.905474
fault_ripple_01,1,abnormal,39,14,16440,998,1789348968.905474
fault_ripple_01,1,abnormal,39,15,16316,1000,1789348968.905474
fault_ripple_01,1,abnormal,39,16,16296,1002,1789348968.905474
fault_ripple_01,1,abnormal,39,17,16344,995,1789348968.905474
fault_ripple_01,1,abnormal,39,18,16144,999,1789348968.905474
fault_ripple_01,1,abnormal,39,19,16136,1002,1789348968.905474
fault_ripple_01,1,abnormal,39,20,16292,1000,1789348968.905474
fault_ripple_01,1,abnormal,39,21,16380,996,1789348968.905474
fault_ripple_01,1,abnormal,39,22,16240,1002,1789348968.905474
fault_ripple_01,1,abnormal,39,23,16484,997,1789348968.905474
fault_ripple_01,1,abnormal,39,24,16396,999,1789348968.905474
fault_ripple_01,1,abnormal,39,25,16468,997,1789348968.905474
fault_ripple_01,1,abnormal,39,26,16504,998,1789348968.905474
fault_ripple_01,1,abnormal,39,27,16404,1002,1789348968.905474
fault_ripple_01,1,abnormal,39,28,16336,997,1789348968.905474
fault_ripple_01,1,abnormal,39,29,16324,999,1789348968.905474
fault_ripple_01,1,abnormal,39,30,16388,997,1789348968.905474
fault_ripple_01,1,abnormal,39,31,16188,1002,1789348968.905474
fault_ripple_01,1,abnormal,39,32,16196,995,1789348968.905474
fault_ripple_01,1,abnormal,39,33,16272,1003,1789348968.905474
fault_ripple_01,1,abnormal,39,34,16256,994,1789348968.905474
fault_ripple_01,1,abnormal,39,35,16380,1004,1789348968.905474
fault_ripple_01,1,abnormal,39,36,16424,996,1789348968.905474
fault_ripple_01,1,abnormal,39,37,16492,998,1789348968.905474
fault_ripple_01,1,abnormal,39,38,16440,1002,1789348968.905474
fault_ripple_01,1,abnormal,39,39,16404,998,1789348968.905474
fault_ripple_01,1,abnormal,39,40,16516,999,1789348968.905474
fault_ripple_01,1,abnormal,39,41,16428,1000,1789348968.905474
fault_ripple_01,1,abnormal,39,42,16320,998,1789348968.905474
fault_ripple_01,1,abnormal,39,43,16400,997,1789348968.905474
fault_ripple_01,1,abnormal,39,44,16228,998,1789348968.905474
fault_ripple_01,1,abnormal,39,45,16252,1000,1789348968.905474
fault_ripple_01,1,abnormal,39,46,16428,1000,1789348968.905474
fault_ripple_01,1,abnormal,39,47,16100,998,1789348968.905474
fault_ripple_01,1,abnormal,39,48,16312,997,1789348968.905474
fault_ripple_01,1,abnormal,39,49,16368,1004,1789348968.905474
fault_ripple_01,1,abnormal,39,50,16404,995,1789348968.905474
fault_ripple_01,1,abnormal,39,51,16404,1000,1789348968.905474
fault_ripple_01,1,abnormal,39,52,16480,997,1789348968.905474
fault_ripple_01,1,abnormal,39,53,16464,998,1789348968.905474
fault_ripple_01,1,abnormal,39,54,16372,999,1789348968.905474
fault_ripple_01,1,abnormal,39,55,16312,1004,1789348968.905474
fault_ripple_01,1,abnormal,39,56,16428,996,1789348968.905474
fault_ripple_01,1,abnormal,39,57,16392,999,1789348968.905474
fault_ripple_01,1,abnormal,39,58,16124,997,1789348968.905474
fault_ripple_01,1,abnormal,39,59,16304,1000,1789348968.905474
fault_ripple_01,1,abnormal,39,60,16200,1003,1789348968.905474
fault_ripple_01,1,abnormal,39,61,16236,997,1789348968.905474
fault_ripple_01,1,abnormal,39,62,16388,1000,1789348968.905474
fault_ripple_01,1,abnormal,39,63,16436,998,1789348968.905474
fault_ripple_01,1,abnormal,40,0,16396,0,1789348969.289755
fault_ripple_01,1,abnormal,40,1,16420,1002,1789348969.289755
fault_ripple_01,1,abnormal,40,2,16424,998,1789348969.289755
fault_ripple_01,1,abnormal,40,3,16236,999,1789348969.289755
fault_ripple_01,1,abnormal,40,4,16216,999,1789348969.289755
fault_ripple_01,1,abnormal,40,5,16324,996,1789348969.289755
fault_ripple_01,1,abnormal,40,6,16232,1001,1789348969.289755
fault_ripple_01,1,abnormal,40,7,16140,997,1789348969.289755
fault_ripple_01,1,abnormal,40,8,16336,998,1789348969.289755
fault_ripple_01,1,abnormal,40,9,16376,1001,1789348969.289755
fault_ripple_01,1,abnormal,40,10,16308,1002,1789348969.289755
fault_ripple_01,1,abnormal,40,11,16416,994,1789348969.289755
fault_ripple_01,1,abnormal,40,12,16404,1002,1789348969.289755
fault_ripple_01,1,abnormal,40,13,16444,1000,1789348969.289755
fault_ripple_01,1,abnormal,40,14,16392,996,1789348969.289755
fault_ripple_01,1,abnormal,40,15,16464,998,1789348969.289755
fault_ripple_01,1,abnormal,40,16,16304,1003,1789348969.289755
fault_ripple_01,1,abnormal,40,17,16360,999,1789348969.289755
fault_ripple_01,1,abnormal,40,18,16364,998,1789348969.289755
fault_ripple_01,1,abnormal,40,19,16344,995,1789348969.289755
fault_ripple_01,1,abnormal,40,20,16284,1003,1789348969.289755
fault_ripple_01,1,abnormal,40,21,16448,1000,1789348969.289755
fault_ripple_01,1,abnormal,40,22,16304,995,1789348969.289755
fault_ripple_01,1,abnormal,40,23,16344,1002,1789348969.289755
fault_ripple_01,1,abnormal,40,24,16452,999,1789348969.289755
fault_ripple_01,1,abnormal,40,25,16428,997,1789348969.289755
fault_ripple_01,1,abnormal,40,26,16408,998,1789348969.289755
fault_ripple_01,1,abnormal,40,27,16396,999,1789348969.289755
fault_ripple_01,1,abnormal,40,28,16388,998,1789348969.289755
fault_ripple_01,1,abnormal,40,29,16412,1000,1789348969.289755
fault_ripple_01,1,abnormal,40,30,16376,999,1789348969.289755
fault_ripple_01,1,abnormal,40,31,16400,1001,1789348969.289755
fault_ripple_01,1,abnormal,40,32,16160,1000,1789348969.289755
fault_ripple_01,1,abnormal,40,33,16204,998,1789348969.289755
fault_ripple_01,1,abnormal,40,34,16320,999,1789348969.289755
fault_ripple_01,1,abnormal,40,35,16380,999,1789348969.289755
fault_ripple_01,1,abnormal,40,36,16232,996,1789348969.289755
fault_ripple_01,1,abnormal,40,37,16288,1001,1789348969.289755
fault_ripple_01,1,abnormal,40,38,16540,998,1789348969.289755
fault_ripple_01,1,abnormal,40,39,16312,1000,1789348969.289755
fault_ripple_01,1,abnormal,40,40,16512,997,1789348969.289755
fault_ripple_01,1,abnormal,40,41,16420,1000,1789348969.289755
fault_ripple_01,1,abnormal,40,42,16396,1000,1789348969.289755
fault_ripple_01,1,abnormal,40,43,16356,995,1789348969.289755
fault_ripple_01,1,abnormal,40,44,16476,999,1789348969.289755
fault_ripple_01,1,abnormal,40,45,16224,1001,1789348969.289755
fault_ripple_01,1,abnormal,40,46,16192,997,1789348969.289755
fault_ripple_01,1,abnormal,40,47,16328,1002,1789348969.289755
fault_ripple_01,1,abnormal,40,48,16152,996,1789348969.289755
fault_ripple_01,1,abnormal,40,49,16268,999,1789348969.289755
fault_ripple_01,1,abnormal,40,50,16524,1004,1789348969.289755
fault_ripple_01,1,abnormal,40,51,16396,994,1789348969.289755
fault_ripple_01,1,abnormal,40,52,16336,1001,1789348969.289755
fault_ripple_01,1,abnormal,40,53,16540,998,1789348969.289755
fault_ripple_01,1,abnormal,40,54,16440,998,1789348969.289755
fault_ripple_01,1,abnormal,40,55,16560,1001,1789348969.289755
fault_ripple_01,1,abnormal,40,56,16248,1000,1789348969.289755
fault_ripple_01,1,abnormal,40,57,16340,996,1789348969.289755
fault_ripple_01,1,abnormal,40,58,16268,999,1789348969.289755
fault_ripple_01,1,abnormal,40,59,16308,999,1789348969.289755
fault_ripple_01,1,abnormal,40,60,16380,1000,1789348969.289755
fault_ripple_01,1,abnormal,40,61,16168,998,1789348969.289755
fault_ripple_01,1,abnormal,40,62,16180,997,1789348969.289755
fault_ripple_01,1,abnormal,40,63,16352,1004,1789348969.289755
fault_ripple_01,1,abnormal,41,0,16492,0,1789348969.673408
fault_ripple_01,1,abnormal,41,1,16484,999,1789348969.673408
fault_ripple_01,1,abnormal,41,2,16276,996,1789348969.673408
fault_ripple_01,1,abnormal,41,3,16476,1000,1789348969.673408
fault_ripple_01,1,abnormal,41,4,16284,1001,1789348969.673408
fault_ripple_01,1,abnormal,41,5,16100,996,1789348969.673408
fault_ripple_01,1,abnormal,41,6,16372,997,1789348969.673408
fault_ripple_01,1,abnormal,41,7,16160,1003,1789348969.673408
fault_ripple_01,1,abnormal,41,8,16216,996,1789348969.673408
fault_ripple_01,1,abnormal,41,9,16432,1001,1789348969.673408
fault_ripple_01,1,abnormal,41,10,16492,997,1789348969.673408
fault_ripple_01,1,abnormal,41,11,16396,997,1789348969.673408
fault_ripple_01,1,abnormal,41,12,16468,1001,1789348969.673408
fault_ripple_01,1,abnormal,41,13,16460,1001,1789348969.673408
fault_ripple_01,1,abnormal,41,14,16524,998,1789348969.673408
fault_ripple_01,1,abnormal,41,15,16360,1000,1789348969.673408
fault_ripple_01,1,abnormal,41,16,16456,997,1789348969.673408
fault_ripple_01,1,abnormal,41,17,16372,1000,1789348969.673408
fault_ripple_01,1,abnormal,41,18,16256,997,1789348969.673408
fault_ripple_01,1,abnormal,41,19,16312,998,1789348969.673408
fault_ripple_01,1,abnormal,41,20,16232,999,1789348969.673408
fault_ripple_01,1,abnormal,41,21,16180,1002,1789348969.673408
fault_ripple_01,1,abnormal,41,22,16360,995,1789348969.673408
fault_ripple_01,1,abnormal,41,23,16328,1002,1789348969.673408
fault_ripple_01,1,abnormal,41,24,16348,1001,1789348969.673408
fault_ripple_01,1,abnormal,41,25,16508,996,1789348969.673408
fault_ripple_01,1,abnormal,41,26,16480,1000,1789348969.673408
fault_ripple_01,1,abnormal,41,27,16416,997,1789348969.673408
fault_ripple_01,1,abnormal,41,28,16524,1000,1789348969.673408
fault_ripple_01,1,abnormal,41,29,16340,1001,1789348969.673408
fault_ripple_01,1,abnormal,41,30,16424,994,1789348969.673408
fault_ripple_01,1,abnormal,41,31,16456,999,1789348969.673408
fault_ripple_01,1,abnormal,41,32,16320,1001,1789348969.673408
fault_ripple_01,1,abnormal,41,33,16168,999,1789348969.673408
fault_ripple_01,1,abnormal,41,34,16188,1001,1789348969.673408
fault_ripple_01,1,abnormal,41,35,16376,998,1789348969.673408
fault_ripple_01,1,abnormal,41,36,16220,998,1789348969.673408
fault_ripple_01,1,abnormal,41,37,16176,999,1789348969.673408
fault_ripple_01,1,abnormal,41,38,16344,999,1789348969.673408
fault_ripple_01,1,abnormal,41,39,16436,997,1789348969.673408
fault_ripple_01,1,abnormal,41,40,16372,1001,1789348969.673408
fault_ripple_01,1,abnormal,41,41,16500,1000,1789348969.673408
fault_ripple_01,1,abnormal,41,42,16500,999,1789348969.673408
fault_ripple_01,1,abnormal,41,43,16460,996,1789348969.673408
fault_ripple_01,1,abnormal,41,44,16436,1001,1789348969.673408
fault_ripple_01,1,abnormal,41,45,16500,997,1789348969.673408
fault_ripple_01,1,abnormal,41,46,16284,998,1789348969.673408
fault_ripple_01,1,abnormal,41,47,16136,1001,1789348969.673408
fault_ripple_01,1,abnormal,41,48,16456,998,1789348969.673408
fault_ripple_01,1,abnormal,41,49,16140,999,1789348969.673408
fault_ripple_01,1,abnormal,41,50,16236,999,1789348969.673408
fault_ripple_01,1,abnormal,41,51,16376,999,1789348969.673408
fault_ripple_01,1,abnormal,41,52,16416,1001,1789348969.673408
fault_ripple_01,1,abnormal,41,53,16332,998,1789348969.673408
fault_ripple_01,1,abnormal,41,54,16356,1000,1789348969.673408
fault_ripple_01,1,abnormal,41,55,16408,997,1789348969.673408
fault_ripple_01,1,abnormal,41,56,16352,995,1789348969.673408
fault_ripple_01,1,abnormal,41,57,16456,1002,1789348969.673408
fault_ripple_01,1,abnormal,41,58,16464,1000,1789348969.673408
fault_ripple_01,1,abnormal,41,59,16340,999,1789348969.673408
fault_ripple_01,1,abnormal,41,60,16320,999,1789348969.673408
fault_ripple_01,1,abnormal,41,61,16308,998,1789348969.673408
fault_ripple_01,1,abnormal,41,62,16168,996,1789348969.673408
fault_ripple_01,1,abnormal,41,63,16168,1000,1789348969.673408
fault_ripple_01,1,abnormal,42,0,16452,0,1789348970.057879
fault_ripple_01,1,abnormal,42,1,16532,1001,1789348970.057879
fault_ripple_01,1,abnormal,42,2,16392,995,1789348970.057879
fault_ripple_01,1,abnormal,42,3,16488,999,1789348970.057879
fault_ripple_01,1,abnormal,42,4,16440,1000,1789348970.057879
fault_ripple_01,1,abnormal,42,5,16448,998,1789348970.057879
fault_ripple_01,1,abnormal,42,6,16204,1002,1789348970.057879
fault_ripple_01,1,abnormal,42,7,16356,999,1789348970.057879
fault_ripple_01,1,abnormal,42,8,16232,996,1789348970.057879
fault_ripple_01,1,abnormal,42,9,16268,1002,1789348970.057879
fault_ripple_01,1,abnormal,42,10,16236,996,1789348970.057879
fault_ripple_01,1,abnormal,42,11,16176,1003,1789348970.057879
fault_ripple_01,1,abnormal,42,12,16228,996,1789348970.057879
fault_ripple_01,1,abnormal,42,13,16484,998,1789348970.057879
fault_ripple_01,1,abnormal,42,14,16488,998,1789348970.057879
fault_ripple_01,1,abnormal,42,15,16360,1001,1789348970.057879
fault_ripple_01,1,abnormal,42,16,16396,997,1789348970.057879
fault_ripple_01,1,abnormal,42,17,16520,999,1789348970.057879
fault_ripple_01,1,abnormal,42,18,16356,1002,1789348970.057879
fault_ripple_01,1,abnormal,42,19,16384,997,1789348970.057879
fault_ripple_01,1,abnormal,42,20,16316,1002,1789348970.057879
fault_ripple_01,1,abnormal,42,21,16296,996,1789348970.057879
fault_ripple_01,1,abnormal,42,22,16212,997,1789348970.057879
fault_ripple_01,1,abnormal,42,23,16276,1000,1789348970.057879
fault_ripple_01,1,abnormal,42,24,16232,999,1789348970.057879
fault_ripple_01,1,abnormal,42,25,16136,997,1789348970.057879
fault_ripple_01,1,abnormal,42,26,16380,1004,1789348970.057879
fault_ripple_01,1,abnormal,42,27,16392,995,1789348970.057879
fault_ripple_01,1,abnormal,42,28,16408,1002,1789348970.057879
fault_ripple_01,1,abnormal,42,29,16472,996,1789348970.057879
fault_ripple_01,1,abnormal,42,30,16528,998,1789348970.057879
fault_ripple_01,1,abnormal,42,31,16484,998,1789348970.057879
fault_ripple_01,1,abnormal,42,32,16416,1001,1789348970.057879
fault_ripple_01,1,abnormal,42,33,16504,999,1789348970.057879
fault_ripple_01,1,abnormal,42,34,16320,998,1789348970.057879
fault_ripple_01,1,abnormal,42,35,16388,1004,1789348970.057879
fault_ripple_01,1,abnormal,42,36,16264,993,1789348970.057879
fault_ripple_01,1,abnormal,42,37,16272,1001,1789348970.057879
fault_ripple_01,1,abnormal,42,38,16164,998,1789348970.057879
fault_ripple_01,1,abnormal,42,39,16360,999,1789348970.057879
fault_ripple_01,1,abnormal,42,40,16336,1001,1789348970.057879
fault_ripple_01,1,abnormal,42,41,16204,1001,1789348970.057879
fault_ripple_01,1,abnormal,42,42,16528,994,1789348970.057879
fault_ripple_01,1,abnormal,42,43,16484,998,1789348970.057879
fault_ripple_01,1,abnormal,42,44,16456,1002,1789348970.057879
fault_ripple_01,1,abnormal,42,45,16328,998,1789348970.057879
fault_ripple_01,1,abnormal,42,46,16524,1002,1789348970.057879
fault_ripple_01,1,abnormal,42,47,16480,995,1789348970.057879
fault_ripple_01,1,abnormal,42,48,16372,1000,1789348970.057879
fault_ripple_01,1,abnormal,42,49,16464,1000,1789348970.057879
fault_ripple_01,1,abnormal,42,50,16240,995,1789348970.057879
fault_ripple_01,1,abnormal,42,51,16212,1002,1789348970.057879
fault_ripple_01,1,abnormal,42,52,16452,999,1789348970.057879
fault_ripple_01,1,abnormal,42,53,16328,996,1789348970.057879
fault_ripple_01,1,abnormal,42,54,16148,1002,1789348970.057879
fault_ripple_01,1,abnormal,42,55,16392,995,1789348970.057879
fault_ripple_01,1,abnormal,42,56,16468,1003,1789348970.057879
fault_ripple_01,1,abnormal,42,57,16336,998,1789348970.057879
fault_ripple_01,1,abnormal,42,58,16552,995,1789348970.057879
fault_ripple_01,1,abnormal,42,59,16484,1001,1789348970.057879
fault_ripple_01,1,abnormal,42,60,16564,999,1789348970.057879
fault_ripple_01,1,abnormal,42,61,16428,999,1789348970.057879
fault_ripple_01,1,abnormal,42,62,16492,999,1789348970.057879
fault_ripple_01,1,abnormal,42,63,16216,1000,1789348970.057879
fault_ripple_01,1,abnormal,43,0,16276,0,1789348970.441546
fault_ripple_01,1,abnormal,43,1,16344,999,1789348970.441546
fault_ripple_01,1,abnormal,43,2,16328,997,1789348970.441546
fault_ripple_01,1,abnormal,43,3,16396,1000,1789348970.441546
fault_ripple_01,1,abnormal,43,4,16528,1001,1789348970.441546
fault_ripple_01,1,abnormal,43,5,16400,998,1789348970.441546
fault_ripple_01,1,abnormal,43,6,16472,999,1789348970.441546
fault_ripple_01,1,abnormal,43,7,16324,994,1789348970.441546
fault_ripple_01,1,abnormal,43,8,16584,1002,1789348970.441546
fault_ripple_01,1,abnormal,43,9,16492,999,1789348970.441546
fault_ripple_01,1,abnormal,43,10,16340,1001,1789348970.441546
fault_ripple_01,1,abnormal,43,11,16412,997,1789348970.441546
fault_ripple_01,1,abnormal,43,12,16264,999,1789348970.441546
fault_ripple_01,1,abnormal,43,13,16288,996,1789348970.441546
fault_ripple_01,1,abnormal,43,14,16312,1002,1789348970.441546
fault_ripple_01,1,abnormal,43,15,16172,1000,1789348970.441546
fault_ripple_01,1,abnormal,43,16,16252,998,1789348970.441546
fault_ripple_01,1,abnormal,43,17,16424,996,1789348970.441546
fault_ripple_01,1,abnormal,43,18,16452,1000,1789348970.441546
fault_ripple_01,1,abnormal,43,19,16388,1001,1789348970.441546
fault_ripple_01,1,abnormal,43,20,16460,999,1789348970.441546
fault_ripple_01,1,abnormal,43,21,16480,998,1789348970.441546
fault_ripple_01,1,abnormal,43,22,16500,996,1789348970.441546
fault_ripple_01,1,abnormal,43,23,16452,999,1789348970.441546
fault_ripple_01,1,abnormal,43,24,16380,1004,1789348970.441546
fault_ripple_01,1,abnormal,43,25,16268,999,1789348970.441546
fault_ripple_01,1,abnormal,43,26,16220,998,1789348970.441546
fault_ripple_01,1,abnormal,43,27,16440,995,1789348970.441546
fault_ripple_01,1,abnormal,43,28,16184,1003,1789348970.441546
fault_ripple_01,1,abnormal,43,29,16272,998,1789348970.441546
fault_ripple_01,1,abnormal,43,30,16336,995,1789348970.441546
fault_ripple_01,1,abnormal,43,31,16232,1003,1789348970.441546
fault_ripple_01,1,abnormal,43,32,16212,998,1789348970.441546
fault_ripple_01,1,abnormal,43,33,16600,999,1789348970.441546
fault_ripple_01,1,abnormal,43,34,16408,995,1789348970.441546
fault_ripple_01,1,abnormal,43,35,16524,1001,1789348970.441546
fault_ripple_01,1,abnormal,43,36,16384,1000,1789348970.441546
fault_ripple_01,1,abnormal,43,37,16492,996,1789348970.441546
fault_ripple_01,1,abnormal,43,38,16436,1001,1789348970.441546
fault_ripple_01,1,abnormal,43,39,16300,998,1789348970.441546
fault_ripple_01,1,abnormal,43,40,16424,998,1789348970.441546
fault_ripple_01,1,abnormal,43,41,16136,1000,1789348970.441546
fault_ripple_01,1,abnormal,43,42,16212,996,1789348970.441546
fault_ripple_01,1,abnormal,43,43,16352,1000,1789348970.441546
fault_ripple_01,1,abnormal,43,44,16260,1002,1789348970.441546
fault_ripple_01,1,abnormal,43,45,16172,995,1789348970.441546
fault_ripple_01,1,abnormal,43,46,16336,999,1789348970.441546
fault_ripple_01,1,abnormal,43,47,16468,1002,1789348970.441546
fault_ripple_01,1,abnormal,43,48,16452,997,1789348970.441546
fault_ripple_01,1,abnormal,43,49,16532,999,1789348970.441546
fault_ripple_01,1,abnormal,43,50,16564,996,1789348970.441546
fault_ripple_01,1,abnormal,43,51,16468,1003,1789348970.441546
fault_ripple_01,1,abnormal,43,52,16360,1000,1789348970.441546
fault_ripple_01,1,abnormal,43,53,16432,995,1789348970.441546
fault_ripple_01,1,abnormal,43,54,16368,1001,1789348970.441546
fault_ripple_01,1,abnormal,43,55,16320,1000,1789348970.441546
fault_ripple_01,1,abnormal,43,56,16340,995,1789348970.441546
fault_ripple_01,1,abnormal,43,57,16100,1001,1789348970.441546
fault_ripple_01,1,abnormal,43,58,16348,1001,1789348970.441546
fault_ripple_01,1,abnormal,43,59,16328,995,1789348970.441546
fault_ripple_01,1,abnormal,43,60,16356,1002,1789348970.441546
fault_ripple_01,1,abnormal,43,61,16280,1001,1789348970.441546
fault_ripple_01,1,abnormal,43,62,16472,996,1789348970.441546
fault_ripple_01,1,abnormal,43,63,16448,999,1789348970.441546
fault_ripple_01,1,abnormal,44,0,16392,0,1789348970.825795
fault_ripple_01,1,abnormal,44,1,16332,1000,1789348970.825795
fault_ripple_01,1,abnormal,44,2,16512,999,1789348970.825795
fault_ripple_01,1,abnormal,44,3,16260,1002,1789348970.825795
fault_ripple_01,1,abnormal,44,4,16292,998,1789348970.825795
fault_ripple_01,1,abnormal,44,5,16316,995,1789348970.825795
fault_ripple_01,1,abnormal,44,6,16100,1002,1789348970.825795
fault_ripple_01,1,abnormal,44,7,16228,999,1789348970.825795
fault_ripple_01,1,abnormal,44,8,16380,999,1789348970.825795
fault_ripple_01,1,abnormal,44,9,16404,998,1789348970.825795
fault_ripple_01,1,abnormal,44,10,16452,999,1789348970.825795
fault_ripple_01,1,abnormal,44,11,16480,996,1789348970.825795
fault_ripple_01,1,abnormal,44,12,16532,1000,1789348970.825795
fault_ripple_01,1,abnormal,44,13,16480,1000,1789348970.825795
fault_ripple_01,1,abnormal,44,14,16352,999,1789348970.825795
fault_ripple_01,1,abnormal,44,15,16388,999,1789348970.825795
fault_ripple_01,1,abnormal,44,16,16416,999,1789348970.825795
fault_ripple_01,1,abnormal,44,17,16168,996,1789348970.825795
fault_ripple_01,1,abnormal,44,18,16432,1000,1789348970.825795
fault_ripple_01,1,abnormal,44,19,16148,1000,1789348970.825795
fault_ripple_01,1,abnormal,44,20,16212,996,1789348970.825795
fault_ripple_01,1,abnormal,44,21,16300,1003,1789348970.825795
fault_ripple_01,1,abnormal,44,22,16300,996,1789348970.825795
fault_ripple_01,1,abnormal,44,23,16348,1000,1789348970.825795
fault_ripple_01,1,abnormal,44,24,16368,998,1789348970.825795
fault_ripple_01,1,abnormal,44,25,16588,999,1789348970.825795
fault_ripple_01,1,abnormal,44,26,16380,1000,1789348970.825795
fault_ripple_01,1,abnormal,44,27,16416,1000,1789348970.825795
fault_ripple_01,1,abnormal,44,28,16540,995,1789348970.825795
fault_ripple_01,1,abnormal,44,29,16352,1004,1789348970.825795
fault_ripple_01,1,abnormal,44,30,16352,994,1789348970.825795
fault_ripple_01,1,abnormal,44,31,16448,1000,1789348970.825795
fault_ripple_01,1,abnormal,44,32,16212,999,1789348970.825795
fault_ripple_01,1,abnormal,44,33,16268,999,1789348970.825795
fault_ripple_01,1,abnormal,44,34,16364,998,1789348970.825795
fault_ripple_01,1,abnormal,44,35,16296,999,1789348970.825795
fault_ripple_01,1,abnormal,44,36,16268,996,1789348970.825795
fault_ripple_01,1,abnormal,44,37,16388,1003,1789348970.825795
fault_ripple_01,1,abnormal,44,38,16440,998,1789348970.825795
fault_ripple_01,1,abnormal,44,39,16212,998,1789348970.825795
fault_ripple_01,1,abnormal,44,40,16448,999,1789348970.825795
fault_ripple_01,1,abnormal,44,41,16464,997,1789348970.825795
fault_ripple_01,1,abnormal,44,42,16380,1000,1789348970.825795
fault_ripple_01,1,abnormal,44,43,16344,998,1789348970.825795
fault_ripple_01,1,abnormal,44,44,16468,998,1789348970.825795
fault_ripple_01,1,abnormal,44,45,16476,999,1789348970.825795
fault_ripple_01,1,abnormal,44,46,16228,999,1789348970.825795
fault_ripple_01,1,abnormal,44,47,16408,999,1789348970.825795
fault_ripple_01,1,abnormal,44,48,16220,1001,1789348970.825795
fault_ripple_01,1,abnormal,44,49,16224,1001,1789348970.825795
fault_ripple_01,1,abnormal,44,50,16356,998,1789348970.825795
fault_ripple_01,1,abnormal,44,51,16252,999,1789348970.825795
fault_ripple_01,1,abnormal,44,52,16204,999,1789348970.825795
fault_ripple_01,1,abnormal,44,53,16316,997,1789348970.825795
fault_ripple_01,1,abnormal,44,54,16476,999,1789348970.825795
fault_ripple_01,1,abnormal,44,55,16380,997,1789348970.825795
fault_ripple_01,1,abnormal,44,56,16424,1000,1789348970.825795
fault_ripple_01,1,abnormal,44,57,16560,997,1789348970.825795
fault_ripple_01,1,abnormal,44,58,16536,999,1789348970.825795
fault_ripple_01,1,abnormal,44,59,16368,1002,1789348970.825795
fault_ripple_01,1,abnormal,44,60,16444,997,1789348970.825795
fault_ripple_01,1,abnormal,44,61,16232,1000,1789348970.825795
fault_ripple_01,1,abnormal,44,62,16140,995,1789348970.825795
fault_ripple_01,1,abnormal,44,63,16416,1002,1789348970.825795
fault_ripple_01,1,abnormal,45,0,16456,0,1789348971.209461
fault_ripple_01,1,abnormal,45,1,16264,1002,1789348971.209461
fault_ripple_01,1,abnormal,45,2,16524,1001,1789348971.209461
fault_ripple_01,1,abnormal,45,3,16512,997,1789348971.209461
fault_ripple_01,1,abnormal,45,4,16440,998,1789348971.209461
fault_ripple_01,1,abnormal,45,5,16404,997,1789348971.209461
fault_ripple_01,1,abnormal,45,6,16448,1003,1789348971.209461
fault_ripple_01,1,abnormal,45,7,16348,994,1789348971.209461
fault_ripple_01,1,abnormal,45,8,16248,999,1789348971.209461
fault_ripple_01,1,abnormal,45,9,16404,998,1789348971.209461
fault_ripple_01,1,abnormal,45,10,16212,1002,1789348971.209461
fault_ripple_01,1,abnormal,45,11,16184,1000,1789348971.209461
fault_ripple_01,1,abnormal,45,12,16300,1000,1789348971.209461
fault_ripple_01,1,abnormal,45,13,16220,994,1789348971.209461
fault_ripple_01,1,abnormal,45,14,16216,1002,1789348971.209461
fault_ripple_01,1,abnormal,45,15,16356,999,1789348971.209461
fault_ripple_01,1,abnormal,45,16,16504,996,1789348971.209461
fault_ripple_01,1,abnormal,45,17,16408,998,1789348971.209461
fault_ripple_01,1,abnormal,45,18,16588,1004,1789348971.209461
fault_ripple_01,1,abnormal,45,19,16524,998,1789348971.209461
fault_ripple_01,1,abnormal,45,20,16428,995,1789348971.209461
fault_ripple_01,1,abnormal,45,21,16304,999,1789348971.209461
fault_ripple_01,1,abnormal,45,22,16368,1002,1789348971.209461
fault_ripple_01,1,abnormal,45,23,16392,995,1789348971.209461
fault_ripple_01,1,abnormal,45,24,16196,1004,1789348971.209461
fault_ripple_01,1,abnormal,45,25,16288,996,1789348971.209461
fault_ripple_01,1,abnormal,45,26,16160,999,1789348971.209461
fault_ripple_01,1,abnormal,45,27,16248,997,1789348971.209461
fault_ripple_01,1,abnormal,45,28,16276,1000,1789348971.209461
fault_ripple_01,1,abnormal,45,29,16240,998,1789348971.209461
fault_ripple_01,1,abnormal,45,30,16360,1001,1789348971.209461
fault_ripple_01,1,abnormal,45,31,16480,994,1789348971.209461
fault_ripple_01,1,abnormal,45,32,16524,1000,1789348971.209461
fault_ripple_01,1,abnormal,45,33,16400,1004,1789348971.209461
fault_ripple_01,1,abnormal,45,34,16380,995,1789348971.209461
fault_ripple_01,1,abnormal,45,35,16540,1002,1789348971.209461
fault_ripple_01,1,abnormal,45,36,16436,999,1789348971.209461
fault_ripple_01,1,abnormal,45,37,16340,996,1789348971.209461
fault_ripple_01,1,abnormal,45,38,16380,1002,1789348971.209461
fault_ripple_01,1,abnormal,45,39,16264,994,1789348971.209461
fault_ripple_01,1,abnormal,45,40,16192,999,1789348971.209461
fault_ripple_01,1,abnormal,45,41,16384,1002,1789348971.209461
fault_ripple_01,1,abnormal,45,42,16296,1000,1789348971.209461
fault_ripple_01,1,abnormal,45,43,16136,996,1789348971.209461
fault_ripple_01,1,abnormal,45,44,16340,998,1789348971.209461
fault_ripple_01,1,abnormal,45,45,16408,1000,1789348971.209461
fault_ripple_01,1,abnormal,45,46,16292,998,1789348971.209461
fault_ripple_01,1,abnormal,45,47,16472,1002,1789348971.209461
fault_ripple_01,1,abnormal,45,48,16372,995,1789348971.209461
fault_ripple_01,1,abnormal,45,49,16460,1004,1789348971.209461
fault_ripple_01,1,abnormal,45,50,16348,998,1789348971.209461
fault_ripple_01,1,abnormal,45,51,16432,999,1789348971.209461
fault_ripple_01,1,abnormal,45,52,16276,994,1789348971.209461
fault_ripple_01,1,abnormal,45,53,16264,1002,1789348971.209461
fault_ripple_01,1,abnormal,45,54,16360,997,1789348971.209461
fault_ripple_01,1,abnormal,45,55,16260,999,1789348971.209461
fault_ripple_01,1,abnormal,45,56,16300,1002,1789348971.209461
fault_ripple_01,1,abnormal,45,57,16324,996,1789348971.209461
fault_ripple_01,1,abnormal,45,58,16404,999,1789348971.209461
fault_ripple_01,1,abnormal,45,59,16300,1000,1789348971.209461
fault_ripple_01,1,abnormal,45,60,16492,1001,1789348971.209461
fault_ripple_01,1,abnormal,45,61,16400,999,1789348971.209461
fault_ripple_01,1,abnormal,45,62,16496,999,1789348971.209461
fault_ripple_01,1,abnormal,45,63,16340,995,1789348971.209461
fault_ripple_01,1,abnormal,46,0,16420,0,1789348971.593855
fault_ripple_01,1,abnormal,46,1,16252,998,1789348971.593855
fault_ripple_01,1,abnormal,46,2,16280,1000,1789348971.593855
fault_ripple_01,1,abnormal,46,3,16316,1000,1789348971.593855
fault_ripple_01,1,abnormal,46,4,16144,1000,1789348971.593855
fault_ripple_01,1,abnormal,46,5,16260,998,1789348971.593855
fault_ripple_01,1,abnormal,46,6,16384,1000,1789348971.593855
fault_ripple_01,1,abnormal,46,7,16488,995,1789348971.593855
fault_ripple_01,1,abnormal,46,8,16352,999,1789348971.593855
fault_ripple_01,1,abnormal,46,9,16508,1000,1789348971.593855
fault_ripple_01,1,abnormal,46,10,16580,1001,1789348971.593855
fault_ripple_01,1,abnormal,46,11,16540,996,1789348971.593855
fault_ripple_01,1,abnormal,46,12,16400,999,1789348971.593855
fault_ripple_01,1,abnormal,46,13,16512,999,1789348971.593855
fault_ripple_01,1,abnormal,46,14,16344,998,1789348971.593855
fault_ripple_01,1,abnormal,46,15,16256,1003,1789348971.593855
fault_ripple_01,1,abnormal,46,16,16304,996,1789348971.593855
fault_ripple_01,1,abnormal,46,17,16232,1001,1789348971.593855
fault_ripple_01,1,abnormal,46,18,16304,999,1789348971.593855
fault_ripple_01,1,abnormal,46,19,16300,999,1789348971.593855
fault_ripple_01,1,abnormal,46,20,16304,1000,1789348971.593855
fault_ripple_01,1,abnormal,46,21,16260,994,1789348971.593855
fault_ripple_01,1,abnormal,46,22,16488,999,1789348971.593855
fault_ripple_01,1,abnormal,46,23,16400,1004,1789348971.593855
fault_ripple_01,1,abnormal,46,24,16424,995,1789348971.593855
fault_ripple_01,1,abnormal,46,25,16448,1001,1789348971.593855
fault_ripple_01,1,abnormal,46,26,16448,1002,1789348971.593855
fault_ripple_01,1,abnormal,46,27,16444,998,1789348971.593855
fault_ripple_01,1,abnormal,46,28,16388,995,1789348971.593855
fault_ripple_01,1,abnormal,46,29,16508,998,1789348971.593855
fault_ripple_01,1,abnormal,46,30,16172,1003,1789348971.593855
fault_ripple_01,1,abnormal,46,31,16236,996,1789348971.593855
fault_ripple_01,1,abnormal,46,32,16324,999,1789348971.593855
fault_ripple_01,1,abnormal,46,33,16184,997,1789348971.593855
fault_ripple_01,1,abnormal,46,34,16224,1003,1789348971.593855
fault_ripple_01,1,abnormal,46,35,16392,997,1789348971.593855
fault_ripple_01,1,abnormal,46,36,16476,998,1789348971.593855
fault_ripple_01,1,abnormal,46,37,16392,1000,1789348971.593855
fault_ripple_01,1,abnormal,46,38,16476,1000,1789348971.593855
fault_ripple_01,1,abnormal,46,39,16480,1000,1789348971.593855
fault_ripple_01,1,abnormal,46,40,16396,999,1789348971.593855
fault_ripple_01,1,abnormal,46,41,16448,997,1789348971.593855
fault_ripple_01,1,abnormal,46,42,16360,1000,1789348971.593855
fault_ripple_01,1,abnormal,46,43,16260,1000,1789348971.593855
fault_ripple_01,1,abnormal,46,44,16128,994,1789348971.593855
fault_ripple_01,1,abnormal,46,45,16392,1003,1789348971.593855
fault_ripple_01,1,abnormal,46,46,16128,998,1789348971.593855
fault_ripple_01,1,abnormal,46,47,16140,999,1789348971.593855
fault_ripple_01,1,abnormal,46,48,16400,999,1789348971.593855
fault_ripple_01,1,abnormal,46,49,16456,994,1789348971.593855
fault_ripple_01,1,abnormal,46,50,16320,1001,1789348971.593855
fault_ripple_01,1,abnormal,46,51,16428,998,1789348971.593855
fault_ripple_01,1,abnormal,46,52,16464,1002,1789348971.593855
fault_ripple_01,1,abnormal,46,53,16384,994,1789348971.593855
fault_ripple_01,1,abnormal,46,54,16460,1004,1789348971.593855
fault_ripple_01,1,abnormal,46,55,16512,995,1789348971.593855
fault_ripple_01,1,abnormal,46,56,16412,1000,1789348971.593855
fault_ripple_01,1,abnormal,46,57,16268,997,1789348971.593855
fault_ripple_01,1,abnormal,46,58,16392,1000,1789348971.593855
fault_ripple_01,1,abnormal,46,59,16256,1002,1789348971.593855
fault_ripple_01,1,abnormal,46,60,16268,999,1789348971.593855
fault_ripple_01,1,abnormal,46,61,16328,995,1789348971.593855
fault_ripple_01,1,abnormal,46,62,16296,998,1789348971.593855
fault_ripple_01,1,abnormal,46,63,16228,1004,1789348971.593855
fault_ripple_01,1,abnormal,47,0,16372,0,1789348971.977826
fault_ripple_01,1,abnormal,47,1,16436,996,1789348971.977826
fault_ripple_01,1,abnormal,47,2,16412,1001,1789348971.977826
fault_ripple_01,1,abnormal,47,3,16304,1000,1789348971.977826
fault_ripple_01,1,abnormal,47,4,16464,994,1789348971.977826
fault_ripple_01,1,abnormal,47,5,16300,999,1789348971.977826
fault_ripple_01,1,abnormal,47,6,16188,1000,1789348971.977826
fault_ripple_01,1,abnormal,47,7,16348,999,1789348971.977826
fault_ripple_01,1,abnormal,47,8,16208,1001,1789348971.977826
fault_ripple_01,1,abnormal,47,9,16172,999,1789348971.977826
fault_ripple_01,1,abnormal,47,10,16412,996,1789348971.977826
fault_ripple_01,1,abnormal,47,11,16460,999,1789348971.977826
fault_ripple_01,1,abnormal,47,12,16336,1004,1789348971.977826
fault_ripple_01,1,abnormal,47,13,16416,994,1789348971.977826
fault_ripple_01,1,abnormal,47,14,16544,998,1789348971.977826
fault_ripple_01,1,abnormal,47,15,16496,1003,1789348971.977826
fault_ripple_01,1,abnormal,47,16,16496,996,1789348971.977826
fault_ripple_01,1,abnormal,47,17,16456,998,1789348971.977826
fault_ripple_01,1,abnormal,47,18,16416,999,1789348971.977826
fault_ripple_01,1,abnormal,47,19,16252,1001,1789348971.977826
fault_ripple_01,1,abnormal,47,20,16332,997,1789348971.977826
fault_ripple_01,1,abnormal,47,21,16276,1003,1789348971.977826
fault_ripple_01,1,abnormal,47,22,16136,997,1789348971.977826
fault_ripple_01,1,abnormal,47,23,16324,999,1789348971.977826
fault_ripple_01,1,abnormal,47,24,16316,1001,1789348971.977826
fault_ripple_01,1,abnormal,47,25,16328,999,1789348971.977826
fault_ripple_01,1,abnormal,47,26,16388,995,1789348971.977826
fault_ripple_01,1,abnormal,47,27,16536,999,1789348971.977826
fault_ripple_01,1,abnormal,47,28,16476,999,1789348971.977826
fault_ripple_01,1,abnormal,47,29,16436,997,1789348971.977826
fault_ripple_01,1,abnormal,47,30,16548,1004,1789348971.977826
fault_ripple_01,1,abnormal,47,31,16400,994,1789348971.977826
fault_ripple_01,1,abnormal,47,32,16412,999,1789348971.977826
fault_ripple_01,1,abnormal,47,33,16328,1003,1789348971.977826
fault_ripple_01,1,abnormal,47,34,16244,995,1789348971.977826
fault_ripple_01,1,abnormal,47,35,16320,1000,1789348971.977826
fault_ripple_01,1,abnormal,47,36,16268,999,1789348971.977826
fault_ripple_01,1,abnormal,47,37,16256,1001,1789348971.977826
fault_ripple_01,1,abnormal,47,38,16260,996,1789348971.977826
fault_ripple_01,1,abnormal,47,39,16384,999,1789348971.977826
fault_ripple_01,1,abnormal,47,40,16372,1001,1789348971.977826
fault_ripple_01,1,abnormal,47,41,16376,999,1789348971.977826
fault_ripple_01,1,abnormal,47,42,16408,999,1789348971.977826
fault_ripple_01,1,abnormal,47,43,16492,994,1789348971.977826
fault_ripple_01,1,abnormal,47,44,16472,999,1789348971.977826
fault_ripple_01,1,abnormal,47,45,16436,1004,1789348971.977826
fault_ripple_01,1,abnormal,47,46,16484,995,1789348971.977826
fault_ripple_01,1,abnormal,47,47,16312,1000,1789348971.977826
fault_ripple_01,1,abnormal,47,48,16320,1000,1789348971.977826
fault_ripple_01,1,abnormal,47,49,16388,998,1789348971.977826
fault_ripple_01,1,abnormal,47,50,16212,1000,1789348971.977826
fault_ripple_01,1,abnormal,47,51,16256,999,1789348971.977826
fault_ripple_01,1,abnormal,47,52,16348,994,1789348971.977826
fault_ripple_01,1,abnormal,47,53,16348,1000,1789348971.977826
fault_ripple_01,1,abnormal,47,54,16260,998,1789348971.977826
fault_ripple_01,1,abnormal,47,55,16492,1003,1789348971.977826
fault_ripple_01,1,abnormal,47,56,16328,994,1789348971.977826
fault_ripple_01,1,abnormal,47,57,16468,1000,1789348971.977826
fault_ripple_01,1,abnormal,47,58,16420,1000,1789348971.977826
fault_ripple_01,1,abnormal,47,59,16468,997,1789348971.977826
fault_ripple_01,1,abnormal,47,60,16432,997,1789348971.977826
fault_ripple_01,1,abnormal,47,61,16332,999,1789348971.977826
fault_ripple_01,1,abnormal,47,62,16464,1000,1789348971.977826
fault_ripple_01,1,abnormal,47,63,16184,1000,1789348971.977826
fault_ripple_01,1,abnormal,48,0,16356,0,1789348972.361453
fault_ripple_01,1,abnormal,48,1,16420,1000,1789348972.361453
fault_ripple_01,1,abnormal,48,2,16464,996,1789348972.361453
fault_ripple_01,1,abnormal,48,3,16312,997,1789348972.361453
fault_ripple_01,1,abnormal,48,4,16448,1001,1789348972.361453
fault_ripple_01,1,abnormal,48,5,16456,999,1789348972.361453
fault_ripple_01,1,abnormal,48,6,16384,1000,1789348972.361453
fault_ripple_01,1,abnormal,48,7,16356,999,1789348972.361453
fault_ripple_01,1,abnormal,48,8,16468,997,1789348972.361453
fault_ripple_01,1,abnormal,48,9,16216,999,1789348972.361453
fault_ripple_01,1,abnormal,48,10,16344,998,1789348972.361453
fault_ripple_01,1,abnormal,48,11,16384,998,1789348972.361453
fault_ripple_01,1,abnormal,48,12,16192,1000,1789348972.361453
fault_ripple_01,1,abnormal,48,13,16184,998,1789348972.361453
fault_ripple_01,1,abnormal,48,14,16320,1001,1789348972.361453
fault_ripple_01,1,abnormal,48,15,16376,996,1789348972.361453
fault_ripple_01,1,abnormal,48,16,16352,1002,1789348972.361453
fault_ripple_01,1,abnormal,48,17,16372,997,1789348972.361453
fault_ripple_01,1,abnormal,48,18,16420,996,1789348972.361453
fault_ripple_01,1,abnormal,48,19,16360,1002,1789348972.361453
fault_ripple_01,1,abnormal,48,20,16496,998,1789348972.361453
fault_ripple_01,1,abnormal,48,21,16424,997,1789348972.361453
fault_ripple_01,1,abnormal,48,22,16352,1001,1789348972.361453
fault_ripple_01,1,abnormal,48,23,16280,998,1789348972.361453
fault_ripple_01,1,abnormal,48,24,16432,996,1789348972.361453
fault_ripple_01,1,abnormal,48,25,16228,1000,1789348972.361453
fault_ripple_01,1,abnormal,48,26,16292,1002,1789348972.361453
fault_ripple_01,1,abnormal,48,27,16304,995,1789348972.361453
fault_ripple_01,1,abnormal,48,28,16248,998,1789348972.361453
fault_ripple_01,1,abnormal,48,29,16240,999,1789348972.361453
fault_ripple_01,1,abnormal,48,30,16440,999,1789348972.361453
fault_ripple_01,1,abnormal,48,31,16388,1002,1789348972.361453
fault_ripple_01,1,abnormal,48,32,16416,998,1789348972.361453
fault_ripple_01,1,abnormal,48,33,16432,998,1789348972.361453
fault_ripple_01,1,abnormal,48,34,16520,998,1789348972.361453
fault_ripple_01,1,abnormal,48,35,16384,1002,1789348972.361453
fault_ripple_01,1,abnormal,48,36,16448,997,1789348972.361453
fault_ripple_01,1,abnormal,48,37,16392,997,1789348972.361453
fault_ripple_01,1,abnormal,48,38,16284,1002,1789348972.361453
fault_ripple_01,1,abnormal,48,39,16288,1000,1789348972.361453
fault_ripple_01,1,abnormal,48,40,16352,999,1789348972.361453
fault_ripple_01,1,abnormal,48,41,16244,995,1789348972.361453
fault_ripple_01,1,abnormal,48,42,16268,998,1789348972.361453
fault_ripple_01,1,abnormal,48,43,16412,1004,1789348972.361453
fault_ripple_01,1,abnormal,48,44,16392,996,1789348972.361453
fault_ripple_01,1,abnormal,48,45,16388,1000,1789348972.361453
fault_ripple_01,1,abnormal,48,46,16492,997,1789348972.361453
fault_ripple_01,1,abnormal,48,47,16468,1001,1789348972.361453
fault_ripple_01,1,abnormal,48,48,16492,998,1789348972.361453
fault_ripple_01,1,abnormal,48,49,16388,1002,1789348972.361453
fault_ripple_01,1,abnormal,48,50,16392,996,1789348972.361453
fault_ripple_01,1,abnormal,48,51,16280,997,1789348972.361453
fault_ripple_01,1,abnormal,48,52,16172,1001,1789348972.361453
fault_ripple_01,1,abnormal,48,53,16440,1001,1789348972.361453
fault_ripple_01,1,abnormal,48,54,16152,995,1789348972.361453
fault_ripple_01,1,abnormal,48,55,16276,999,1789348972.361453
fault_ripple_01,1,abnormal,48,56,16356,999,1789348972.361453
fault_ripple_01,1,abnormal,48,57,16308,1002,1789348972.361453
fault_ripple_01,1,abnormal,48,58,16304,995,1789348972.361453
fault_ripple_01,1,abnormal,48,59,16488,997,1789348972.361453
fault_ripple_01,1,abnormal,48,60,16416,1001,1789348972.361453
fault_ripple_01,1,abnormal,48,61,16384,1000,1789348972.361453
fault_ripple_01,1,abnormal,48,62,16320,996,1789348972.361453
fault_ripple_01,1,abnormal,48,63,16436,1000,1789348972.361453
fault_ripple_01,1,abnormal,49,0,16228,0,1789348972.745816
fault_ripple_01,1,abnormal,49,1,16180,994,1789348972.745816
fault_ripple_01,1,abnormal,49,2,16380,999,1789348972.745816
fault_ripple_01,1,abnormal,49,3,16348,1001,1789348972.745816
fault_ripple_01,1,abnormal,49,4,16372,999,1789348972.745816
fault_ripple_01,1,abnormal,49,5,16516,998,1789348972.745816
fault_ripple_01,1,abnormal,49,6,16412,1000,1789348972.745816
fault_ripple_01,1,abnormal,49,7,16356,998,1789348972.745816
fault_ripple_01,1,abnormal,49,8,16332,1001,1789348972.745816
fault_ripple_01,1,abnormal,49,9,16440,994,1789348972.745816
fault_ripple_01,1,abnormal,49,10,16360,1001,1789348972.745816
fault_ripple_01,1,abnormal,49,11,16220,1002,1789348972.745816
fault_ripple_01,1,abnormal,49,12,16396,994,1789348972.745816
fault_ripple_01,1,abnormal,49,13,16268,999,1789348972.745816
fault_ripple_01,1,abnormal,49,14,16220,999,1789348972.745816
fault_ripple_01,1,abnormal,49,15,16356,1000,1789348972.745816
fault_ripple_01,1,abnormal,49,16,16232,1000,1789348972.745816
fault_ripple_01,1,abnormal,49,17,16296,998,1789348972.745816
fault_ripple_01,1,abnormal,49,18,16508,1000,1789348972.745816
fault_ripple_01,1,abnormal,49,19,16464,1000,1789348972.745816
fault_ripple_01,1,abnormal,49,20,16468,998,1789348972.745816
fault_ripple_01,1,abnormal,49,21,16480,1001,1789348972.745816
fault_ripple_01,1,abnormal,49,22,16524,993,1789348972.745816
fault_ripple_01,1,abnormal,49,23,16376,1000,1789348972.745816
fault_ripple_01,1,abnormal,49,24,16360,1002,1789348972.745816
fault_ripple_01,1,abnormal,49,25,16444,1000,1789348972.745816
fault_ripple_01,1,abnormal,49,26,16260,999,1789348972.745816
fault_ripple_01,1,abnormal,49,27,16204,994,1789348972.745816
fault_ripple_01,1,abnormal,49,28,16388,1000,1789348972.745816
fault_ripple_01,1,abnormal,49,29,16244,998,1789348972.745816
fault_ripple_01,1,abnormal,49,30,16344,1003,1789348972.745816
fault_ripple_01,1,abnormal,49,31,16328,997,1789348972.745816
fault_ripple_01,1,abnormal,49,32,16496,996,1789348972.745816
fault_ripple_01,1,abnormal,49,33,16324,1002,1789348972.745816
fault_ripple_01,1,abnormal,49,34,16476,998,1789348972.745816
fault_ripple_01,1,abnormal,49,35,16456,999,1789348972.745816
fault_ripple_01,1,abnormal,49,36,16364,998,1789348972.745816
fault_ripple_01,1,abnormal,49,37,16400,999,1789348972.745816
fault_ripple_01,1,abnormal,49,38,16420,1000,1789348972.745816
fault_ripple_01,1,abnormal,49,39,16152,997,1789348972.745816
fault_ripple_01,1,abnormal,49,40,16156,998,1789348972.745816
fault_ripple_01,1,abnormal,49,41,16340,999,1789348972.745816
fault_ripple_01,1,abnormal,49,42,16196,999,1789348972.745816
fault_ripple_01,1,abnormal,49,43,16176,1000,1789348972.745816
fault_ripple_01,1,abnormal,49,44,16296,999,1789348972.745816
fault_ripple_01,1,abnormal,49,45,16344,1000,1789348972.745816
fault_ripple_01,1,abnormal,49,46,16372,998,1789348972.745816
fault_ripple_01,1,abnormal,49,47,16456,996,1789348972.745816
fault_ripple_01,1,abnormal,49,48,16452,1001,1789348972.745816
fault_ripple_01,1,abnormal,49,49,16500,996,1789348972.745816
fault_ripple_01,1,abnormal,49,50,16408,1004,1789348972.745816
fault_ripple_01,1,abnormal,49,51,16416,994,1789348972.745816
fault_ripple_01,1,abnormal,49,52,16252,1002,1789348972.745816
fault_ripple_01,1,abnormal,49,53,16284,996,1789348972.745816
fault_ripple_01,1,abnormal,49,54,16380,1004,1789348972.745816
fault_ripple_01,1,abnormal,49,55,16296,995,1789348972.745816
fault_ripple_01,1,abnormal,49,56,16260,999,1789348972.745816
fault_ripple_01,1,abnormal,49,57,16372,999,1789348972.745816
fault_ripple_01,1,abnormal,49,58,16236,1002,1789348972.745816
fault_ripple_01,1,abnormal,49,59,16320,995,1789348972.745816
fault_ripple_01,1,abnormal,49,60,16416,998,1789348972.745816
fault_ripple_01,1,abnormal,49,61,16388,1001,1789348972.745816
fault_ripple_01,1,abnormal,49,62,16424,998,1789348972.745816
fault_ripple_01,1,abnormal,49,63,16436,1002,1789348972.745816
fault_ripple_01,1,abnormal,50,0,16180,0,1789348973.130020
fault_ripple_01,1,abnormal,50,1,16236,998,1789348973.130020
fault_ripple_01,1,abnormal,50,2,16360,999,1789348973.130020
fault_ripple_01,1,abnormal,50,3,16376,999,1789348973.130020
fault_ripple_01,1,abnormal,50,4,16380,1001,1789348973.130020
fault_ripple_01,1,abnormal,50,5,16388,1000,1789348973.130020
fault_ripple_01,1,abnormal,50,6,16496,996,1789348973.130020
fault_ripple_01,1,abnormal,50,7,16360,999,1789348973.130020
fault_ripple_01,1,abnormal,50,8,16492,998,1789348973.130020
fault_ripple_01,1,abnormal,50,9,16484,1004,1789348973.130020
fault_ripple_01,1,abnormal,50,10,16388,995,1789348973.130020
fault_ripple_01,1,abnormal,50,11,16272,1002,1789348973.130020
fault_ripple_01,1,abnormal,50,12,16372,997,1789348973.130020
fault_ripple_01,1,abnormal,50,13,16228,997,1789348973.130020
fault_ripple_01,1,abnormal,50,14,16168,1001,1789348973.130020
fault_ripple_01,1,abnormal,50,15,16340,997,1789348973.130020
fault_ripple_01,1,abnormal,50,16,16248,1001,1789348973.130020
fault_ripple_01,1,abnormal,50,17,16308,996,1789348973.130020
fault_ripple_01,1,abnormal,50,18,16464,999,1789348973.130020
fault_ripple_01,1,abnormal,50,19,16452,1003,1789348973.130020
fault_ripple_01,1,abnormal,50,20,16460,996,1789348973.130020
fault_ripple_01,1,abnormal,50,21,16436,1000,1789348973.130020
fault_ripple_01,1,abnormal,50,22,16424,997,1789348973.130020
fault_ripple_01,1,abnormal,50,23,16532,1001,1789348973.130020
fault_ripple_01,1,abnormal,50,24,16368,998,1789348973.130020
fault_ripple_01,1,abnormal,50,25,16428,1001,1789348973.130020
fault_ripple_01,1,abnormal,50,26,16212,994,1789348973.130020
fault_ripple_01,1,abnormal,50,27,16236,1003,1789348973.130020
fault_ripple_01,1,abnormal,50,28,16376,997,1789348973.130020
fault_ripple_01,1,abnormal,50,29,16372,1001,1789348973.130020
fault_ripple_01,1,abnormal,50,30,16196,996,1789348973.130020
fault_ripple_01,1,abnormal,50,31,16280,998,1789348973.130020
fault_ripple_01,1,abnormal,50,32,16440,1001,1789348973.130020
fault_ripple_01,1,abnormal,50,33,16332,998,1789348973.130020
fault_ripple_01,1,abnormal,50,34,16464,999,1789348973.130020
fault_ripple_01,1,abnormal,50,35,16492,995,1789348973.130020
fault_ripple_01,1,abnormal,50,36,16368,1002,1789348973.130020
fault_ripple_01,1,abnormal,50,37,16348,1000,1789348973.130020
fault_ripple_01,1,abnormal,50,38,16384,998,1789348973.130020
fault_ripple_01,1,abnormal,50,39,16264,998,1789348973.130020
fault_ripple_01,1,abnormal,50,40,16196,1002,1789348973.130020
fault_ripple_01,1,abnormal,50,41,16324,995,1789348973.130020
fault_ripple_01,1,abnormal,50,42,16180,997,1789348973.130020
fault_ripple_01,1,abnormal,50,43,16280,1003,1789348973.130020
fault_ripple_01,1,abnormal,50,44,16348,995,1789348973.130020
fault_ripple_01,1,abnormal,50,45,16424,1000,1789348973.130020
fault_ripple_01,1,abnormal,50,46,16380,998,1789348973.130020
fault_ripple_01,1,abnormal,50,47,16412,1001,1789348973.130020
fault_ripple_01,1,abnormal,50,48,16428,997,1789348973.130020
fault_ripple_01,1,abnormal,50,49,16464,998,1789348973.130020
fault_ripple_01,1,abnormal,50,50,16336,1000,1789348973.130020
fault_ripple_01,1,abnormal,50,51,16396,999,1789348973.130020
fault_ripple_01,1,abnormal,50,52,16204,1000,1789348973.130020
fault_ripple_01,1,abnormal,50,53,16312,999,1789348973.130020
fault_ripple_01,1,abnormal,50,54,16368,998,1789348973.130020
fault_ripple_01,1,abnormal,50,55,16108,1001,1789348973.130020
fault_ripple_01,1,abnormal,50,56,16228,998,1789348973.130020
fault_ripple_01,1,abnormal,50,57,16384,998,1789348973.130020
fault_ripple_01,1,abnormal,50,58,16376,1000,1789348973.130020
fault_ripple_01,1,abnormal,50,59,16308,994,1789348973.130020
fault_ripple_01,1,abnormal,50,60,16412,1000,1789348973.130020
fault_ripple_01,1,abnormal,50,61,16436,1003,1789348973.130020
fault_ripple_01,1,abnormal,50,62,16516,999,1789348973.130020
fault_ripple_01,1,abnormal,50,63,16424,997,1789348973.130020
fault_ripple_01,1,abnormal,51,0,16332,0,1789348973.514126
fault_ripple_01,1,abnormal,51,1,16324,998,1789348973.514126
fault_ripple_01,1,abnormal,51,2,16304,999,1789348973.514126
fault_ripple_01,1,abnormal,51,3,16404,1000,1789348973.514126
fault_ripple_01,1,abnormal,51,4,16484,1002,1789348973.514126
fault_ripple_01,1,abnormal,51,5,16288,998,1789348973.514126
fault_ripple_01,1,abnormal,51,6,16356,995,1789348973.514126
fault_ripple_01,1,abnormal,51,7,16440,1002,1789348973.514126
fault_ripple_01,1,abnormal,51,8,16360,997,1789348973.514126
fault_ripple_01,1,abnormal,51,9,16288,1002,1789348973.514126
fault_ripple_01,1,abnormal,51,10,16476,998,1789348973.514126
fault_ripple_01,1,abnormal,51,11,16116,998,1789348973.514126
fault_ripple_01,1,abnormal,51,12,16212,998,1789348973.514126
fault_ripple_01,1,abnormal,51,13,16272,1000,1789348973.514126
fault_ripple_01,1,abnormal,51,14,16180,999,1789348973.514126
fault_ripple_01,1,abnormal,51,15,16204,998,1789348973.514126
fault_ripple_01,1,abnormal,51,16,16416,998,1789348973.514126
fault_ripple_01,1,abnormal,51,17,16480,1001,1789348973.514126
fault_ripple_01,1,abnormal,51,18,16340,995,1789348973.514126
fault_ripple_01,1,abnormal,51,19,16448,1002,1789348973.514126
fault_ripple_01,1,abnormal,51,20,16424,999,1789348973.514126
fault_ripple_01,1,abnormal,51,21,16456,996,1789348973.514126
fault_ripple_01,1,abnormal,51,22,16356,1000,1789348973.514126
fault_ripple_01,1,abnormal,51,23,16384,1000,1789348973.514126
fault_ripple_01,1,abnormal,51,24,16248,1000,1789348973.514126
fault_ripple_01,1,abnormal,51,25,16276,998,1789348973.514126
fault_ripple_01,1,abnormal,51,26,16396,999,1789348973.514126
fault_ripple_01,1,abnormal,51,27,16256,999,1789348973.514126
fault_ripple_01,1,abnormal,51,28,16400,996,1789348973.514126
fault_ripple_01,1,abnormal,51,29,16308,998,1789348973.514126
fault_ripple_01,1,abnormal,51,30,16420,1002,1789348973.514126
fault_ripple_01,1,abnormal,51,31,16312,997,1789348973.514126
fault_ripple_01,1,abnormal,51,32,16396,999,1789348973.514126
fault_ripple_01,1,abnormal,51,33,16404,1001,1789348973.514126
fault_ripple_01,1,abnormal,51,34,16364,997,1789348973.514126
fault_ripple_01,1,abnormal,51,35,16460,1002,1789348973.514126
fault_ripple_01,1,abnormal,51,36,16464,997,1789348973.514126
fault_ripple_01,1,abnormal,51,37,16440,1000,1789348973.514126
fault_ripple_01,1,abnormal,51,38,16268,999,1789348973.514126
fault_ripple_01,1,abnormal,51,39,16384,998,1789348973.514126
fault_ripple_01,1,abnormal,51,40,16280,1000,1789348973.514126
fault_ripple_01,1,abnormal,51,41,16280,1000,1789348973.514126
fault_ripple_01,1,abnormal,51,42,16348,998,1789348973.514126
fault_ripple_01,1,abnormal,51,43,16268,997,1789348973.514126
fault_ripple_01,1,abnormal,51,44,16316,1002,1789348973.514126
fault_ripple_01,1,abnormal,51,45,16484,998,1789348973.514126
fault_ripple_01,1,abnormal,51,46,16460,999,1789348973.514126
fault_ripple_01,1,abnormal,51,47,16392,999,1789348973.514126
fault_ripple_01,1,abnormal,51,48,16488,1000,1789348973.514126
fault_ripple_01,1,abnormal,51,49,16516,998,1789348973.514126
fault_ripple_01,1,abnormal,51,50,16412,999,1789348973.514126
fault_ripple_01,1,abnormal,51,51,16228,996,1789348973.514126
fault_ripple_01,1,abnormal,51,52,16408,1001,1789348973.514126
fault_ripple_01,1,abnormal,51,53,16044,998,1789348973.514126
fault_ripple_01,1,abnormal,51,54,16332,1000,1789348973.514126
fault_ripple_01,1,abnormal,51,55,16280,997,1789348973.514126
fault_ripple_01,1,abnormal,51,56,16348,998,1789348973.514126
fault_ripple_01,1,abnormal,51,57,16216,1001,1789348973.514126
fault_ripple_01,1,abnormal,51,58,16380,999,1789348973.514126
fault_ripple_01,1,abnormal,51,59,16480,996,1789348973.514126
fault_ripple_01,1,abnormal,51,60,16324,1003,1789348973.514126
fault_ripple_01,1,abnormal,51,61,16448,1000,1789348973.514126
fault_ripple_01,1,abnormal,51,62,16552,998,1789348973.514126
fault_ripple_01,1,abnormal,51,63,16448,999,1789348973.514126
fault_ripple_01,1,abnormal,52,0,16168,0,1789348973.897951
fault_ripple_01,1,abnormal,52,1,16384,997,1789348973.897951
fault_ripple_01,1,abnormal,52,2,16292,1001,1789348973.897951
fault_ripple_01,1,abnormal,52,3,16332,998,1789348973.897951
fault_ripple_01,1,abnormal,52,4,16316,1000,1789348973.897951
fault_ripple_01,1,abnormal,52,5,16548,998,1789348973.897951
fault_ripple_01,1,abnormal,52,6,16480,996,1789348973.897951
fault_ripple_01,1,abnormal,52,7,16368,1003,1789348973.897951
fault_ripple_01,1,abnormal,52,8,16560,999,1789348973.897951
fault_ripple_01,1,abnormal,52,9,16448,995,1789348973.897951
fault_ripple_01,1,abnormal,52,10,16276,1000,1789348973.897951
fault_ripple_01,1,abnormal,52,11,16476,1001,1789348973.897951
fault_ripple_01,1,abnormal,52,12,16304,995,1789348973.897951
fault_ripple_01,1,abnormal,52,13,16308,999,1789348973.897951
fault_ripple_01,1,abnormal,52,14,16280,1001,1789348973.897951
fault_ripple_01,1,abnormal,52,15,16320,997,1789348973.897951
fault_ripple_01,1,abnormal,52,16,16208,999,1789348973.897951
fault_ripple_01,1,abnormal,52,17,16360,998,1789348973.897951
fault_ripple_01,1,abnormal,52,18,16500,999,1789348973.897951
fault_ripple_01,1,abnormal,52,19,16384,1002,1789348973.897951
fault_ripple_01,1,abnormal,52,20,16440,996,1789348973.897951
fault_ripple_01,1,abnormal,52,21,16576,999,1789348973.897951
fault_ripple_01,1,abnormal,52,22,16420,1000,1789348973.897951
fault_ripple_01,1,abnormal,52,23,16340,1000,1789348973.897951
fault_ripple_01,1,abnormal,52,24,16432,997,1789348973.897951
fault_ripple_01,1,abnormal,52,25,16128,998,1789348973.897951
fault_ripple_01,1,abnormal,52,26,16284,1001,1789348973.897951
fault_ripple_01,1,abnormal,52,27,16348,996,1789348973.897951
fault_ripple_01,1,abnormal,52,28,16156,1002,1789348973.897951
fault_ripple_01,1,abnormal,52,29,16208,1000,1789348973.897951
fault_ripple_01,1,abnormal,52,30,16412,996,1789348973.897951
fault_ripple_01,1,abnormal,52,31,16460,1000,1789348973.897951
fault_ripple_01,1,abnormal,52,32,16352,1000,1789348973.897951
fault_ripple_01,1,abnormal,52,33,16520,996,1789348973.897951
fault_ripple_01,1,abnormal,52,34,16468,998,1789348973.897951
fault_ripple_01,1,abnormal,52,35,16432,1003,1789348973.897951
fault_ripple_01,1,abnormal,52,36,16316,999,1789348973.897951
fault_ripple_01,1,abnormal,52,37,16636,999,1789348973.897951
fault_ripple_01,1,abnormal,52,38,16276,997,1789348973.897951
fault_ripple_01,1,abnormal,52,39,16248,999,1789348973.897951
fault_ripple_01,1,abnormal,52,40,16340,999,1789348973.897951
fault_ripple_01,1,abnormal,52,41,16128,997,1789348973.897951
fault_ripple_01,1,abnormal,52,42,16252,1002,1789348973.897951
fault_ripple_01,1,abnormal,52,43,16408,996,1789348973.897951
fault_ripple_01,1,abnormal,52,44,16360,998,1789348973.897951
fault_ripple_01,1,abnormal,52,45,16344,1004,1789348973.897951
fault_ripple_01,1,abnormal,52,46,16416,995,1789348973.897951
fault_ripple_01,1,abnormal,52,47,16536,1002,1789348973.897951
fault_ripple_01,1,abnormal,52,48,16464,999,1789348973.897951
fault_ripple_01,1,abnormal,52,49,16416,999,1789348973.897951
fault_ripple_01,1,abnormal,52,50,16456,995,1789348973.897951
fault_ripple_01,1,abnormal,52,51,16300,997,1789348973.897951
fault_ripple_01,1,abnormal,52,52,16300,999,1789348973.897951
fault_ripple_01,1,abnormal,52,53,16328,999,1789348973.897951
fault_ripple_01,1,abnormal,52,54,16272,1000,1789348973.897951
fault_ripple_01,1,abnormal,52,55,16280,1002,1789348973.897951
fault_ripple_01,1,abnormal,52,56,16396,999,1789348973.897951
fault_ripple_01,1,abnormal,52,57,16364,999,1789348973.897951
fault_ripple_01,1,abnormal,52,58,16276,998,1789348973.897951
fault_ripple_01,1,abnormal,52,59,16392,996,1789348973.897951
fault_ripple_01,1,abnormal,52,60,16452,997,1789348973.897951
fault_ripple_01,1,abnormal,52,61,16368,1000,1789348973.897951
fault_ripple_01,1,abnormal,52,62,16408,999,1789348973.897951
fault_ripple_01,1,abnormal,52,63,16440,1000,1789348973.897951
fault_ripple_01,1,abnormal,53,0,16236,0,1789348974.282055
fault_ripple_01,1,abnormal,53,1,16172,996,1789348974.282055
fault_ripple_01,1,abnormal,53,2,16396,998,1789348974.282055
fault_ripple_01,1,abnormal,53,3,16540,998,1789348974.282055
fault_ripple_01,1,abnormal,53,4,16360,999,1789348974.282055
fault_ripple_01,1,abnormal,53,5,16500,1002,1789348974.282055
fault_ripple_01,1,abnormal,53,6,16480,996,1789348974.282055
fault_ripple_01,1,abnormal,53,7,16484,1000,1789348974.282055
fault_ripple_01,1,abnormal,53,8,16424,1002,1789348974.282055
fault_ripple_01,1,abnormal,53,9,16412,994,1789348974.282055
fault_ripple_01,1,abnormal,53,10,16268,998,1789348974.282055
fault_ripple_01,1,abnormal,53,11,16228,1000,1789348974.282055
fault_ripple_01,1,abnormal,53,12,16304,998,1789348974.282055
fault_ripple_01,1,abnormal,53,13,16236,1002,1789348974.282055
fault_ripple_01,1,abnormal,53,14,16192,995,1789348974.282055
fault_ripple_01,1,abnormal,53,15,16396,1001,1789348974.282055
fault_ripple_01,1,abnormal,53,16,16296,998,1789348974.282055
fault_ripple_01,1,abnormal,53,17,16256,1000,1789348974.282055
fault_ripple_01,1,abnormal,53,18,16408,1000,1789348974.282055
fault_ripple_01,1,abnormal,53,19,16412,997,1789348974.282055
fault_ripple_01,1,abnormal,53,20,16404,1000,1789348974.282055
fault_ripple_01,1,abnormal,53,21,16384,998,1789348974.282055
fault_ripple_01,1,abnormal,53,22,16540,998,1789348974.282055
fault_ripple_01,1,abnormal,53,23,16304,997,1789348974.282055
fault_ripple_01,1,abnormal,53,24,16224,1002,1789348974.282055
fault_ripple_01,1,abnormal,53,25,16320,1000,1789348974.282055
fault_ripple_01,1,abnormal,53,26,16240,995,1789348974.282055
fault_ripple_01,1,abnormal,53,27,16272,1003,1789348974.282055
fault_ripple_01,1,abnormal,53,28,16376,998,1789348974.282055
fault_ripple_01,1,abnormal,53,29,16336,996,1789348974.282055
fault_ripple_01,1,abnormal,53,30,16324,997,1789348974.282055
fault_ripple_01,1,abnormal,53,31,16360,998,1789348974.282055
fault_ripple_01,1,abnormal,53,32,16408,1003,1789348974.282055
fault_ripple_01,1,abnormal,53,33,16408,998,1789348974.282055
fault_ripple_01,1,abnormal,53,34,16412,1000,1789348974.282055
fault_ripple_01,1,abnormal,53,35,16464,996,1789348974.282055
fault_ripple_01,1,abnormal,53,36,16412,1000,1789348974.282055
fault_ripple_01,1,abnormal,53,37,16344,1000,1789348974.282055
fault_ripple_01,1,abnormal,53,38,16388,998,1789348974.282055
fault_ripple_01,1,abnormal,53,39,16208,1000,1789348974.282055
fault_ripple_01,1,abnormal,53,40,16184,998,1789348974.282055
fault_ripple_01,1,abnormal,53,41,16328,995,1789348974.282055
fault_ripple_01,1,abnormal,53,42,16244,999,1789348974.282055
fault_ripple_01,1,abnormal,53,43,16288,999,1789348974.282055
fault_ripple_01,1,abnormal,53,44,16424,1002,1789348974.282055
fault_ripple_01,1,abnormal,53,45,16476,999,1789348974.282055
fault_ripple_01,1,abnormal,53,46,16440,997,1789348974.282055
fault_ripple_01,1,abnormal,53,47,16440,998,1789348974.282055
fault_ripple_01,1,abnormal,53,48,16548,1003,1789348974.282055
fault_ripple_01,1,abnormal,53,49,16532,998,1789348974.282055
fault_ripple_01,1,abnormal,53,50,16312,1000,1789348974.282055
fault_ripple_01,1,abnormal,53,51,16384,998,1789348974.282055
fault_ripple_01,1,abnormal,53,52,16236,999,1789348974.282055
fault_ripple_01,1,abnormal,53,53,16188,995,1789348974.282055
fault_ripple_01,1,abnormal,53,54,16364,1004,1789348974.282055
fault_ripple_01,1,abnormal,53,55,16236,994,1789348974.282055
fault_ripple_01,1,abnormal,53,56,16204,1001,1789348974.282055
fault_ripple_01,1,abnormal,53,57,16328,1001,1789348974.282055
fault_ripple_01,1,abnormal,53,58,16420,996,1789348974.282055
fault_ripple_01,1,abnormal,53,59,16368,998,1789348974.282055
fault_ripple_01,1,abnormal,53,60,16412,1001,1789348974.282055
fault_ripple_01,1,abnormal,53,61,16484,996,1789348974.282055
fault_ripple_01,1,abnormal,53,62,16412,998,1789348974.282055
fault_ripple_01,1,abnormal,53,63,16392,999,1789348974.282055
fault_ripple_01,1,abnormal,54,0,16320,0,1789348974.666080
fault_ripple_01,1,abnormal,54,1,16316,998,1789348974.666080
fault_ripple_01,1,abnormal,54,2,16300,1001,1789348974.666080
fault_ripple_01,1,abnormal,54,3,16540,998,1789348974.666080
fault_ripple_01,1,abnormal,54,4,16444,996,1789348974.666080
fault_ripple_01,1,abnormal,54,5,16412,999,1789348974.666080
fault_ripple_01,1,abnormal,54,6,16480,1000,1789348974.666080
fault_ripple_01,1,abnormal,54,7,16352,999,1789348974.666080
fault_ripple_01,1,abnormal,54,8,16312,998,1789348974.666080
fault_ripple_01,1,abnormal,54,9,16216,998,1789348974.666080
fault_ripple_01,1,abnormal,54,10,16392,1002,1789348974.666080
fault_ripple_01,1,abnormal,54,11,16220,996,1789348974.666080
fault_ripple_01,1,abnormal,54,12,16264,999,1789348974.666080
fault_ripple_01,1,abnormal,54,13,16260,999,1789348974.666080
fault_ripple_01,1,abnormal,54,14,16268,1001,1789348974.666080
fault_ripple_01,1,abnormal,54,15,16280,1002,1789348974.666080
fault_ripple_01,1,abnormal,54,16,16468,994,1789348974.666080
fault_ripple_01,1,abnormal,54,17,16440,1001,1789348974.666080
fault_ripple_01,1,abnormal,54,18,16412,1000,1789348974.666080
fault_ripple_01,1,abnormal,54,19,16356,999,1789348974.666080
fault_ripple_01,1,abnormal,54,20,16484,996,1789348974.666080
fault_ripple_01,1,abnormal,54,21,16352,999,1789348974.666080
fault_ripple_01,1,abnormal,54,22,16260,999,1789348974.666080
fault_ripple_01,1,abnormal,54,23,16396,1001,1789348974.666080
fault_ripple_01,1,abnormal,54,24,16132,999,1789348974.666080
fault_ripple_01,1,abnormal,54,25,16252,996,1789348974.666080
fault_ripple_01,1,abnormal,54,26,16316,1000,1789348974.666080
fault_ripple_01,1,abnormal,54,27,16324,997,1789348974.666080
fault_ripple_01,1,abnormal,54,28,16204,999,1789348974.666080
fault_ripple_01,1,abnormal,54,29,16396,998,1789348974.666080
fault_ripple_01,1,abnormal,54,30,16476,1002,1789348974.666080
fault_ripple_01,1,abnormal,54,31,16384,1000,1789348974.666080
fault_ripple_01,1,abnormal,54,32,16456,995,1789348974.666080
fault_ripple_01,1,abnormal,54,33,16468,1002,1789348974.666080
fault_ripple_01,1,abnormal,54,34,16472,996,1789348974.666080
fault_ripple_01,1,abnormal,54,35,16324,1002,1789348974.666080
fault_ripple_01,1,abnormal,54,36,16352,995,1789348974.666080
fault_ripple_01,1,abnormal,54,37,16232,1001,1789348974.666080
fault_ripple_01,1,abnormal,54,38,16176,999,1789348974.666080
fault_ripple_01,1,abnormal,54,39,16296,998,1789348974.666080
fault_ripple_01,1,abnormal,54,40,16224,999,1789348974.666080
fault_ripple_01,1,abnormal,54,41,16296,1002,1789348974.666080
fault_ripple_01,1,abnormal,54,42,16492,998,1789348974.666080
fault_ripple_01,1,abnormal,54,43,16456,998,1789348974.666080
fault_ripple_01,1,abnormal,54,44,16336,999,1789348974.666080
fault_ripple_01,1,abnormal,54,45,16528,998,1789348974.666080
fault_ripple_01,1,abnormal,54,46,16412,998,1789348974.666080
fault_ripple_01,1,abnormal,54,47,16500,1002,1789348974.666080
fault_ripple_01,1,abnormal,54,48,16324,998,1789348974.666080
fault_ripple_01,1,abnormal,54,49,16484,998,1789348974.666080
fault_ripple_01,1,abnormal,54,50,16264,999,1789348974.666080
fault_ripple_01,1,abnormal,54,51,16248,999,1789348974.666080
fault_ripple_01,1,abnormal,54,52,16372,998,1789348974.666080
fault_ripple_01,1,abnormal,54,53,16220,1001,1789348974.666080
fault_ripple_01,1,abnormal,54,54,16236,998,1789348974.666080
fault_ripple_01,1,abnormal,54,55,16376,999,1789348974.666080
fault_ripple_01,1,abnormal,54,56,16304,995,1789348974.666080
fault_ripple_01,1,abnormal,54,57,16360,998,1789348974.666080
fault_ripple_01,1,abnormal,54,58,16484,1003,1789348974.666080
fault_ripple_01,1,abnormal,54,59,16484,996,1789348974.666080
fault_ripple_01,1,abnormal,54,60,16484,998,1789348974.666080
fault_ripple_01,1,abnormal,54,61,16440,1000,1789348974.666080
fault_ripple_01,1,abnormal,54,62,16476,998,1789348974.666080
fault_ripple_01,1,abnormal,54,63,16384,1001,1789348974.666080
fault_ripple_01,1,abnormal,55,0,16328,0,1789348975.049962
fault_ripple_01,1,abnormal,55,1,16452,996,1789348975.049962
fault_ripple_01,1,abnormal,55,2,16500,999,1789348975.049962
fault_ripple_01,1,abnormal,55,3,16416,999,1789348975.049962
fault_ripple_01,1,abnormal,55,4,16468,998,1789348975.049962
fault_ripple_01,1,abnormal,55,5,16460,1001,1789348975.049962
fault_ripple_01,1,abnormal,55,6,16516,996,1789348975.049962
fault_ripple_01,1,abnormal,55,7,16352,1003,1789348975.049962
fault_ripple_01,1,abnormal,55,8,16428,996,1789348975.049962
fault_ripple_01,1,abnormal,55,9,16236,997,1789348975.049962
fault_ripple_01,1,abnormal,55,10,16268,1001,1789348975.049962
fault_ripple_01,1,abnormal,55,11,16264,997,1789348975.049962
fault_ripple_01,1,abnormal,55,12,16204,1000,1789348975.049962
fault_ripple_01,1,abnormal,55,13,16292,997,1789348975.049962
fault_ripple_01,1,abnormal,55,14,16264,1001,1789348975.049962
fault_ripple_01,1,abnormal,55,15,16276,997,1789348975.049962
fault_ripple_01,1,abnormal,55,16,16308,999,1789348975.049962
fault_ripple_01,1,abnormal,55,17,16476,1000,1789348975.049962
fault_ripple_01,1,abnormal,55,18,16392,997,1789348975.049962
fault_ripple_01,1,abnormal,55,19,16412,1001,1789348975.049962
fault_ripple_01,1,abnormal,55,20,16412,996,1789348975.049962
fault_ripple_01,1,abnormal,55,21,16556,998,1789348975.049962
fault_ripple_01,1,abnormal,55,22,16420,1002,1789348975.049962
fault_ripple_01,1,abnormal,55,23,16320,999,1789348975.049962
fault_ripple_01,1,abnormal,55,24,16348,1000,1789348975.049962
fault_ripple_01,1,abnormal,55,25,16176,997,1789348975.049962
fault_ripple_01,1,abnormal,55,26,16268,998,1789348975.049962
fault_ripple_01,1,abnormal,55,27,16280,999,1789348975.049962
fault_ripple_01,1,abnormal,55,28,16164,1002,1789348975.049962
fault_ripple_01,1,abnormal,55,29,16124,999,1789348975.049962
fault_ripple_01,1,abnormal,55,30,16384,995,1789348975.049962
fault_ripple_01,1,abnormal,55,31,16396,1003,1789348975.049962
fault_ripple_01,1,abnormal,55,32,16412,996,1789348975.049962
fault_ripple_01,1,abnormal,55,33,16456,999,1789348975.049962
fault_ripple_01,1,abnormal,55,34,16504,998,1789348975.049962
fault_ripple_01,1,abnormal,55,35,16380,999,1789348975.049962
fault_ripple_01,1,abnormal,55,36,16392,999,1789348975.049962
fault_ripple_01,1,abnormal,55,37,16400,998,1789348975.049962
fault_ripple_01,1,abnormal,55,38,16268,1000,1789348975.049962
fault_ripple_01,1,abnormal,55,39,16156,999,1789348975.049962
fault_ripple_01,1,abnormal,55,40,16208,997,1789348975.049962
fault_ripple_01,1,abnormal,55,41,16248,1001,1789348975.049962
fault_ripple_01,1,abnormal,55,42,16244,996,1789348975.049962
fault_ripple_01,1,abnormal,55,43,16396,1003,1789348975.049962
fault_ripple_01,1,abnormal,55,44,16352,998,1789348975.049962
fault_ripple_01,1,abnormal,55,45,16352,997,1789348975.049962
fault_ripple_01,1,abnormal,55,46,16492,1003,1789348975.049962
fault_ripple_01,1,abnormal,55,47,16348,993,1789348975.049962
fault_ripple_01,1,abnormal,55,48,16476,1000,1789348975.049962
fault_ripple_01,1,abnormal,55,49,16364,1001,1789348975.049962
fault_ripple_01,1,abnormal,55,50,16380,1001,1789348975.049962
fault_ripple_01,1,abnormal,55,51,16224,998,1789348975.049962
fault_ripple_01,1,abnormal,55,52,16284,995,1789348975.049962
fault_ripple_01,1,abnormal,55,53,16420,999,1789348975.049962
fault_ripple_01,1,abnormal,55,54,16348,999,1789348975.049962
fault_ripple_01,1,abnormal,55,55,16200,1000,1789348975.049962
fault_ripple_01,1,abnormal,55,56,16360,997,1789348975.049962
fault_ripple_01,1,abnormal,55,57,16376,1002,1789348975.049962
fault_ripple_01,1,abnormal,55,58,16248,995,1789348975.049962
fault_ripple_01,1,abnormal,55,59,16484,1000,1789348975.049962
fault_ripple_01,1,abnormal,55,60,16440,999,1789348975.049962
fault_ripple_01,1,abnormal,55,61,16444,1001,1789348975.049962
fault_ripple_01,1,abnormal,55,62,16392,996,1789348975.049962
fault_ripple_01,1,abnormal,55,63,16448,999,1789348975.049962
fault_ripple_01,1,abnormal,56,0,16244,0,1789348975.434059
fault_ripple_01,1,abnormal,56,1,16144,1001,1789348975.434059
fault_ripple_01,1,abnormal,56,2,16344,995,1789348975.434059
fault_ripple_01,1,abnormal,56,3,16240,1000,1789348975.434059
fault_ripple_01,1,abnormal,56,4,16204,1000,1789348975.434059
fault_ripple_01,1,abnormal,56,5,16364,998,1789348975.434059
fault_ripple_01,1,abnormal,56,6,16484,1000,1789348975.434059
fault_ripple_01,1,abnormal,56,7,16296,997,1789348975.434059
fault_ripple_01,1,abnormal,56,8,16400,998,1789348975.434059
fault_ripple_01,1,abnormal,56,9,16476,999,1789348975.434059
fault_ripple_01,1,abnormal,56,10,16476,1000,1789348975.434059
fault_ripple_01,1,abnormal,56,11,16272,999,1789348975.434059
fault_ripple_01,1,abnormal,56,12,16504,996,1789348975.434059
fault_ripple_01,1,abnormal,56,13,16248,1004,1789348975.434059
fault_ripple_01,1,abnormal,56,14,16176,996,1789348975.434059
fault_ripple_01,1,abnormal,56,15,16328,1000,1789348975.434059
fault_ripple_01,1,abnormal,56,16,16164,997,1789348975.434059
fault_ripple_01,1,abnormal,56,17,16104,999,1789348975.434059
fault_ripple_01,1,abnormal,56,18,16452,1000,1789348975.434059
fault_ripple_01,1,abnormal,56,19,16304,999,1789348975.434059
fault_ripple_01,1,abnormal,56,20,16424,997,1789348975.434059
fault_ripple_01,1,abnormal,56,21,16384,1002,1789348975.434059
fault_ripple_01,1,abnormal,56,22,16540,999,1789348975.434059
fault_ripple_01,1,abnormal,56,23,16468,996,1789348975.434059
fault_ripple_01,1,abnormal,56,24,16448,1001,1789348975.434059
fault_ripple_01,1,abnormal,56,25,16436,998,1789348975.434059
fault_ripple_01,1,abnormal,56,26,16340,1000,1789348975.434059
fault_ripple_01,1,abnormal,56,27,16276,996,1789348975.434059
fault_ripple_01,1,abnormal,56,28,16268,1002,1789348975.434059
fault_ripple_01,1,abnormal,56,29,16332,996,1789348975.434059
fault_ripple_01,1,abnormal,56,30,16204,998,1789348975.434059
fault_ripple_01,1,abnormal,56,31,16392,1001,1789348975.434059
fault_ripple_01,1,abnormal,56,32,16260,996,1789348975.434059
fault_ripple_01,1,abnormal,56,33,16372,1001,1789348975.434059
fault_ripple_01,1,abnormal,56,34,16396,1000,1789348975.434059
fault_ripple_01,1,abnormal,56,35,16416,994,1789348975.434059
fault_ripple_01,1,abnormal,56,36,16500,1003,1789348975.434059
fault_ripple_01,1,abnormal,56,37,16340,995,1789348975.434059
fault_ripple_01,1,abnormal,56,38,16540,998,1789348975.434059
fault_ripple_01,1,abnormal,56,39,16332,1001,1789348975.434059
fault_ripple_01,1,abnormal,56,40,16240,997,1789348975.434059
fault_ripple_01,1,abnormal,56,41,16452,1004,1789348975.434059
fault_ripple_01,1,abnormal,56,42,16184,996,1789348975.434059
fault_ripple_01,1,abnormal,56,43,16236,1001,1789348975.434059
fault_ripple_01,1,abnormal,56,44,16232,998,1789348975.434059
fault_ripple_01,1,abnormal,56,45,16260,1000,1789348975.434059
fault_ripple_01,1,abnormal,56,46,16284,999,1789348975.434059
fault_ripple_01,1,abnormal,56,47,16428,999,1789348975.434059
fault_ripple_01,1,abnormal,56,48,16420,995,1789348975.434059
fault_ripple_01,1,abnormal,56,49,16284,999,1789348975.434059
fault_ripple_01,1,abnormal,56,50,16484,998,1789348975.434059
fault_ripple_01,1,abnormal,56,51,16408,999,1789348975.434059
fault_ripple_01,1,abnormal,56,52,16440,1000,1789348975.434059
fault_ripple_01,1,abnormal,56,53,16360,999,1789348975.434059
fault_ripple_01,1,abnormal,56,54,16412,998,1789348975.434059
fault_ripple_01,1,abnormal,56,55,16276,999,1789348975.434059
fault_ripple_01,1,abnormal,56,56,16136,997,1789348975.434059
fault_ripple_01,1,abnormal,56,57,16356,1002,1789348975.434059
fault_ripple_01,1,abnormal,56,58,16084,998,1789348975.434059
fault_ripple_01,1,abnormal,56,59,16124,1002,1789348975.434059
fault_ripple_01,1,abnormal,56,60,16468,997,1789348975.434059
fault_ripple_01,1,abnormal,56,61,16424,998,1789348975.434059
fault_ripple_01,1,abnormal,56,62,16364,998,1789348975.434059
fault_ripple_01,1,abnormal,56,63,16392,1000,1789348975.434059
fault_ripple_01,1,abnormal,57,0,16384,0,1789348975.818038
fault_ripple_01,1,abnormal,57,1,16388,994,1789348975.818038
fault_ripple_01,1,abnormal,57,2,16308,1004,1789348975.818038
fault_ripple_01,1,abnormal,57,3,16324,994,1789348975.818038
fault_ripple_01,1,abnormal,57,4,16212,1001,1789348975.818038
fault_ripple_01,1,abnormal,57,5,16240,1000,1789348975.818038
fault_ripple_01,1,abnormal,57,6,16392,998,1789348975.818038
fault_ripple_01,1,abnormal,57,7,16344,996,1789348975.818038
fault_ripple_01,1,abnormal,57,8,16332,1000,1789348975.818038
fault_ripple_01,1,abnormal,57,9,16420,1002,1789348975.818038
fault_ripple_01,1,abnormal,57,10,16332,995,1789348975.818038
fault_ripple_01,1,abnormal,57,11,16420,999,1789348975.818038
fault_ripple_01,1,abnormal,57,12,16424,1003,1789348975.818038
fault_ripple_01,1,abnormal,57,13,16476,998,1789348975.818038
fault_ripple_01,1,abnormal,57,14,16464,997,1789348975.818038
fault_ripple_01,1,abnormal,57,15,16324,1000,1789348975.818038
fault_ripple_01,1,abnormal,57,16,16348,998,1789348975.818038
fault_ripple_01,1,abnormal,57,17,16180,997,1789348975.818038
fault_ripple_01,1,abnormal,57,18,16296,1002,1789348975.818038
fault_ripple_01,1,abnormal,57,19,16460,1001,1789348975.818038
fault_ripple_01,1,abnormal,57,20,16308,997,1789348975.818038
fault_ripple_01,1,abnormal,57,21,16320,999,1789348975.818038
fault_ripple_01,1,abnormal,57,22,16428,998,1789348975.818038
fault_ripple_01,1,abnormal,57,23,16448,996,1789348975.818038
fault_ripple_01,1,abnormal,57,24,16372,1004,1789348975.818038
fault_ripple_01,1,abnormal,57,25,16524,996,1789348975.818038
fault_ripple_01,1,abnormal,57,26,16456,1002,1789348975.818038
fault_ripple_01,1,abnormal,57,27,16452,996,1789348975.818038
fault_ripple_01,1,abnormal,57,28,16392,998,1789348975.818038
fault_ripple_01,1,abnormal,57,29,16460,998,1789348975.818038
fault_ripple_01,1,abnormal,57,30,16152,1004,1789348975.818038
fault_ripple_01,1,abnormal,57,31,16320,994,1789348975.818038
fault_ripple_01,1,abnormal,57,32,16292,1004,1789348975.818038
fault_ripple_01,1,abnormal,57,33,16204,995,1789348975.818038
fault_ripple_01,1,abnormal,57,34,16352,999,1789348975.818038
fault_ripple_01,1,abnormal,57,35,16436,999,1789348975.818038
fault_ripple_01,1,abnormal,57,36,16388,1001,1789348975.818038
fault_ripple_01,1,abnormal,57,37,16372,995,1789348975.818038
fault_ripple_01,1,abnormal,57,38,16440,1003,1789348975.818038
fault_ripple_01,1,abnormal,57,39,16412,996,1789348975.818038
fault_ripple_01,1,abnormal,57,40,16420,1003,1789348975.818038
fault_ripple_01,1,abnormal,57,41,16412,998,1789348975.818038
fault_ripple_01,1,abnormal,57,42,16488,996,1789348975.818038
fault_ripple_01,1,abnormal,57,43,16384,1001,1789348975.818038
fault_ripple_01,1,abnormal,57,44,16276,996,1789348975.818038
fault_ripple_01,1,abnormal,57,45,16404,1002,1789348975.818038
fault_ripple_01,1,abnormal,57,46,16176,994,1789348975.818038
fault_ripple_01,1,abnormal,57,47,16156,998,1789348975.818038
fault_ripple_01,1,abnormal,57,48,16324,1002,1789348975.818038
fault_ripple_01,1,abnormal,57,49,16196,999,1789348975.818038
fault_ripple_01,1,abnormal,57,50,16152,999,1789348975.818038
fault_ripple_01,1,abnormal,57,51,16476,997,1789348975.818038
fault_ripple_01,1,abnormal,57,52,16508,998,1789348975.818038
fault_ripple_01,1,abnormal,57,53,16296,1000,1789348975.818038
fault_ripple_01,1,abnormal,57,54,16408,998,1789348975.818038
fault_ripple_01,1,abnormal,57,55,16440,1001,1789348975.818038
fault_ripple_01,1,abnormal,57,56,16472,996,1789348975.818038
fault_ripple_01,1,abnormal,57,57,16344,997,1789348975.818038
fault_ripple_01,1,abnormal,57,58,16424,1003,1789348975.818038
fault_ripple_01,1,abnormal,57,59,16208,999,1789348975.818038
fault_ripple_01,1,abnormal,57,60,16220,995,1789348975.818038
fault_ripple_01,1,abnormal,57,61,16464,1002,1789348975.818038
fault_ripple_01,1,abnormal,57,62,16248,998,1789348975.818038
fault_ripple_01,1,abnormal,57,63,16140,996,1789348975.818038
fault_ripple_01,1,abnormal,58,0,16524,0,1789348976.201948
fault_ripple_01,1,abnormal,58,1,16408,1001,1789348976.201948
fault_ripple_01,1,abnormal,58,2,16448,995,1789348976.201948
fault_ripple_01,1,abnormal,58,3,16448,998,1789348976.201948
fault_ripple_01,1,abnormal,58,4,16436,1002,1789348976.201948
fault_ripple_01,1,abnormal,58,5,16300,997,1789348976.201948
fault_ripple_01,1,abnormal,58,6,16288,1001,1789348976.201948
fault_ripple_01,1,abnormal,58,7,16400,1000,1789348976.201948
fault_ripple_01,1,abnormal,58,8,16200,999,1789348976.201948
fault_ripple_01,1,abnormal,58,9,16284,997,1789348976.201948
fault_ripple_01,1,abnormal,58,10,16412,1002,1789348976.201948
fault_ripple_01,1,abnormal,58,11,16400,997,1789348976.201948
fault_ripple_01,1,abnormal,58,12,16320,998,1789348976.201948
fault_ripple_01,1,abnormal,58,13,16468,999,1789348976.201948
fault_ripple_01,1,abnormal,58,14,16484,1000,1789348976.201948
fault_ripple_01,1,abnormal,58,15,16400,1000,1789348976.201948
fault_ripple_01,1,abnormal,58,16,16312,999,1789348976.201948
fault_ripple_01,1,abnormal,58,17,16520,999,1789348976.201948
fault_ripple_01,1,abnormal,58,18,16324,995,1789348976.201948
fault_ripple_01,1,abnormal,58,19,16288,1001,1789348976.201948
fault_ripple_01,1,abnormal,58,20,16448,996,1789348976.201948
fault_ripple_01,1,abnormal,58,21,16188,1002,1789348976.201948
fault_ripple_01,1,abnormal,58,22,16236,1000,1789348976.201948
fault_ripple_01,1,abnormal,58,23,16252,999,1789348976.201948
fault_ripple_01,1,abnormal,58,24,16296,994,1789348976.201948
fault_ripple_01,1,abnormal,58,25,16260,1002,1789348976.201948
fault_ripple_01,1,abnormal,58,26,16304,997,1789348976.201948
fault_ripple_01,1,abnormal,58,27,16488,999,1789348976.201948
fault_ripple_01,1,abnormal,58,28,16280,1000,1789348976.201948
fault_ripple_01,1,abnormal,58,29,16380,996,1789348976.201948
fault_ripple_01,1,abnormal,58,30,16492,1002,1789348976.201948
fault_ripple_01,1,abnormal,58,31,16484,1002,1789348976.201948
fault_ripple_01,1,abnormal,58,32,16356,995,1789348976.201948
fault_ripple_01,1,abnormal,58,33,16356,999,1789348976.201948
fault_ripple_01,1,abnormal,58,34,16260,1002,1789348976.201948
fault_ripple_01,1,abnormal,58,35,16292,998,1789348976.201948
fault_ripple_01,1,abnormal,58,36,16308,994,1789348976.201948
fault_ripple_01,1,abnormal,58,37,16152,1004,1789348976.201948
fault_ripple_01,1,abnormal,58,38,16124,997,1789348976.201948
fault_ripple_01,1,abnormal,58,39,16464,998,1789348976.201948
fault_ripple_01,1,abnormal,58,40,16364,1001,1789348976.201948
fault_ripple_01,1,abnormal,58,41,16420,999,1789348976.201948
fault_ripple_01,1,abnormal,58,42,16444,995,1789348976.201948
fault_ripple_01,1,abnormal,58,43,16472,998,1789348976.201948
fault_ripple_01,1,abnormal,58,44,16432,1002,1789348976.201948
fault_ripple_01,1,abnormal,58,45,16356,998,1789348976.201948
fault_ripple_01,1,abnormal,58,46,16368,999,1789348976.201948
fault_ripple_01,1,abnormal,58,47,16436,998,1789348976.201948
fault_ripple_01,1,abnormal,58,48,16248,996,1789348976.201948
fault_ripple_01,1,abnormal,58,49,16384,1003,1789348976.201948
fault_ripple_01,1,abnormal,58,50,16192,997,1789348976.201948
fault_ripple_01,1,abnormal,58,51,16264,997,1789348976.201948
fault_ripple_01,1,abnormal,58,52,16380,998,1789348976.201948
fault_ripple_01,1,abnormal,58,53,16208,1005,1789348976.201948
fault_ripple_01,1,abnormal,58,54,16204,999,1789348976.201948
fault_ripple_01,1,abnormal,58,55,16352,995,1789348976.201948
fault_ripple_01,1,abnormal,58,56,16440,997,1789348976.201948
fault_ripple_01,1,abnormal,58,57,16432,1003,1789348976.201948
fault_ripple_01,1,abnormal,58,58,16476,994,1789348976.201948
fault_ripple_01,1,abnormal,58,59,16552,1004,1789348976.201948
fault_ripple_01,1,abnormal,58,60,16456,999,1789348976.201948
fault_ripple_01,1,abnormal,58,61,16380,998,1789348976.201948
fault_ripple_01,1,abnormal,58,62,16396,996,1789348976.201948
fault_ripple_01,1,abnormal,58,63,16308,1002,1789348976.201948
fault_ripple_01,1,abnormal,59,0,16232,0,1789348976.585943
fault_ripple_01,1,abnormal,59,1,16372,997,1789348976.585943
fault_ripple_01,1,abnormal,59,2,16268,1001,1789348976.585943
fault_ripple_01,1,abnormal,59,3,16280,1000,1789348976.585943
fault_ripple_01,1,abnormal,59,4,16380,995,1789348976.585943
fault_ripple_01,1,abnormal,59,5,16500,1002,1789348976.585943
fault_ripple_01,1,abnormal,59,6,16464,1000,1789348976.585943
fault_ripple_01,1,abnormal,59,7,16492,995,1789348976.585943
fault_ripple_01,1,abnormal,59,8,16420,1000,1789348976.585943
fault_ripple_01,1,abnormal,59,9,16384,998,1789348976.585943
fault_ripple_01,1,abnormal,59,10,16476,1000,1789348976.585943
fault_ripple_01,1,abnormal,59,11,16464,1003,1789348976.585943
fault_ripple_01,1,abnormal,59,12,16232,994,1789348976.585943
fault_ripple_01,1,abnormal,59,13,16156,999,1789348976.585943
fault_ripple_01,1,abnormal,59,14,16364,999,1789348976.585943
fault_ripple_01,1,abnormal,59,15,16240,1001,1789348976.585943
fault_ripple_01,1,abnormal,59,16,16228,1000,1789348976.585943
fault_ripple_01,1,abnormal,59,17,16452,995,1789348976.585943
fault_ripple_01,1,abnormal,59,18,16412,1000,1789348976.585943
fault_ripple_01,1,abnormal,59,19,16280,998,1789348976.585943
fault_ripple_01,1,abnormal,59,20,16500,999,1789348976.585943
fault_ripple_01,1,abnormal,59,21,16452,1002,1789348976.585943
fault_ripple_01,1,abnormal,59,22,16472,997,1789348976.585943
fault_ripple_01,1,abnormal,59,23,16328,998,1789348976.585943
fault_ripple_01,1,abnormal,59,24,16432,1003,1789348976.585943
fault_ripple_01,1,abnormal,59,25,16260,997,1789348976.585943
fault_ripple_01,1,abnormal,59,26,16256,1001,1789348976.585943
fault_ripple_01,1,abnormal,59,27,16336,999,1789348976.585943
fault_ripple_01,1,abnormal,59,28,16260,996,1789348976.585943
fault_ripple_01,1,abnormal,59,29,16160,999,1789348976.585943
fault_ripple_01,1,abnormal,59,30,16340,998,1789348976.585943
fault_ripple_01,1,abnormal,59,31,16348,1001,1789348976.585943
fault_ripple_01,1,abnormal,59,32,16316,998,1789348976.585943
fault_ripple_01,1,abnormal,59,33,16416,996,1789348976.585943
fault_ripple_01,1,abnormal,59,34,16584,1000,1789348976.585943
fault_ripple_01,1,abnormal,59,35,16368,1001,1789348976.585943
fault_ripple_01,1,abnormal,59,36,16484,995,1789348976.585943
fault_ripple_01,1,abnormal,59,37,16476,1000,1789348976.585943
fault_ripple_01,1,abnormal,59,38,16388,997,1789348976.585943
fault_ripple_01,1,abnormal,59,39,16304,1000,1789348976.585943
fault_ripple_01,1,abnormal,59,40,16404,1001,1789348976.585943
fault_ripple_01,1,abnormal,59,41,16320,994,1789348976.585943
fault_ripple_01,1,abnormal,59,42,16192,1001,1789348976.585943
fault_ripple_01,1,abnormal,59,43,16312,1002,1789348976.585943
fault_ripple_01,1,abnormal,59,44,16220,997,1789348976.585943
fault_ripple_01,1,abnormal,59,45,16216,996,1789348976.585943
fault_ripple_01,1,abnormal,59,46,16508,999,1789348976.585943
fault_ripple_01,1,abnormal,59,47,16436,1001,1789348976.585943
fault_ripple_01,1,abnormal,59,48,16320,1002,1789348976.585943
fault_ripple_01,1,abnormal,59,49,16476,995,1789348976.585943
fault_ripple_01,1,abnormal,59,50,16532,1000,1789348976.585943
fault_ripple_01,1,abnormal,59,51,16476,997,1789348976.585943
fault_ripple_01,1,abnormal,59,52,16444,998,1789348976.585943
fault_ripple_01,1,abnormal,59,53,16492,1001,1789348976.585943
fault_ripple_01,1,abnormal,59,54,16328,999,1789348976.585943
fault_ripple_01,1,abnormal,59,55,16240,1000,1789348976.585943
fault_ripple_01,1,abnormal,59,56,16416,997,1789348976.585943
fault_ripple_01,1,abnormal,59,57,16204,1001,1789348976.585943
fault_ripple_01,1,abnormal,59,58,16184,998,1789348976.585943
fault_ripple_01,1,abnormal,59,59,16340,997,1789348976.585943
fault_ripple_01,1,abnormal,59,60,16228,1002,1789348976.585943
fault_ripple_01,1,abnormal,59,61,16288,996,1789348976.585943
fault_ripple_01,1,abnormal,59,62,16308,999,1789348976.585943
fault_ripple_01,1,abnormal,59,63,16496,1001,1789348976.585943
