run_id,label,condition,window,sample_index,raw_x,dt_us,host_time_s
normal_01,0,normal,0,0,16492,0,1789342396.769432
normal_01,0,normal,0,1,16468,997,1789342396.769432
normal_01,0,normal,0,2,16432,1001,1789342396.769432
normal_01,0,normal,0,3,16460,996,1789342396.769432
normal_01,0,normal,0,4,16420,999,1789342396.769432
normal_01,0,normal,0,5,16520,1003,1789342396.769432
normal_01,0,normal,0,6,16468,997,1789342396.769432
normal_01,0,normal,0,7,16432,997,1789342396.769432
normal_01,0,normal,0,8,16420,999,1789342396.769432
normal_01,0,normal,0,9,16432,1000,1789342396.769432
normal_01,0,normal,0,10,16368,997,1789342396.769432
normal_01,0,normal,0,11,16412,1002,1789342396.769432
normal_01,0,normal,0,12,16440,996,1789342396.769432
normal_01,0,normal,0,13,16456,997,1789342396.769432
normal_01,0,normal,0,14,16444,999,1789342396.769432
normal_01,0,normal,0,15,16504,999,1789342396.769432
normal_01,0,normal,0,16,16380,1002,1789342396.769432
normal_01,0,normal,0,17,16464,998,1789342396.769432
normal_01,0,normal,0,18,16436,999,1789342396.769432
normal_01,0,normal,0,19,16460,1000,1789342396.769432
normal_01,0,normal,0,20,16484,999,1789342396.769432
normal_01,0,normal,0,21,16492,996,1789342396.769432
normal_01,0,normal,0,22,16432,1002,1789342396.769432
normal_01,0,normal,0,23,16480,995,1789342396.769432
normal_01,0,normal,0,24,16432,998,1789342396.769432
normal_01,0,normal,0,25,16416,1003,1789342396.769432
normal_01,0,normal,0,26,16556,995,1789342396.769432
normal_01,0,normal,0,27,16400,1001,1789342396.769432
normal_01,0,normal,0,28,16460,996,1789342396.769432
normal_01,0,normal,0,29,16428,1001,1789342396.769432
normal_01,0,normal,0,30,16416,996,1789342396.769432
normal_01,0,normal,0,31,16464,1003,1789342396.769432
normal_01,0,normal,0,32,16460,997,1789342396.769432
normal_01,0,normal,0,33,16468,1000,1789342396.769432
normal_01,0,normal,0,34,16456,1001,1789342396.769432
normal_01,0,normal,0,35,16444,997,1789342396.769432
normal_01,0,normal,0,36,16408,1000,1789342396.769432
normal_01,0,normal,0,37,16368,997,1789342396.769432
normal_01,0,normal,0,38,16472,998,1789342396.769432
normal_01,0,normal,0,39,16420,998,1789342396.769432
normal_01,0,normal,0,40,16392,1001,1789342396.769432
normal_01,0,normal,0,41,16436,996,1789342396.769432
normal_01,0,normal,0,42,16468,1003,1789342396.769432
normal_01,0,normal,0,43,16444,999,1789342396.769432
normal_01,0,normal,0,44,16532,1000,1789342396.769432
normal_01,0,normal,0,45,16484,998,1789342396.769432
normal_01,0,normal,0,46,16448,997,1789342396.769432
normal_01,0,normal,0,47,16484,999,1789342396.769432
normal_01,0,normal,0,48,16488,1000,1789342396.769432
normal_01,0,normal,0,49,16428,995,1789342396.769432
normal_01,0,normal,0,50,16472,1000,1789342396.769432
normal_01,0,normal,0,51,16368,1000,1789342396.769432
normal_01,0,normal,0,52,16440,1000,1789342396.769432
normal_01,0,normal,0,53,16404,996,1789342396.769432
normal_01,0,normal,0,54,16440,998,1789342396.769432
normal_01,0,normal,0,55,16424,1003,1789342396.769432
normal_01,0,normal,0,56,16460,995,1789342396.769432
normal_01,0,normal,0,57,16416,1000,1789342396.769432
normal_01,0,normal,0,58,16396,998,1789342396.769432
normal_01,0,normal,0,59,16392,1000,1789342396.769432
normal_01,0,normal,0,60,16452,997,1789342396.769432
normal_01,0,normal,0,61,16444,1002,1789342396.769432
normal_01,0,normal,0,62,16464,997,1789342396.769432
normal_01,0,normal,0,63,16472,1002,1789342396.769432
normal_01,0,normal,1,0,16404,0,1789342397.154047
normal_01,0,normal,1,1,16504,996,1789342397.154047
normal_01,0,normal,1,2,16556,1001,1789342397.154047
normal_01,0,normal,1,3,16428,995,1789342397.154047
normal_01,0,normal,1,4,16512,1002,1789342397.154047
normal_01,0,normal,1,5,16428,996,1789342397.154047
normal_01,0,normal,1,6,16448,1003,1789342397.154047
normal_01,0,normal,1,7,16416,998,1789342397.154047
normal_01,0,normal,1,8,16444,999,1789342397.154047
normal_01,0,normal,1,9,16464,999,1789342397.154047
normal_01,0,normal,1,10,16460,997,1789342397.154047
normal_01,0,normal,1,11,16428,999,1789342397.154047
normal_01,0,normal,1,12,16432,1000,1789342397.154047
normal_01,0,normal,1,13,16488,999,1789342397.154047
normal_01,0,normal,1,14,16440,1000,1789342397.154047
normal_01,0,normal,1,15,16460,998,1789342397.154047
normal_01,0,normal,1,16,16516,997,1789342397.154047
normal_01,0,normal,1,17,16484,1003,1789342397.154047
normal_01,0,normal,1,18,16448,997,1789342397.154047
normal_01,0,normal,1,19,16376,999,1789342397.154047
normal_01,0,normal,1,20,16432,996,1789342397.154047
normal_01,0,normal,1,21,16448,998,1789342397.154047
normal_01,0,normal,1,22,16492,1003,1789342397.154047
normal_01,0,normal,1,23,16448,998,1789342397.154047
normal_01,0,normal,1,24,16412,997,1789342397.154047
normal_01,0,normal,1,25,16424,1001,1789342397.154047
normal_01,0,normal,1,26,16472,996,1789342397.154047
normal_01,0,normal,1,27,16492,998,1789342397.154047
normal_01,0,normal,1,28,16396,1002,1789342397.154047
normal_01,0,normal,1,29,16436,998,1789342397.154047
normal_01,0,normal,1,30,16400,1000,1789342397.154047
normal_01,0,normal,1,31,16440,996,1789342397.154047
normal_01,0,normal,1,32,16380,1002,1789342397.154047
normal_01,0,normal,1,33,16408,998,1789342397.154047
normal_01,0,normal,1,34,16400,997,1789342397.154047
normal_01,0,normal,1,35,16432,1001,1789342397.154047
normal_01,0,normal,1,36,16500,995,1789342397.154047
normal_01,0,normal,1,37,16408,1001,1789342397.154047
normal_01,0,normal,1,38,16420,997,1789342397.154047
normal_01,0,normal,1,39,16456,1001,1789342397.154047
normal_01,0,normal,1,40,16388,996,1789342397.154047
normal_01,0,normal,1,41,16424,1000,1789342397.154047
normal_01,0,normal,1,42,16440,1000,1789342397.154047
normal_01,0,normal,1,43,16432,995,1789342397.154047
normal_01,0,normal,1,44,16408,998,1789342397.154047
normal_01,0,normal,1,45,16376,1001,1789342397.154047
normal_01,0,normal,1,46,16420,998,1789342397.154047
normal_01,0,normal,1,47,16412,1000,1789342397.154047
normal_01,0,normal,1,48,16432,999,1789342397.154047
normal_01,0,normal,1,49,16460,996,1789342397.154047
normal_01,0,normal,1,50,16452,1000,1789342397.154047
normal_01,0,normal,1,51,16424,1001,1789342397.154047
normal_01,0,normal,1,52,16460,1000,1789342397.154047
normal_01,0,normal,1,53,16460,996,1789342397.154047
normal_01,0,normal,1,54,16460,1001,1789342397.154047
normal_01,0,normal,1,55,16448,997,1789342397.154047
normal_01,0,normal,1,56,16404,998,1789342397.154047
normal_01,0,normal,1,57,16444,1000,1789342397.154047
normal_01,0,normal,1,58,16388,998,1789342397.154047
normal_01,0,normal,1,59,16444,1002,1789342397.154047
normal_01,0,normal,1,60,16432,999,1789342397.154047
normal_01,0,normal,1,61,16456,995,1789342397.154047
normal_01,0,normal,1,62,16444,1003,1789342397.154047
normal_01,0,normal,1,63,16456,1000,1789342397.154047
normal_01,0,normal,2,0,16420,0,1789342397.537628
normal_01,0,normal,2,1,16468,998,1789342397.537628
normal_01,0,normal,2,2,16432,1002,1789342397.537628
normal_01,0,normal,2,3,16432,995,1789342397.537628
normal_01,0,normal,2,4,16448,1003,1789342397.537628
normal_01,0,normal,2,5,16492,997,1789342397.537628
normal_01,0,normal,2,6,16396,998,1789342397.537628
normal_01,0,normal,2,7,16424,1001,1789342397.537628
normal_01,0,normal,2,8,16448,999,1789342397.537628
normal_01,0,normal,2,9,16448,999,1789342397.537628
normal_01,0,normal,2,10,16388,999,1789342397.537628
normal_01,0,normal,2,11,16400,1000,1789342397.537628
normal_01,0,normal,2,12,16528,996,1789342397.537628
normal_01,0,normal,2,13,16496,997,1789342397.537628
normal_01,0,normal,2,14,16396,999,1789342397.537628
normal_01,0,normal,2,15,16444,1001,1789342397.537628
normal_01,0,normal,2,16,16432,1001,1789342397.537628
normal_01,0,normal,2,17,16480,996,1789342397.537628
normal_01,0,normal,2,18,16452,998,1789342397.537628
normal_01,0,normal,2,19,16480,1001,1789342397.537628
normal_01,0,normal,2,20,16480,1001,1789342397.537628
normal_01,0,normal,2,21,16440,998,1789342397.537628
normal_01,0,normal,2,22,16488,995,1789342397.537628
normal_01,0,normal,2,23,16436,1000,1789342397.537628
normal_01,0,normal,2,24,16416,1002,1789342397.537628
normal_01,0,normal,2,25,16496,994,1789342397.537628
normal_01,0,normal,2,26,16408,999,1789342397.537628
normal_01,0,normal,2,27,16448,1000,1789342397.537628
normal_01,0,normal,2,28,16428,1000,1789342397.537628
normal_01,0,normal,2,29,16408,1000,1789342397.537628
normal_01,0,normal,2,30,16552,997,1789342397.537628
normal_01,0,normal,2,31,16452,1000,1789342397.537628
normal_01,0,normal,2,32,16508,998,1789342397.537628
normal_01,0,normal,2,33,16472,1001,1789342397.537628
normal_01,0,normal,2,34,16452,996,1789342397.537628
normal_01,0,normal,2,35,16416,998,1789342397.537628
normal_01,0,normal,2,36,16412,997,1789342397.537628
normal_01,0,normal,2,37,16456,999,1789342397.537628
normal_01,0,normal,2,38,16440,1000,1789342397.537628
normal_01,0,normal,2,39,16476,1000,1789342397.537628
normal_01,0,normal,2,40,16424,999,1789342397.537628
normal_01,0,normal,2,41,16484,1000,1789342397.537628
normal_01,0,normal,2,42,16488,999,1789342397.537628
normal_01,0,normal,2,43,16428,999,1789342397.537628
normal_01,0,normal,2,44,16388,997,1789342397.537628
normal_01,0,normal,2,45,16488,999,1789342397.537628
normal_01,0,normal,2,46,16468,998,1789342397.537628
normal_01,0,normal,2,47,16420,999,1789342397.537628
normal_01,0,normal,2,48,16504,1003,1789342397.537628
normal_01,0,normal,2,49,16468,999,1789342397.537628
normal_01,0,normal,2,50,16472,994,1789342397.537628
normal_01,0,normal,2,51,16428,1003,1789342397.537628
normal_01,0,normal,2,52,16432,997,1789342397.537628
normal_01,0,normal,2,53,16432,997,1789342397.537628
normal_01,0,normal,2,54,16416,1001,1789342397.537628
normal_01,0,normal,2,55,16472,997,1789342397.537628
normal_01,0,normal,2,56,16380,1001,1789342397.537628
normal_01,0,normal,2,57,16420,998,1789342397.537628
normal_01,0,normal,2,58,16452,999,1789342397.537628
normal_01,0,normal,2,59,16416,998,1789342397.537628
normal_01,0,normal,2,60,16416,1003,1789342397.537628
normal_01,0,normal,2,61,16376,995,1789342397.537628
normal_01,0,normal,2,62,16464,1002,1789342397.537628
normal_01,0,normal,2,63,16428,997,1789342397.537628
normal_01,0,normal,3,0,16504,0,1789342397.921960
normal_01,0,normal,3,1,16464,1001,1789342397.921960
normal_01,0,normal,3,2,16472,996,1789342397.921960
normal_01,0,normal,3,3,16448,1000,1789342397.921960
normal_01,0,normal,3,4,16412,999,1789342397.921960
normal_01,0,normal,3,5,16548,1001,1789342397.921960
normal_01,0,normal,3,6,16432,997,1789342397.921960
normal_01,0,normal,3,7,16424,1002,1789342397.921960
normal_01,0,normal,3,8,16428,999,1789342397.921960
normal_01,0,normal,3,9,16508,997,1789342397.921960
normal_01,0,normal,3,10,16460,996,1789342397.921960
normal_01,0,normal,3,11,16444,1002,1789342397.921960
normal_01,0,normal,3,12,16420,999,1789342397.921960
normal_01,0,normal,3,13,16396,994,1789342397.921960
normal_01,0,normal,3,14,16516,1000,1789342397.921960
normal_01,0,normal,3,15,16424,1000,1789342397.921960
normal_01,0,normal,3,16,16472,998,1789342397.921960
normal_01,0,normal,3,17,16456,1000,1789342397.921960
normal_01,0,normal,3,18,16404,996,1789342397.921960
normal_01,0,normal,3,19,16508,999,1789342397.921960
normal_01,0,normal,3,20,16460,1001,1789342397.921960
normal_01,0,normal,3,21,16444,999,1789342397.921960
normal_01,0,normal,3,22,16480,999,1789342397.921960
normal_01,0,normal,3,23,16464,998,1789342397.921960
normal_01,0,normal,3,24,16384,998,1789342397.921960
normal_01,0,normal,3,25,16396,1003,1789342397.921960
normal_01,0,normal,3,26,16396,994,1789342397.921960
normal_01,0,normal,3,27,16452,1000,1789342397.921960
normal_01,0,normal,3,28,16448,1000,1789342397.921960
normal_01,0,normal,3,29,16504,999,1789342397.921960
normal_01,0,normal,3,30,16428,998,1789342397.921960
normal_01,0,normal,3,31,16484,999,1789342397.921960
normal_01,0,normal,3,32,16516,1000,1789342397.921960
normal_01,0,normal,3,33,16468,995,1789342397.921960
normal_01,0,normal,3,34,16492,998,1789342397.921960
normal_01,0,normal,3,35,16480,1000,1789342397.921960
normal_01,0,normal,3,36,16496,1002,1789342397.921960
normal_01,0,normal,3,37,16444,998,1789342397.921960
normal_01,0,normal,3,38,16464,998,1789342397.921960
normal_01,0,normal,3,39,16464,998,1789342397.921960
normal_01,0,normal,3,40,16448,998,1789342397.921960
normal_01,0,normal,3,41,16412,998,1789342397.921960
normal_01,0,normal,3,42,16456,1000,1789342397.921960
normal_01,0,normal,3,43,16520,996,1789342397.921960
normal_01,0,normal,3,44,16444,1003,1789342397.921960
normal_01,0,normal,3,45,16488,996,1789342397.921960
normal_01,0,normal,3,46,16392,997,1789342397.921960
normal_01,0,normal,3,47,16464,1001,1789342397.921960
normal_01,0,normal,3,48,16428,1002,1789342397.921960
normal_01,0,normal,3,49,16508,997,1789342397.921960
normal_01,0,normal,3,50,16492,999,1789342397.921960
normal_01,0,normal,3,51,16452,1000,1789342397.921960
normal_01,0,normal,3,52,16444,999,1789342397.921960
normal_01,0,normal,3,53,16460,996,1789342397.921960
normal_01,0,normal,3,54,16404,1001,1789342397.921960
normal_01,0,normal,3,55,16432,996,1789342397.921960
normal_01,0,normal,3,56,16492,999,1789342397.921960
normal_01,0,normal,3,57,16484,1002,1789342397.921960
normal_01,0,normal,3,58,16424,997,1789342397.921960
normal_01,0,normal,3,59,16436,999,1789342397.921960
normal_01,0,normal,3,60,16436,997,1789342397.921960
normal_01,0,normal,3,61,16444,1002,1789342397.921960
normal_01,0,normal,3,62,16460,998,1789342397.921960
normal_01,0,normal,3,63,16440,1000,1789342397.921960
normal_01,0,normal,4,0,16428,0,1789342398.305581
normal_01,0,normal,4,1,16504,1000,1789342398.305581
normal_01,0,normal,4,2,16448,995,1789342398.305581
normal_01,0,normal,4,3,16444,1001,1789342398.305581
normal_01,0,normal,4,4,16460,1001,1789342398.305581
normal_01,0,normal,4,5,16428,998,1789342398.305581
normal_01,0,normal,4,6,16416,1000,1789342398.305581
normal_01,0,normal,4,7,16448,997,1789342398.305581
normal_01,0,normal,4,8,16416,996,1789342398.305581
normal_01,0,normal,4,9,16424,999,1789342398.305581
normal_01,0,normal,4,10,16420,1001,1789342398.305581
normal_01,0,normal,4,11,16448,1001,1789342398.305581
normal_01,0,normal,4,12,16404,995,1789342398.305581
normal_01,0,normal,4,13,16480,1000,1789342398.305581
normal_01,0,normal,4,14,16448,998,1789342398.305581
normal_01,0,normal,4,15,16472,999,1789342398.305581
normal_01,0,normal,4,16,16452,1002,1789342398.305581
normal_01,0,normal,4,17,16464,994,1789342398.305581
normal_01,0,normal,4,18,16420,1003,1789342398.305581
normal_01,0,normal,4,19,16432,998,1789342398.305581
normal_01,0,normal,4,20,16424,1000,1789342398.305581
normal_01,0,normal,4,21,16392,994,1789342398.305581
normal_01,0,normal,4,22,16440,1002,1789342398.305581
normal_01,0,normal,4,23,16428,1001,1789342398.305581
normal_01,0,normal,4,24,16420,999,1789342398.305581
normal_01,0,normal,4,25,16412,996,1789342398.305581
normal_01,0,normal,4,26,16476,997,1789342398.305581
normal_01,0,normal,4,27,16412,1001,1789342398.305581
normal_01,0,normal,4,28,16480,999,1789342398.305581
normal_01,0,normal,4,29,16500,996,1789342398.305581
normal_01,0,normal,4,30,16420,1004,1789342398.305581
normal_01,0,normal,4,31,16444,999,1789342398.305581
normal_01,0,normal,4,32,16448,994,1789342398.305581
normal_01,0,normal,4,33,16432,1000,1789342398.305581
normal_01,0,normal,4,34,16496,999,1789342398.305581
normal_01,0,normal,4,35,16456,1001,1789342398.305581
normal_01,0,normal,4,36,16424,998,1789342398.305581
normal_01,0,normal,4,37,16480,1000,1789342398.305581
normal_01,0,normal,4,38,16436,999,1789342398.305581
normal_01,0,normal,4,39,16476,995,1789342398.305581
normal_01,0,normal,4,40,16508,1003,1789342398.305581
normal_01,0,normal,4,41,16424,1000,1789342398.305581
normal_01,0,normal,4,42,16412,994,1789342398.305581
normal_01,0,normal,4,43,16488,1001,1789342398.305581
normal_01,0,normal,4,44,16460,996,1789342398.305581
normal_01,0,normal,4,45,16484,1002,1789342398.305581
normal_01,0,normal,4,46,16452,998,1789342398.305581
normal_01,0,normal,4,47,16508,1000,1789342398.305581
normal_01,0,normal,4,48,16316,996,1789342398.305581
normal_01,0,normal,4,49,16432,1003,1789342398.305581
normal_01,0,normal,4,50,16424,999,1789342398.305581
normal_01,0,normal,4,51,16456,996,1789342398.305581
normal_01,0,normal,4,52,16408,1002,1789342398.305581
normal_01,0,normal,4,53,16428,994,1789342398.305581
normal_01,0,normal,4,54,16476,1003,1789342398.305581
normal_01,0,normal,4,55,16520,995,1789342398.305581
normal_01,0,normal,4,56,16428,1000,1789342398.305581
normal_01,0,normal,4,57,16424,998,1789342398.305581
normal_01,0,normal,4,58,16420,997,1789342398.305581
normal_01,0,normal,4,59,16400,999,1789342398.305581
normal_01,0,normal,4,60,16472,1002,1789342398.305581
normal_01,0,normal,4,61,16452,997,1789342398.305581
normal_01,0,normal,4,62,16520,1001,1789342398.305581
normal_01,0,normal,4,63,16460,997,1789342398.305581
normal_01,0,normal,5,0,16484,0,1789342398.690003
normal_01,0,normal,5,1,16428,998,1789342398.690003
normal_01,0,normal,5,2,16472,996,1789342398.690003
normal_01,0,normal,5,3,16500,999,1789342398.690003
normal_01,0,normal,5,4,16488,999,1789342398.690003
normal_01,0,normal,5,5,16452,998,1789342398.690003
normal_01,0,normal,5,6,16524,1001,1789342398.690003
normal_01,0,normal,5,7,16436,997,1789342398.690003
normal_01,0,normal,5,8,16456,1000,1789342398.690003
normal_01,0,normal,5,9,16428,999,1789342398.690003
normal_01,0,normal,5,10,16428,997,1789342398.690003
normal_01,0,normal,5,11,16432,1002,1789342398.690003
normal_01,0,normal,5,12,16424,1001,1789342398.690003
normal_01,0,normal,5,13,16444,997,1789342398.690003
normal_01,0,normal,5,14,16444,999,1789342398.690003
normal_01,0,normal,5,15,16432,1000,1789342398.690003
normal_01,0,normal,5,16,16448,995,1789342398.690003
normal_01,0,normal,5,17,16472,1003,1789342398.690003
normal_01,0,normal,5,18,16412,996,1789342398.690003
normal_01,0,normal,5,19,16456,998,1789342398.690003
normal_01,0,normal,5,20,16460,1003,1789342398.690003
normal_01,0,normal,5,21,16396,995,1789342398.690003
normal_01,0,normal,5,22,16444,1003,1789342398.690003
normal_01,0,normal,5,23,16480,999,1789342398.690003
normal_01,0,normal,5,24,16432,998,1789342398.690003
normal_01,0,normal,5,25,16464,998,1789342398.690003
normal_01,0,normal,5,26,16420,1001,1789342398.690003
normal_01,0,normal,5,27,16480,998,1789342398.690003
normal_01,0,normal,5,28,16456,994,1789342398.690003
normal_01,0,normal,5,29,16476,1000,1789342398.690003
normal_01,0,normal,5,30,16444,1000,1789342398.690003
normal_01,0,normal,5,31,16480,999,1789342398.690003
normal_01,0,normal,5,32,16496,997,1789342398.690003
normal_01,0,normal,5,33,16504,999,1789342398.690003
normal_01,0,normal,5,34,16460,1001,1789342398.690003
normal_01,0,normal,5,35,16428,998,1789342398.690003
normal_01,0,normal,5,36,16484,998,1789342398.690003
normal_01,0,normal,5,37,16484,1000,1789342398.690003
normal_01,0,normal,5,38,16460,998,1789342398.690003
normal_01,0,normal,5,39,16400,999,1789342398.690003
normal_01,0,normal,5,40,16516,997,1789342398.690003
normal_01,0,normal,5,41,16424,1001,1789342398.690003
normal_01,0,normal,5,42,16432,999,1789342398.690003
normal_01,0,normal,5,43,16452,1001,1789342398.690003
normal_01,0,normal,5,44,16436,996,1789342398.690003
normal_01,0,normal,5,45,16420,1001,1789342398.690003
normal_01,0,normal,5,46,16452,999,1789342398.690003
normal_01,0,normal,5,47,16496,998,1789342398.690003
normal_01,0,normal,5,48,16372,1000,1789342398.690003
normal_01,0,normal,5,49,16408,996,1789342398.690003
normal_01,0,normal,5,50,16416,999,1789342398.690003
normal_01,0,normal,5,51,16492,1000,1789342398.690003
normal_01,0,normal,5,52,16436,996,1789342398.690003
normal_01,0,normal,5,53,16360,1000,1789342398.690003
normal_01,0,normal,5,54,16396,999,1789342398.690003
normal_01,0,normal,5,55,16424,1000,1789342398.690003
normal_01,0,normal,5,56,16408,999,1789342398.690003
normal_01,0,normal,5,57,16404,997,1789342398.690003
normal_01,0,normal,5,58,16464,1004,1789342398.690003
normal_01,0,normal,5,59,16432,994,1789342398.690003
normal_01,0,normal,5,60,16408,1001,1789342398.690003
normal_01,0,normal,5,61,16400,997,1789342398.690003
normal_01,0,normal,5,62,16440,999,1789342398.690003
normal_01,0,normal,5,63,16476,1002,1789342398.690003
normal_01,0,normal,6,0,16512,0,1789342399.073985
normal_01,0,normal,6,1,16460,998,1789342399.073985
normal_01,0,normal,6,2,16420,1002,1789342399.073985
normal_01,0,normal,6,3,16432,997,1789342399.073985
normal_01,0,normal,6,4,16420,1001,1789342399.073985
normal_01,0,normal,6,5,16408,1000,1789342399.073985
normal_01,0,normal,6,6,16464,995,1789342399.073985
normal_01,0,normal,6,7,16448,1000,1789342399.073985
normal_01,0,normal,6,8,16468,996,1789342399.073985
normal_01,0,normal,6,9,16524,1001,1789342399.073985
normal_01,0,normal,6,10,16460,1001,1789342399.073985
normal_01,0,normal,6,11,16504,996,1789342399.073985
normal_01,0,normal,6,12,16472,1000,1789342399.073985
normal_01,0,normal,6,13,16452,999,1789342399.073985
normal_01,0,normal,6,14,16496,1002,1789342399.073985
normal_01,0,normal,6,15,16504,994,1789342399.073985
normal_01,0,normal,6,16,16388,1003,1789342399.073985
normal_01,0,normal,6,17,16460,999,1789342399.073985
normal_01,0,normal,6,18,16408,999,1789342399.073985
normal_01,0,normal,6,19,16416,995,1789342399.073985
normal_01,0,normal,6,20,16432,1000,1789342399.073985
normal_01,0,normal,6,21,16468,998,1789342399.073985
normal_01,0,normal,6,22,16484,1000,1789342399.073985
normal_01,0,normal,6,23,16432,998,1789342399.073985
normal_01,0,normal,6,24,16476,1000,1789342399.073985
normal_01,0,normal,6,25,16428,998,1789342399.073985
normal_01,0,normal,6,26,16460,998,1789342399.073985
normal_01,0,normal,6,27,16420,999,1789342399.073985
normal_01,0,normal,6,28,16488,1003,1789342399.073985
normal_01,0,normal,6,29,16480,998,1789342399.073985
normal_01,0,normal,6,30,16428,997,1789342399.073985
normal_01,0,normal,6,31,16416,999,1789342399.073985
normal_01,0,normal,6,32,16440,999,1789342399.073985
normal_01,0,normal,6,33,16460,1000,1789342399.073985
normal_01,0,normal,6,34,16480,999,1789342399.073985
normal_01,0,normal,6,35,16440,998,1789342399.073985
normal_01,0,normal,6,36,16440,997,1789342399.073985
normal_01,0,normal,6,37,16484,1001,1789342399.073985
normal_01,0,normal,6,38,16472,996,1789342399.073985
normal_01,0,normal,6,39,16472,999,1789342399.073985
normal_01,0,normal,6,40,16408,1002,1789342399.073985
normal_01,0,normal,6,41,16444,1000,1789342399.073985
normal_01,0,normal,6,42,16456,994,1789342399.073985
normal_01,0,normal,6,43,16504,1000,1789342399.073985
normal_01,0,normal,6,44,16432,1000,1789342399.073985
normal_01,0,normal,6,45,16412,1001,1789342399.073985
normal_01,0,normal,6,46,16460,997,1789342399.073985
normal_01,0,normal,6,47,16488,1000,1789342399.073985
normal_01,0,normal,6,48,16416,998,1789342399.073985
normal_01,0,normal,6,49,16388,1000,1789342399.073985
normal_01,0,normal,6,50,16448,994,1789342399.073985
normal_01,0,normal,6,51,16408,999,1789342399.073985
normal_01,0,normal,6,52,16544,1000,1789342399.073985
normal_01,0,normal,6,53,16388,1002,1789342399.073985
normal_01,0,normal,6,54,16484,995,1789342399.073985
normal_01,0,normal,6,55,16452,999,1789342399.073985
normal_01,0,normal,6,56,16400,1000,1789342399.073985
normal_01,0,normal,6,57,16448,999,1789342399.073985
normal_01,0,normal,6,58,16424,1001,1789342399.073985
normal_01,0,normal,6,59,16448,998,1789342399.073985
normal_01,0,normal,6,60,16488,1000,1789342399.073985
normal_01,0,normal,6,61,16468,997,1789342399.073985
normal_01,0,normal,6,62,16416,1001,1789342399.073985
normal_01,0,normal,6,63,16436,999,1789342399.073985
normal_01,0,normal,7,0,16424,0,1789342399.457463
normal_01,0,normal,7,1,16500,996,1789342399.457463
normal_01,0,normal,7,2,16472,1000,1789342399.457463
normal_01,0,normal,7,3,16368,998,1789342399.457463
normal_01,0,normal,7,4,16392,999,1789342399.457463
normal_01,0,normal,7,5,16392,1000,1789342399.457463
normal_01,0,normal,7,6,16444,999,1789342399.457463
normal_01,0,normal,7,7,16376,999,1789342399.457463
normal_01,0,normal,7,8,16452,997,1789342399.457463
normal_01,0,normal,7,9,16480,997,1789342399.457463
normal_01,0,normal,7,10,16416,999,1789342399.457463
normal_01,0,normal,7,11,16492,999,1789342399.457463
normal_01,0,normal,7,12,16456,999,1789342399.457463
normal_01,0,normal,7,13,16464,1001,1789342399.457463
normal_01,0,normal,7,14,16392,996,1789342399.457463
normal_01,0,normal,7,15,16440,1001,1789342399.457463
normal_01,0,normal,7,16,16456,997,1789342399.457463
normal_01,0,normal,7,17,16392,1000,1789342399.457463
normal_01,0,normal,7,18,16428,996,1789342399.457463
normal_01,0,normal,7,19,16448,1000,1789342399.457463
normal_01,0,normal,7,20,16440,998,1789342399.457463
normal_01,0,normal,7,21,16464,1001,1789342399.457463
normal_01,0,normal,7,22,16396,997,1789342399.457463
normal_01,0,normal,7,23,16452,999,1789342399.457463
normal_01,0,normal,7,24,16436,999,1789342399.457463
normal_01,0,normal,7,25,16440,1003,1789342399.457463
normal_01,0,normal,7,26,16416,997,1789342399.457463
normal_01,0,normal,7,27,16516,1000,1789342399.457463
normal_01,0,normal,7,28,16408,1000,1789342399.457463
normal_01,0,normal,7,29,16460,995,1789342399.457463
normal_01,0,normal,7,30,16452,1000,1789342399.457463
normal_01,0,normal,7,31,16488,1000,1789342399.457463
normal_01,0,normal,7,32,16476,996,1789342399.457463
normal_01,0,normal,7,33,16460,1002,1789342399.457463
normal_01,0,normal,7,34,16496,1000,1789342399.457463
normal_01,0,normal,7,35,16452,994,1789342399.457463
normal_01,0,normal,7,36,16416,1003,1789342399.457463
normal_01,0,normal,7,37,16464,996,1789342399.457463
normal_01,0,normal,7,38,16444,1000,1789342399.457463
normal_01,0,normal,7,39,16484,998,1789342399.457463
normal_01,0,normal,7,40,16476,1001,1789342399.457463
normal_01,0,normal,7,41,16492,1000,1789342399.457463
normal_01,0,normal,7,42,16448,995,1789342399.457463
normal_01,0,normal,7,43,16480,1000,1789342399.457463
normal_01,0,normal,7,44,16428,999,1789342399.457463
normal_01,0,normal,7,45,16480,997,1789342399.457463
normal_01,0,normal,7,46,16456,1001,1789342399.457463
normal_01,0,normal,7,47,16412,996,1789342399.457463
normal_01,0,normal,7,48,16416,1002,1789342399.457463
normal_01,0,normal,7,49,16420,999,1789342399.457463
normal_01,0,normal,7,50,16484,997,1789342399.457463
normal_01,0,normal,7,51,16480,996,1789342399.457463
normal_01,0,normal,7,52,16444,1003,1789342399.457463
normal_01,0,normal,7,53,16452,997,1789342399.457463
normal_01,0,normal,7,54,16420,1001,1789342399.457463
normal_01,0,normal,7,55,16432,996,1789342399.457463
normal_01,0,normal,7,56,16476,1001,1789342399.457463
normal_01,0,normal,7,57,16440,1000,1789342399.457463
normal_01,0,normal,7,58,16428,998,1789342399.457463
normal_01,0,normal,7,59,16424,998,1789342399.457463
normal_01,0,normal,7,60,16436,997,1789342399.457463
normal_01,0,normal,7,61,16444,1000,1789342399.457463
normal_01,0,normal,7,62,16448,1000,1789342399.457463
normal_01,0,normal,7,63,16508,1000,1789342399.457463
normal_01,0,normal,8,0,16472,0,1789342399.841455
normal_01,0,normal,8,1,16408,1002,1789342399.841455
normal_01,0,normal,8,2,16416,995,1789342399.841455
normal_01,0,normal,8,3,16436,1003,1789342399.841455
normal_01,0,normal,8,4,16380,995,1789342399.841455
normal_01,0,normal,8,5,16468,1001,1789342399.841455
normal_01,0,normal,8,6,16436,1000,1789342399.841455
normal_01,0,normal,8,7,16508,996,1789342399.841455
normal_01,0,normal,8,8,16408,1001,1789342399.841455
normal_01,0,normal,8,9,16440,996,1789342399.841455
normal_01,0,normal,8,10,16420,999,1789342399.841455
normal_01,0,normal,8,11,16460,1001,1789342399.841455
normal_01,0,normal,8,12,16388,997,1789342399.841455
normal_01,0,normal,8,13,16404,1003,1789342399.841455
normal_01,0,normal,8,14,16352,994,1789342399.841455
normal_01,0,normal,8,15,16444,1004,1789342399.841455
normal_01,0,normal,8,16,16468,995,1789342399.841455
normal_01,0,normal,8,17,16420,999,1789342399.841455
normal_01,0,normal,8,18,16428,998,1789342399.841455
normal_01,0,normal,8,19,16460,1001,1789342399.841455
normal_01,0,normal,8,20,16444,995,1789342399.841455
normal_01,0,normal,8,21,16536,999,1789342399.841455
normal_01,0,normal,8,22,16460,999,1789342399.841455
normal_01,0,normal,8,23,16420,1000,1789342399.841455
normal_01,0,normal,8,24,16396,1000,1789342399.841455
normal_01,0,normal,8,25,16448,1000,1789342399.841455
normal_01,0,normal,8,26,16424,999,1789342399.841455
normal_01,0,normal,8,27,16436,998,1789342399.841455
normal_01,0,normal,8,28,16468,999,1789342399.841455
normal_01,0,normal,8,29,16436,1000,1789342399.841455
normal_01,0,normal,8,30,16456,996,1789342399.841455
normal_01,0,normal,8,31,16452,997,1789342399.841455
normal_01,0,normal,8,32,16480,1002,1789342399.841455
normal_01,0,normal,8,33,16492,998,1789342399.841455
normal_01,0,normal,8,34,16468,998,1789342399.841455
normal_01,0,normal,8,35,16352,1000,1789342399.841455
normal_01,0,normal,8,36,16404,997,1789342399.841455
normal_01,0,normal,8,37,16540,998,1789342399.841455
normal_01,0,normal,8,38,16496,1000,1789342399.841455
normal_01,0,normal,8,39,16448,997,1789342399.841455
normal_01,0,normal,8,40,16456,1002,1789342399.841455
normal_01,0,normal,8,41,16436,996,1789342399.841455
normal_01,0,normal,8,42,16456,1001,1789342399.841455
normal_01,0,normal,8,43,16432,998,1789342399.841455
normal_01,0,normal,8,44,16496,1002,1789342399.841455
normal_01,0,normal,8,45,16440,996,1789342399.841455
normal_01,0,normal,8,46,16444,997,1789342399.841455
normal_01,0,normal,8,47,16468,1001,1789342399.841455
normal_01,0,normal,8,48,16468,998,1789342399.841455
normal_01,0,normal,8,49,16464,999,1789342399.841455
normal_01,0,normal,8,50,16460,1000,1789342399.841455
normal_01,0,normal,8,51,16500,995,1789342399.841455
normal_01,0,normal,8,52,16512,1002,1789342399.841455
normal_01,0,normal,8,53,16396,998,1789342399.841455
normal_01,0,normal,8,54,16448,998,1789342399.841455
normal_01,0,normal,8,55,16380,998,1789342399.841455
normal_01,0,normal,8,56,16452,998,1789342399.841455
normal_01,0,normal,8,57,16480,1000,1789342399.841455
normal_01,0,normal,8,58,16416,999,1789342399.841455
normal_01,0,normal,8,59,16452,998,1789342399.841455
normal_01,0,normal,8,60,16468,998,1789342399.841455
normal_01,0,normal,8,61,16440,1004,1789342399.841455
normal_01,0,normal,8,62,16480,995,1789342399.841455
normal_01,0,normal,8,63,16480,1002,1789342399.841455
normal_01,0,normal,9,0,16428,0,1789342400.225426
normal_01,0,normal,9,1,16424,997,1789342400.225426
normal_01,0,normal,9,2,16400,996,1789342400.225426
normal_01,0,normal,9,3,16468,1001,1789342400.225426
normal_01,0,normal,9,4,16412,996,1789342400.225426
normal_01,0,normal,9,5,16540,1000,1789342400.225426
normal_01,0,normal,9,6,16464,999,1789342400.225426
normal_01,0,normal,9,7,16412,1000,1789342400.225426
normal_01,0,normal,9,8,16440,999,1789342400.225426
normal_01,0,normal,9,9,16516,997,1789342400.225426
normal_01,0,normal,9,10,16416,1000,1789342400.225426
normal_01,0,normal,9,11,16436,1000,1789342400.225426
normal_01,0,normal,9,12,16496,997,1789342400.225426
normal_01,0,normal,9,13,16396,1000,1789342400.225426
normal_01,0,normal,9,14,16476,1000,1789342400.225426
normal_01,0,normal,9,15,16420,995,1789342400.225426
normal_01,0,normal,9,16,16408,1000,1789342400.225426
normal_01,0,normal,9,17,16432,1001,1789342400.225426
normal_01,0,normal,9,18,16420,1000,1789342400.225426
normal_01,0,normal,9,19,16404,997,1789342400.225426
normal_01,0,normal,9,20,16392,996,1789342400.225426
normal_01,0,normal,9,21,16392,999,1789342400.225426
normal_01,0,normal,9,22,16424,1002,1789342400.225426
normal_01,0,normal,9,23,16412,996,1789342400.225426
normal_01,0,normal,9,24,16488,1003,1789342400.225426
normal_01,0,normal,9,25,16436,996,1789342400.225426
normal_01,0,normal,9,26,16428,1001,1789342400.225426
normal_01,0,normal,9,27,16468,998,1789342400.225426
normal_01,0,normal,9,28,16444,1001,1789342400.225426
normal_01,0,normal,9,29,16476,999,1789342400.225426
normal_01,0,normal,9,30,16440,999,1789342400.225426
normal_01,0,normal,9,31,16472,996,1789342400.225426
normal_01,0,normal,9,32,16472,998,1789342400.225426
normal_01,0,normal,9,33,16392,998,1789342400.225426
normal_01,0,normal,9,34,16484,1000,1789342400.225426
normal_01,0,normal,9,35,16436,997,1789342400.225426
normal_01,0,normal,9,36,16472,1000,1789342400.225426
normal_01,0,normal,9,37,16484,1000,1789342400.225426
normal_01,0,normal,9,38,16440,998,1789342400.225426
normal_01,0,normal,9,39,16412,1000,1789342400.225426
normal_01,0,normal,9,40,16424,999,1789342400.225426
normal_01,0,normal,9,41,16424,996,1789342400.225426
normal_01,0,normal,9,42,16416,999,1789342400.225426
normal_01,0,normal,9,43,16464,999,1789342400.225426
normal_01,0,normal,9,44,16420,1003,1789342400.225426
normal_01,0,normal,9,45,16436,994,1789342400.225426
normal_01,0,normal,9,46,16500,1000,1789342400.225426
normal_01,0,normal,9,47,16512,1002,1789342400.225426
normal_01,0,normal,9,48,16416,998,1789342400.225426
normal_01,0,normal,9,49,16420,999,1789342400.225426
normal_01,0,normal,9,50,16496,995,1789342400.225426
normal_01,0,normal,9,51,16476,1001,1789342400.225426
normal_01,0,normal,9,52,16464,1001,1789342400.225426
normal_01,0,normal,9,53,16404,995,1789342400.225426
normal_01,0,normal,9,54,16404,999,1789342400.225426
normal_01,0,normal,9,55,16428,999,1789342400.225426
normal_01,0,normal,9,56,16460,997,1789342400.225426
normal_01,0,normal,9,57,16460,1004,1789342400.225426
normal_01,0,normal,9,58,16432,998,1789342400.225426
normal_01,0,normal,9,59,16436,999,1789342400.225426
normal_01,0,normal,9,60,16452,999,1789342400.225426
normal_01,0,normal,9,61,16480,997,1789342400.225426
normal_01,0,normal,9,62,16428,1001,1789342400.225426
normal_01,0,normal,9,63,16484,995,1789342400.225426
normal_01,0,normal,10,0,16412,0,1789342400.609374
normal_01,0,normal,10,1,16416,999,1789342400.609374
normal_01,0,normal,10,2,16404,999,1789342400.609374
normal_01,0,normal,10,3,16436,1000,1789342400.609374
normal_01,0,normal,10,4,16472,1001,1789342400.609374
normal_01,0,normal,10,5,16432,996,1789342400.609374
normal_01,0,normal,10,6,16480,1001,1789342400.609374
normal_01,0,normal,10,7,16452,997,1789342400.609374
normal_01,0,normal,10,8,16436,1002,1789342400.609374
normal_01,0,normal,10,9,16488,994,1789342400.609374
normal_01,0,normal,10,10,16456,1002,1789342400.609374
normal_01,0,normal,10,11,16504,996,1789342400.609374
normal_01,0,normal,10,12,16408,999,1789342400.609374
normal_01,0,normal,10,13,16456,1003,1789342400.609374
normal_01,0,normal,10,14,16476,996,1789342400.609374
normal_01,0,normal,10,15,16488,998,1789342400.609374
normal_01,0,normal,10,16,16424,1003,1789342400.609374
normal_01,0,normal,10,17,16452,999,1789342400.609374
normal_01,0,normal,10,18,16452,998,1789342400.609374
normal_01,0,normal,10,19,16424,997,1789342400.609374
normal_01,0,normal,10,20,16504,998,1789342400.609374
normal_01,0,normal,10,21,16440,1001,1789342400.609374
normal_01,0,normal,10,22,16460,1000,1789342400.609374
normal_01,0,normal,10,23,16460,996,1789342400.609374
normal_01,0,normal,10,24,16452,1004,1789342400.609374
normal_01,0,normal,10,25,16460,998,1789342400.609374
normal_01,0,normal,10,26,16448,997,1789342400.609374
normal_01,0,normal,10,27,16404,1001,1789342400.609374
normal_01,0,normal,10,28,16412,998,1789342400.609374
normal_01,0,normal,10,29,16488,996,1789342400.609374
normal_01,0,normal,10,30,16400,1000,1789342400.609374
normal_01,0,normal,10,31,16400,999,1789342400.609374
normal_01,0,normal,10,32,16504,996,1789342400.609374
normal_01,0,normal,10,33,16408,1002,1789342400.609374
normal_01,0,normal,10,34,16432,999,1789342400.609374
normal_01,0,normal,10,35,16448,997,1789342400.609374
normal_01,0,normal,10,36,16420,1001,1789342400.609374
normal_01,0,normal,10,37,16432,997,1789342400.609374
normal_01,0,normal,10,38,16460,1002,1789342400.609374
normal_01,0,normal,10,39,16464,995,1789342400.609374
normal_01,0,normal,10,40,16512,1000,1789342400.609374
normal_01,0,normal,10,41,16436,1000,1789342400.609374
normal_01,0,normal,10,42,16408,999,1789342400.609374
normal_01,0,normal,10,43,16408,996,1789342400.609374
normal_01,0,normal,10,44,16488,1001,1789342400.609374
normal_01,0,normal,10,45,16472,997,1789342400.609374
normal_01,0,normal,10,46,16492,1002,1789342400.609374
normal_01,0,normal,10,47,16468,998,1789342400.609374
normal_01,0,normal,10,48,16516,1000,1789342400.609374
normal_01,0,normal,10,49,16424,1000,1789342400.609374
normal_01,0,normal,10,50,16500,997,1789342400.609374
normal_01,0,normal,10,51,16440,1000,1789342400.609374
normal_01,0,normal,10,52,16412,999,1789342400.609374
normal_01,0,normal,10,53,16500,996,1789342400.609374
normal_01,0,normal,10,54,16424,1003,1789342400.609374
normal_01,0,normal,10,55,16480,996,1789342400.609374
normal_01,0,normal,10,56,16476,998,1789342400.609374
normal_01,0,normal,10,57,16412,999,1789342400.609374
normal_01,0,normal,10,58,16488,999,1789342400.609374
normal_01,0,normal,10,59,16404,998,1789342400.609374
normal_01,0,normal,10,60,16432,1001,1789342400.609374
normal_01,0,normal,10,61,16488,997,1789342400.609374
normal_01,0,normal,10,62,16464,1000,1789342400.609374
normal_01,0,normal,10,63,16528,1002,1789342400.609374
normal_01,0,normal,11,0,16440,0,1789342400.993359
normal_01,0,normal,11,1,16500,1000,1789342400.993359
normal_01,0,normal,11,2,16416,1000,1789342400.993359
normal_01,0,normal,11,3,16388,997,1789342400.993359
normal_01,0,normal,11,4,16432,996,1789342400.993359
normal_01,0,normal,11,5,16408,1004,1789342400.993359
normal_01,0,normal,11,6,16492,995,1789342400.993359
normal_01,0,normal,11,7,16376,1000,1789342400.993359
normal_01,0,normal,11,8,16508,999,1789342400.993359
normal_01,0,normal,11,9,16432,998,1789342400.993359
normal_01,0,normal,11,10,16452,998,1789342400.993359
normal_01,0,normal,11,11,16464,1001,1789342400.993359
normal_01,0,normal,11,12,16448,997,1789342400.993359
normal_01,0,normal,11,13,16460,1001,1789342400.993359
normal_01,0,normal,11,14,16480,1000,1789342400.993359
normal_01,0,normal,11,15,16496,1000,1789342400.993359
normal_01,0,normal,11,16,16484,995,1789342400.993359
normal_01,0,normal,11,17,16456,1003,1789342400.993359
normal_01,0,normal,11,18,16412,996,1789342400.993359
normal_01,0,normal,11,19,16480,998,1789342400.993359
normal_01,0,normal,11,20,16452,999,1789342400.993359
normal_01,0,normal,11,21,16476,999,1789342400.993359
normal_01,0,normal,11,22,16460,1000,1789342400.993359
normal_01,0,normal,11,23,16416,1000,1789342400.993359
normal_01,0,normal,11,24,16416,996,1789342400.993359
normal_01,0,normal,11,25,16440,1000,1789342400.993359
normal_01,0,normal,11,26,16464,999,1789342400.993359
normal_01,0,normal,11,27,16444,997,1789342400.993359
normal_01,0,normal,11,28,16420,1003,1789342400.993359
normal_01,0,normal,11,29,16408,995,1789342400.993359
normal_01,0,normal,11,30,16488,1002,1789342400.993359
normal_01,0,normal,11,31,16464,998,1789342400.993359
normal_01,0,normal,11,32,16448,1001,1789342400.993359
normal_01,0,normal,11,33,16456,995,1789342400.993359
normal_01,0,normal,11,34,16444,1001,1789342400.993359
normal_01,0,normal,11,35,16424,997,1789342400.993359
normal_01,0,normal,11,36,16448,998,1789342400.993359
normal_01,0,normal,11,37,16440,998,1789342400.993359
normal_01,0,normal,11,38,16468,1001,1789342400.993359
normal_01,0,normal,11,39,16452,999,1789342400.993359
normal_01,0,normal,11,40,16444,1000,1789342400.993359
normal_01,0,normal,11,41,16472,996,1789342400.993359
normal_01,0,normal,11,42,16484,998,1789342400.993359
normal_01,0,normal,11,43,16448,999,1789342400.993359
normal_01,0,normal,11,44,16516,1001,1789342400.993359
normal_01,0,normal,11,45,16452,1001,1789342400.993359
normal_01,0,normal,11,46,16472,994,1789342400.993359
normal_01,0,normal,11,47,16420,1004,1789342400.993359
normal_01,0,normal,11,48,16480,996,1789342400.993359
normal_01,0,normal,11,49,16436,998,1789342400.993359
normal_01,0,normal,11,50,16376,1000,1789342400.993359
normal_01,0,normal,11,51,16420,1001,1789342400.993359
normal_01,0,normal,11,52,16436,1000,1789342400.993359
normal_01,0,normal,11,53,16452,995,1789342400.993359
normal_01,0,normal,11,54,16484,1001,1789342400.993359
normal_01,0,normal,11,55,16424,996,1789342400.993359
normal_01,0,normal,11,56,16384,1004,1789342400.993359
normal_01,0,normal,11,57,16464,995,1789342400.993359
normal_01,0,normal,11,58,16436,1002,1789342400.993359
normal_01,0,normal,11,59,16456,994,1789342400.993359
normal_01,0,normal,11,60,16456,1002,1789342400.993359
normal_01,0,normal,11,61,16416,999,1789342400.993359
normal_01,0,normal,11,62,16420,997,1789342400.993359
normal_01,0,normal,11,63,16452,998,1789342400.993359
normal_01,0,normal,12,0,16476,0,1789342401.377673
normal_01,0,normal,12,1,16368,996,1789342401.377673
normal_01,0,normal,12,2,16428,1000,1789342401.377673
normal_01,0,normal,12,3,16388,997,1789342401.377673
normal_01,0,normal,12,4,16444,1002,1789342401.377673
normal_01,0,normal,12,5,16460,997,1789342401.377673
normal_01,0,normal,12,6,16476,1001,1789342401.377673
normal_01,0,normal,12,7,16424,996,1789342401.377673
normal_01,0,normal,12,8,16444,1001,1789342401.377673
normal_01,0,normal,12,9,16476,998,1789342401.377673
normal_01,0,normal,12,10,16448,999,1789342401.377673
normal_01,0,normal,12,11,16476,998,1789342401.377673
normal_01,0,normal,12,12,16488,1000,1789342401.377673
normal_01,0,normal,12,13,16384,1001,1789342401.377673
normal_01,0,normal,12,14,16404,994,1789342401.377673
normal_01,0,normal,12,15,16444,1000,1789342401.377673
normal_01,0,normal,12,16,16424,1000,1789342401.377673
normal_01,0,normal,12,17,16468,996,1789342401.377673
normal_01,0,normal,12,18,16452,1001,1789342401.377673
normal_01,0,normal,12,19,16412,996,1789342401.377673
normal_01,0,normal,12,20,16444,1000,1789342401.377673
normal_01,0,normal,12,21,16388,1002,1789342401.377673
normal_01,0,normal,12,22,16448,998,1789342401.377673
normal_01,0,normal,12,23,16460,999,1789342401.377673
normal_01,0,normal,12,24,16396,997,1789342401.377673
normal_01,0,normal,12,25,16488,1001,1789342401.377673
normal_01,0,normal,12,26,16464,997,1789342401.377673
normal_01,0,normal,12,27,16484,999,1789342401.377673
normal_01,0,normal,12,28,16480,999,1789342401.377673
normal_01,0,normal,12,29,16424,998,1789342401.377673
normal_01,0,normal,12,30,16444,1000,1789342401.377673
normal_01,0,normal,12,31,16476,1000,1789342401.377673
normal_01,0,normal,12,32,16480,996,1789342401.377673
normal_01,0,normal,12,33,16412,999,1789342401.377673
normal_01,0,normal,12,34,16464,999,1789342401.377673
normal_01,0,normal,12,35,16436,999,1789342401.377673
normal_01,0,normal,12,36,16412,1001,1789342401.377673
normal_01,0,normal,12,37,16420,996,1789342401.377673
normal_01,0,normal,12,38,16452,1002,1789342401.377673
normal_01,0,normal,12,39,16436,994,1789342401.377673
normal_01,0,normal,12,40,16492,1000,1789342401.377673
normal_01,0,normal,12,41,16488,1000,1789342401.377673
normal_01,0,normal,12,42,16428,999,1789342401.377673
normal_01,0,normal,12,43,16424,1001,1789342401.377673
normal_01,0,normal,12,44,16464,999,1789342401.377673
normal_01,0,normal,12,45,16444,997,1789342401.377673
normal_01,0,normal,12,46,16484,998,1789342401.377673
normal_01,0,normal,12,47,16424,1002,1789342401.377673
normal_01,0,normal,12,48,16380,998,1789342401.377673
normal_01,0,normal,12,49,16448,998,1789342401.377673
normal_01,0,normal,12,50,16400,999,1789342401.377673
normal_01,0,normal,12,51,16444,998,1789342401.377673
normal_01,0,normal,12,52,16436,998,1789342401.377673
normal_01,0,normal,12,53,16420,1000,1789342401.377673
normal_01,0,normal,12,54,16420,997,1789342401.377673
normal_01,0,normal,12,55,16476,999,1789342401.377673
normal_01,0,normal,12,56,16456,1003,1789342401.377673
normal_01,0,normal,12,57,16364,998,1789342401.377673
normal_01,0,normal,12,58,16536,998,1789342401.377673
normal_01,0,normal,12,59,16488,996,1789342401.377673
normal_01,0,normal,12,60,16480,1002,1789342401.377673
normal_01,0,normal,12,61,16456,996,1789342401.377673
normal_01,0,normal,12,62,16476,999,1789342401.377673
normal_01,0,normal,12,63,16484,1000,1789342401.377673
normal_01,0,normal,13,0,16432,0,1789342401.761326
normal_01,0,normal,13,1,16456,998,1789342401.761326
normal_01,0,normal,13,2,16452,999,1789342401.761326
normal_01,0,normal,13,3,16420,1002,1789342401.761326
normal_01,0,normal,13,4,16464,996,1789342401.761326
normal_01,0,normal,13,5,16420,997,1789342401.761326
normal_01,0,normal,13,6,16456,1001,1789342401.761326
normal_01,0,normal,13,7,16460,1001,1789342401.761326
normal_01,0,normal,13,8,16444,994,1789342401.761326
normal_01,0,normal,13,9,16412,998,1789342401.761326
normal_01,0,normal,13,10,16452,1000,1789342401.761326
normal_01,0,normal,13,11,16448,1000,1789342401.761326
normal_01,0,normal,13,12,16412,1001,1789342401.761326
normal_01,0,normal,13,13,16448,998,1789342401.761326
normal_01,0,normal,13,14,16432,998,1789342401.761326
normal_01,0,normal,13,15,16476,1000,1789342401.761326
normal_01,0,normal,13,16,16420,995,1789342401.761326
normal_01,0,normal,13,17,16416,1003,1789342401.761326
normal_01,0,normal,13,18,16452,995,1789342401.761326
normal_01,0,normal,13,19,16396,999,1789342401.761326
normal_01,0,normal,13,20,16432,1003,1789342401.761326
normal_01,0,normal,13,21,16488,995,1789342401.761326
normal_01,0,normal,13,22,16460,998,1789342401.761326
normal_01,0,normal,13,23,16460,998,1789342401.761326
normal_01,0,normal,13,24,16424,999,1789342401.761326
normal_01,0,normal,13,25,16464,999,1789342401.761326
normal_01,0,normal,13,26,16436,1000,1789342401.761326
normal_01,0,normal,13,27,16496,998,1789342401.761326
normal_01,0,normal,13,28,16524,1003,1789342401.761326
normal_01,0,normal,13,29,16420,998,1789342401.761326
normal_01,0,normal,13,30,16484,995,1789342401.761326
normal_01,0,normal,13,31,16416,1003,1789342401.761326
normal_01,0,normal,13,32,16496,999,1789342401.761326
normal_01,0,normal,13,33,16448,997,1789342401.761326
normal_01,0,normal,13,34,16484,1001,1789342401.761326
normal_01,0,normal,13,35,16488,995,1789342401.761326
normal_01,0,normal,13,36,16404,1001,1789342401.761326
normal_01,0,normal,13,37,16524,1000,1789342401.761326
normal_01,0,normal,13,38,16396,998,1789342401.761326
normal_01,0,normal,13,39,16448,998,1789342401.761326
normal_01,0,normal,13,40,16452,996,1789342401.761326
normal_01,0,normal,13,41,16492,1003,1789342401.761326
normal_01,0,normal,13,42,16472,996,1789342401.761326
normal_01,0,normal,13,43,16432,998,1789342401.761326
normal_01,0,normal,13,44,16440,1002,1789342401.761326
normal_01,0,normal,13,45,16452,999,1789342401.761326
normal_01,0,normal,13,46,16420,996,1789342401.761326
normal_01,0,normal,13,47,16416,1000,1789342401.761326
normal_01,0,normal,13,48,16444,999,1789342401.761326
normal_01,0,normal,13,49,16432,996,1789342401.761326
normal_01,0,normal,13,50,16464,1003,1789342401.761326
normal_01,0,normal,13,51,16488,995,1789342401.761326
normal_01,0,normal,13,52,16468,999,1789342401.761326
normal_01,0,normal,13,53,16396,1002,1789342401.761326
normal_01,0,normal,13,54,16472,995,1789342401.761326
normal_01,0,normal,13,55,16436,999,1789342401.761326
normal_01,0,normal,13,56,16516,999,1789342401.761326
normal_01,0,normal,13,57,16440,1003,1789342401.761326
normal_01,0,normal,13,58,16452,997,1789342401.761326
normal_01,0,normal,13,59,16468,997,1789342401.761326
normal_01,0,normal,13,60,16444,1000,1789342401.761326
normal_01,0,normal,13,61,16448,999,1789342401.761326
normal_01,0,normal,13,62,16432,1000,1789342401.761326
normal_01,0,normal,13,63,16460,995,1789342401.761326
normal_01,0,normal,14,0,16480,0,1789342402.145260
normal_01,0,normal,14,1,16416,997,1789342402.145260
normal_01,0,normal,14,2,16444,999,1789342402.145260
normal_01,0,normal,14,3,16460,998,1789342402.145260
normal_01,0,normal,14,4,16532,1000,1789342402.145260
normal_01,0,normal,14,5,16448,998,1789342402.145260
normal_01,0,normal,14,6,16488,1000,1789342402.145260
normal_01,0,normal,14,7,16448,996,1789342402.145260
normal_01,0,normal,14,8,16480,1001,1789342402.145260
normal_01,0,normal,14,9,16412,1000,1789342402.145260
normal_01,0,normal,14,10,16524,994,1789342402.145260
normal_01,0,normal,14,11,16432,999,1789342402.145260
normal_01,0,normal,14,12,16492,1001,1789342402.145260
normal_01,0,normal,14,13,16436,998,1789342402.145260
normal_01,0,normal,14,14,16420,999,1789342402.145260
normal_01,0,normal,14,15,16412,1002,1789342402.145260
normal_01,0,normal,14,16,16420,1000,1789342402.145260
normal_01,0,normal,14,17,16492,994,1789342402.145260
normal_01,0,normal,14,18,16416,1004,1789342402.145260
normal_01,0,normal,14,19,16512,997,1789342402.145260
normal_01,0,normal,14,20,16448,996,1789342402.145260
normal_01,0,normal,14,21,16480,999,1789342402.145260
normal_01,0,normal,14,22,16392,1004,1789342402.145260
normal_01,0,normal,14,23,16428,995,1789342402.145260
normal_01,0,normal,14,24,16404,1001,1789342402.145260
normal_01,0,normal,14,25,16432,1000,1789342402.145260
normal_01,0,normal,14,26,16404,998,1789342402.145260
normal_01,0,normal,14,27,16512,1000,1789342402.145260
normal_01,0,normal,14,28,16492,995,1789342402.145260
normal_01,0,normal,14,29,16436,998,1789342402.145260
normal_01,0,normal,14,30,16484,1000,1789342402.145260
normal_01,0,normal,14,31,16412,998,1789342402.145260
normal_01,0,normal,14,32,16444,997,1789342402.145260
normal_01,0,normal,14,33,16420,1001,1789342402.145260
normal_01,0,normal,14,34,16440,997,1789342402.145260
normal_01,0,normal,14,35,16472,999,1789342402.145260
normal_01,0,normal,14,36,16460,999,1789342402.145260
normal_01,0,normal,14,37,16488,1001,1789342402.145260
normal_01,0,normal,14,38,16508,1000,1789342402.145260
normal_01,0,normal,14,39,16472,999,1789342402.145260
normal_01,0,normal,14,40,16452,997,1789342402.145260
normal_01,0,normal,14,41,16496,1000,1789342402.145260
normal_01,0,normal,14,42,16452,996,1789342402.145260
normal_01,0,normal,14,43,16456,998,1789342402.145260
normal_01,0,normal,14,44,16436,1001,1789342402.145260
normal_01,0,normal,14,45,16456,997,1789342402.145260
normal_01,0,normal,14,46,16456,1002,1789342402.145260
normal_01,0,normal,14,47,16432,996,1789342402.145260
normal_01,0,normal,14,48,16432,1001,1789342402.145260
normal_01,0,normal,14,49,16488,1001,1789342402.145260
normal_01,0,normal,14,50,16472,997,1789342402.145260
normal_01,0,normal,14,51,16456,999,1789342402.145260
normal_01,0,normal,14,52,16404,1000,1789342402.145260
normal_01,0,normal,14,53,16448,997,1789342402.145260
normal_01,0,normal,14,54,16404,998,1789342402.145260
normal_01,0,normal,14,55,16456,999,1789342402.145260
normal_01,0,normal,14,56,16488,997,1789342402.145260
normal_01,0,normal,14,57,16416,1003,1789342402.145260
normal_01,0,normal,14,58,16456,998,1789342402.145260
normal_01,0,normal,14,59,16352,998,1789342402.145260
normal_01,0,normal,14,60,16472,1000,1789342402.145260
normal_01,0,normal,14,61,16392,998,1789342402.145260
normal_01,0,normal,14,62,16424,996,1789342402.145260
normal_01,0,normal,14,63,16404,1003,1789342402.145260
normal_01,0,normal,15,0,16456,0,1789342402.529672
normal_01,0,normal,15,1,16412,1001,1789342402.529672
normal_01,0,normal,15,2,16424,999,1789342402.529672
normal_01,0,normal,15,3,16444,997,1789342402.529672
normal_01,0,normal,15,4,16496,999,1789342402.529672
normal_01,0,normal,15,5,16452,998,1789342402.529672
normal_01,0,normal,15,6,16440,1002,1789342402.529672
normal_01,0,normal,15,7,16456,995,1789342402.529672
normal_01,0,normal,15,8,16452,1002,1789342402.529672
normal_01,0,normal,15,9,16460,998,1789342402.529672
normal_01,0,normal,15,10,16440,999,1789342402.529672
normal_01,0,normal,15,11,16420,995,1789342402.529672
normal_01,0,normal,15,12,16412,1002,1789342402.529672
normal_01,0,normal,15,13,16448,1001,1789342402.529672
normal_01,0,normal,15,14,16448,999,1789342402.529672
normal_01,0,normal,15,15,16416,994,1789342402.529672
normal_01,0,normal,15,16,16460,1003,1789342402.529672
normal_01,0,normal,15,17,16472,996,1789342402.529672
normal_01,0,normal,15,18,16460,1002,1789342402.529672
normal_01,0,normal,15,19,16424,994,1789342402.529672
normal_01,0,normal,15,20,16440,1004,1789342402.529672
normal_01,0,normal,15,21,16428,997,1789342402.529672
normal_01,0,normal,15,22,16432,1000,1789342402.529672
normal_01,0,normal,15,23,16480,1000,1789342402.529672
normal_01,0,normal,15,24,16416,996,1789342402.529672
normal_01,0,normal,15,25,16416,1000,1789342402.529672
normal_01,0,normal,15,26,16424,997,1789342402.529672
normal_01,0,normal,15,27,16452,1002,1789342402.529672
normal_01,0,normal,15,28,16488,996,1789342402.529672
normal_01,0,normal,15,29,16464,999,1789342402.529672
normal_01,0,normal,15,30,16364,997,1789342402.529672
normal_01,0,normal,15,31,16512,999,1789342402.529672
normal_01,0,normal,15,32,16452,1001,1789342402.529672
normal_01,0,normal,15,33,16452,1000,1789342402.529672
normal_01,0,normal,15,34,16384,997,1789342402.529672
normal_01,0,normal,15,35,16440,998,1789342402.529672
normal_01,0,normal,15,36,16436,1000,1789342402.529672
normal_01,0,normal,15,37,16444,996,1789342402.529672
normal_01,0,normal,15,38,16448,1003,1789342402.529672
normal_01,0,normal,15,39,16492,996,1789342402.529672
normal_01,0,normal,15,40,16436,1000,1789342402.529672
normal_01,0,normal,15,41,16408,998,1789342402.529672
normal_01,0,normal,15,42,16448,1000,1789342402.529672
normal_01,0,normal,15,43,16480,1001,1789342402.529672
normal_01,0,normal,15,44,16464,995,1789342402.529672
normal_01,0,normal,15,45,16468,1001,1789342402.529672
normal_01,0,normal,15,46,16444,998,1789342402.529672
normal_01,0,normal,15,47,16424,1000,1789342402.529672
normal_01,0,normal,15,48,16400,995,1789342402.529672
normal_01,0,normal,15,49,16468,1000,1789342402.529672
normal_01,0,normal,15,50,16440,1002,1789342402.529672
normal_01,0,normal,15,51,16472,1000,1789342402.529672
normal_01,0,normal,15,52,16364,994,1789342402.529672
normal_01,0,normal,15,53,16436,1002,1789342402.529672
normal_01,0,normal,15,54,16404,997,1789342402.529672
normal_01,0,normal,15,55,16432,998,1789342402.529672
normal_01,0,normal,15,56,16460,1001,1789342402.529672
normal_01,0,normal,15,57,16420,997,1789342402.529672
normal_01,0,normal,15,58,16456,1001,1789342402.529672
normal_01,0,normal,15,59,16484,998,1789342402.529672
normal_01,0,normal,15,60,16452,1001,1789342402.529672
normal_01,0,normal,15,61,16412,999,1789342402.529672
normal_01,0,normal,15,62,16444,996,1789342402.529672
normal_01,0,normal,15,63,16468,999,1789342402.529672
normal_01,0,normal,16,0,16492,0,1789342402.913473
normal_01,0,normal,16,1,16468,997,1789342402.913473
normal_01,0,normal,16,2,16420,998,1789342402.913473
normal_01,0,normal,16,3,16364,1000,1789342402.913473
normal_01,0,normal,16,4,16464,1000,1789342402.913473
normal_01,0,normal,16,5,16492,997,1789342402.913473
normal_01,0,normal,16,6,16500,997,1789342402.913473
normal_01,0,normal,16,7,16464,1003,1789342402.913473
normal_01,0,normal,16,8,16400,996,1789342402.913473
normal_01,0,normal,16,9,16484,997,1789342402.913473
normal_01,0,normal,16,10,16412,1003,1789342402.913473
normal_01,0,normal,16,11,16436,994,1789342402.913473
normal_01,0,normal,16,12,16484,1003,1789342402.913473
normal_01,0,normal,16,13,16504,999,1789342402.913473
normal_01,0,normal,16,14,16412,998,1789342402.913473
normal_01,0,normal,16,15,16468,998,1789342402.913473
normal_01,0,normal,16,16,16408,995,1789342402.913473
normal_01,0,normal,16,17,16412,1000,1789342402.913473
normal_01,0,normal,16,18,16408,1000,1789342402.913473
normal_01,0,normal,16,19,16492,1000,1789342402.913473
normal_01,0,normal,16,20,16440,999,1789342402.913473
normal_01,0,normal,16,21,16404,1000,1789342402.913473
normal_01,0,normal,16,22,16416,997,1789342402.913473
normal_01,0,normal,16,23,16492,996,1789342402.913473
normal_01,0,normal,16,24,16464,999,1789342402.913473
normal_01,0,normal,16,25,16440,1002,1789342402.913473
normal_01,0,normal,16,26,16432,998,1789342402.913473
normal_01,0,normal,16,27,16548,999,1789342402.913473
normal_01,0,normal,16,28,16432,997,1789342402.913473
normal_01,0,normal,16,29,16492,999,1789342402.913473
normal_01,0,normal,16,30,16452,1000,1789342402.913473
normal_01,0,normal,16,31,16444,998,1789342402.913473
normal_01,0,normal,16,32,16392,997,1789342402.913473
normal_01,0,normal,16,33,16492,1003,1789342402.913473
normal_01,0,normal,16,34,16416,997,1789342402.913473
normal_01,0,normal,16,35,16384,999,1789342402.913473
normal_01,0,normal,16,36,16408,999,1789342402.913473
normal_01,0,normal,16,37,16392,1000,1789342402.913473
normal_01,0,normal,16,38,16452,999,1789342402.913473
normal_01,0,normal,16,39,16456,998,1789342402.913473
normal_01,0,normal,16,40,16408,998,1789342402.913473
normal_01,0,normal,16,41,16472,998,1789342402.913473
normal_01,0,normal,16,42,16436,1001,1789342402.913473
normal_01,0,normal,16,43,16452,1000,1789342402.913473
normal_01,0,normal,16,44,16496,996,1789342402.913473
normal_01,0,normal,16,45,16428,1000,1789342402.913473
normal_01,0,normal,16,46,16464,1000,1789342402.913473
normal_01,0,normal,16,47,16396,997,1789342402.913473
normal_01,0,normal,16,48,16356,1000,1789342402.913473
normal_01,0,normal,16,49,16488,1002,1789342402.913473
normal_01,0,normal,16,50,16440,995,1789342402.913473
normal_01,0,normal,16,51,16428,999,1789342402.913473
normal_01,0,normal,16,52,16484,1002,1789342402.913473
normal_01,0,normal,16,53,16464,994,1789342402.913473
normal_01,0,normal,16,54,16368,1000,1789342402.913473
normal_01,0,normal,16,55,16460,1002,1789342402.913473
normal_01,0,normal,16,56,16440,995,1789342402.913473
normal_01,0,normal,16,57,16432,999,1789342402.913473
normal_01,0,normal,16,58,16456,999,1789342402.913473
normal_01,0,normal,16,59,16448,1003,1789342402.913473
normal_01,0,normal,16,60,16416,999,1789342402.913473
normal_01,0,normal,16,61,16444,999,1789342402.913473
normal_01,0,normal,16,62,16468,997,1789342402.913473
normal_01,0,normal,16,63,16408,998,1789342402.913473
normal_01,0,normal,17,0,16444,0,1789342403.297688
normal_01,0,normal,17,1,16432,1000,1789342403.297688
normal_01,0,normal,17,2,16396,994,1789342403.297688
normal_01,0,normal,17,3,16436,1004,1789342403.297688
normal_01,0,normal,17,4,16456,995,1789342403.297688
normal_01,0,normal,17,5,16388,1000,1789342403.297688
normal_01,0,normal,17,6,16476,997,1789342403.297688
normal_01,0,normal,17,7,16392,999,1789342403.297688
normal_01,0,normal,17,8,16456,999,1789342403.297688
normal_01,0,normal,17,9,16452,999,1789342403.297688
normal_01,0,normal,17,10,16424,998,1789342403.297688
normal_01,0,normal,17,11,16488,1002,1789342403.297688
normal_01,0,normal,17,12,16488,996,1789342403.297688
normal_01,0,normal,17,13,16492,1002,1789342403.297688
normal_01,0,normal,17,14,16408,996,1789342403.297688
normal_01,0,normal,17,15,16448,1003,1789342403.297688
normal_01,0,normal,17,16,16516,998,1789342403.297688
normal_01,0,normal,17,17,16508,995,1789342403.297688
normal_01,0,normal,17,18,16500,1000,1789342403.297688
normal_01,0,normal,17,19,16416,997,1789342403.297688
normal_01,0,normal,17,20,16460,1000,1789342403.297688
normal_01,0,normal,17,21,16472,1003,1789342403.297688
normal_01,0,normal,17,22,16452,995,1789342403.297688
normal_01,0,normal,17,23,16360,1003,1789342403.297688
normal_01,0,normal,17,24,16468,998,1789342403.297688
normal_01,0,normal,17,25,16412,999,1789342403.297688
normal_01,0,normal,17,26,16508,997,1789342403.297688
normal_01,0,normal,17,27,16484,996,1789342403.297688
normal_01,0,normal,17,28,16460,998,1789342403.297688
normal_01,0,normal,17,29,16428,1003,1789342403.297688
normal_01,0,normal,17,30,16408,999,1789342403.297688
normal_01,0,normal,17,31,16436,998,1789342403.297688
normal_01,0,normal,17,32,16452,999,1789342403.297688
normal_01,0,normal,17,33,16444,998,1789342403.297688
normal_01,0,normal,17,34,16460,996,1789342403.297688
normal_01,0,normal,17,35,16428,1003,1789342403.297688
normal_01,0,normal,17,36,16404,998,1789342403.297688
normal_01,0,normal,17,37,16372,999,1789342403.297688
normal_01,0,normal,17,38,16448,996,1789342403.297688
normal_01,0,normal,17,39,16412,1001,1789342403.297688
normal_01,0,normal,17,40,16452,1000,1789342403.297688
normal_01,0,normal,17,41,16432,999,1789342403.297688
normal_01,0,normal,17,42,16464,997,1789342403.297688
normal_01,0,normal,17,43,16420,997,1789342403.297688
normal_01,0,normal,17,44,16404,1003,1789342403.297688
normal_01,0,normal,17,45,16404,997,1789342403.297688
normal_01,0,normal,17,46,16420,998,1789342403.297688
normal_01,0,normal,17,47,16432,999,1789342403.297688
normal_01,0,normal,17,48,16444,1000,1789342403.297688
normal_01,0,normal,17,49,16436,998,1789342403.297688
normal_01,0,normal,17,50,16424,998,1789342403.297688
normal_01,0,normal,17,51,16440,997,1789342403.297688
normal_01,0,normal,17,52,16512,997,1789342403.297688
normal_01,0,normal,17,53,16436,1001,1789342403.297688
normal_01,0,normal,17,54,16436,998,1789342403.297688
normal_01,0,normal,17,55,16420,1001,1789342403.297688
normal_01,0,normal,17,56,16424,996,1789342403.297688
normal_01,0,normal,17,57,16456,1001,1789342403.297688
normal_01,0,normal,17,58,16396,1000,1789342403.297688
normal_01,0,normal,17,59,16436,999,1789342403.297688
normal_01,0,normal,17,60,16456,999,1789342403.297688
normal_01,0,normal,17,61,16496,996,1789342403.297688
normal_01,0,normal,17,62,16460,1003,1789342403.297688
normal_01,0,normal,17,63,16428,996,1789342403.297688
normal_01,0,normal,18,0,16396,0,1789342403.681549
normal_01,0,normal,18,1,16464,1001,1789342403.681549
normal_01,0,normal,18,2,16364,995,1789342403.681549
normal_01,0,normal,18,3,16416,1002,1789342403.681549
normal_01,0,normal,18,4,16376,1000,1789342403.681549
normal_01,0,normal,18,5,16384,995,1789342403.681549
normal_01,0,normal,18,6,16408,1000,1789342403.681549
normal_01,0,normal,18,7,16452,1001,1789342403.681549
normal_01,0,normal,18,8,16420,995,1789342403.681549
normal_01,0,normal,18,9,16456,1001,1789342403.681549
normal_01,0,normal,18,10,16416,995,1789342403.681549
normal_01,0,normal,18,11,16444,1001,1789342403.681549
normal_01,0,normal,18,12,16388,1001,1789342403.681549
normal_01,0,normal,18,13,16480,997,1789342403.681549
normal_01,0,normal,18,14,16392,997,1789342403.681549
normal_01,0,normal,18,15,16476,1001,1789342403.681549
normal_01,0,normal,18,16,16428,998,1789342403.681549
normal_01,0,normal,18,17,16452,999,1789342403.681549
normal_01,0,normal,18,18,16456,1000,1789342403.681549
normal_01,0,normal,18,19,16408,999,1789342403.681549
normal_01,0,normal,18,20,16416,1001,1789342403.681549
normal_01,0,normal,18,21,16416,995,1789342403.681549
normal_01,0,normal,18,22,16448,999,1789342403.681549
normal_01,0,normal,18,23,16400,1000,1789342403.681549
normal_01,0,normal,18,24,16468,998,1789342403.681549
normal_01,0,normal,18,25,16464,1000,1789342403.681549
normal_01,0,normal,18,26,16456,999,1789342403.681549
normal_01,0,normal,18,27,16440,1000,1789342403.681549
normal_01,0,normal,18,28,16496,997,1789342403.681549
normal_01,0,normal,18,29,16384,998,1789342403.681549
normal_01,0,normal,18,30,16436,1001,1789342403.681549
normal_01,0,normal,18,31,16496,997,1789342403.681549
normal_01,0,normal,18,32,16408,1000,1789342403.681549
normal_01,0,normal,18,33,16468,999,1789342403.681549
normal_01,0,normal,18,34,16444,998,1789342403.681549
normal_01,0,normal,18,35,16412,995,1789342403.681549
normal_01,0,normal,18,36,16428,1002,1789342403.681549
normal_01,0,normal,18,37,16436,998,1789342403.681549
normal_01,0,normal,18,38,16448,998,1789342403.681549
normal_01,0,normal,18,39,16508,1001,1789342403.681549
normal_01,0,normal,18,40,16396,997,1789342403.681549
normal_01,0,normal,18,41,16480,996,1789342403.681549
normal_01,0,normal,18,42,16488,1002,1789342403.681549
normal_01,0,normal,18,43,16408,995,1789342403.681549
normal_01,0,normal,18,44,16392,1004,1789342403.681549
normal_01,0,normal,18,45,16484,998,1789342403.681549
normal_01,0,normal,18,46,16464,994,1789342403.681549
normal_01,0,normal,18,47,16412,1001,1789342403.681549
normal_01,0,normal,18,48,16404,997,1789342403.681549
normal_01,0,normal,18,49,16468,1000,1789342403.681549
normal_01,0,normal,18,50,16412,999,1789342403.681549
normal_01,0,normal,18,51,16416,996,1789342403.681549
normal_01,0,normal,18,52,16424,1004,1789342403.681549
normal_01,0,normal,18,53,16428,994,1789342403.681549
normal_01,0,normal,18,54,16464,1002,1789342403.681549
normal_01,0,normal,18,55,16456,1000,1789342403.681549
normal_01,0,normal,18,56,16428,994,1789342403.681549
normal_01,0,normal,18,57,16488,1000,1789342403.681549
normal_01,0,normal,18,58,16484,1000,1789342403.681549
normal_01,0,normal,18,59,16488,997,1789342403.681549
normal_01,0,normal,18,60,16416,1001,1789342403.681549
normal_01,0,normal,18,61,16452,997,1789342403.681549
normal_01,0,normal,18,62,16428,1000,1789342403.681549
normal_01,0,normal,18,63,16472,1002,1789342403.681549
normal_01,0,normal,19,0,16420,0,1789342404.065838
normal_01,0,normal,19,1,16432,1000,1789342404.065838
normal_01,0,normal,19,2,16436,999,1789342404.065838
normal_01,0,normal,19,3,16424,998,1789342404.065838
normal_01,0,normal,19,4,16428,999,1789342404.065838
normal_01,0,normal,19,5,16440,1001,1789342404.065838
normal_01,0,normal,19,6,16436,998,1789342404.065838
normal_01,0,normal,19,7,16428,1000,1789342404.065838
normal_01,0,normal,19,8,16384,996,1789342404.065838
normal_01,0,normal,19,9,16456,1001,1789342404.065838
normal_01,0,normal,19,10,16504,1000,1789342404.065838
normal_01,0,normal,19,11,16456,1000,1789342404.065838
normal_01,0,normal,19,12,16420,999,1789342404.065838
normal_01,0,normal,19,13,16512,994,1789342404.065838
normal_01,0,normal,19,14,16388,1000,1789342404.065838
normal_01,0,normal,19,15,16460,1001,1789342404.065838
normal_01,0,normal,19,16,16428,996,1789342404.065838
normal_01,0,normal,19,17,16424,998,1789342404.065838
normal_01,0,normal,19,18,16456,1002,1789342404.065838
normal_01,0,normal,19,19,16444,997,1789342404.065838
normal_01,0,normal,19,20,16400,998,1789342404.065838
normal_01,0,normal,19,21,16492,997,1789342404.065838
normal_01,0,normal,19,22,16408,1001,1789342404.065838
normal_01,0,normal,19,23,16440,1000,1789342404.065838
normal_01,0,normal,19,24,16436,997,1789342404.065838
normal_01,0,normal,19,25,16408,1000,1789342404.065838
normal_01,0,normal,19,26,16396,1000,1789342404.065838
normal_01,0,normal,19,27,16472,999,1789342404.065838
normal_01,0,normal,19,28,16500,997,1789342404.065838
normal_01,0,normal,19,29,16460,998,1789342404.065838
normal_01,0,normal,19,30,16468,1000,1789342404.065838
normal_01,0,normal,19,31,16436,999,1789342404.065838
normal_01,0,normal,19,32,16404,1001,1789342404.065838
normal_01,0,normal,19,33,16388,995,1789342404.065838
normal_01,0,normal,19,34,16408,1000,1789342404.065838
normal_01,0,normal,19,35,16424,1000,1789342404.065838
normal_01,0,normal,19,36,16440,998,1789342404.065838
normal_01,0,normal,19,37,16420,999,1789342404.065838
normal_01,0,normal,19,38,16500,999,1789342404.065838
normal_01,0,normal,19,39,16480,1002,1789342404.065838
normal_01,0,normal,19,40,16496,997,1789342404.065838
normal_01,0,normal,19,41,16416,998,1789342404.065838
normal_01,0,normal,19,42,16408,1002,1789342404.065838
normal_01,0,normal,19,43,16492,996,1789342404.065838
normal_01,0,normal,19,44,16420,999,1789342404.065838
normal_01,0,normal,19,45,16428,998,1789342404.065838
normal_01,0,normal,19,46,16400,998,1789342404.065838
normal_01,0,normal,19,47,16436,997,1789342404.065838
normal_01,0,normal,19,48,16428,1001,1789342404.065838
normal_01,0,normal,19,49,16504,996,1789342404.065838
normal_01,0,normal,19,50,16492,1001,1789342404.065838
normal_01,0,normal,19,51,16488,998,1789342404.065838
normal_01,0,normal,19,52,16448,999,1789342404.065838
normal_01,0,normal,19,53,16472,1000,1789342404.065838
normal_01,0,normal,19,54,16436,999,1789342404.065838
normal_01,0,normal,19,55,16424,1002,1789342404.065838
normal_01,0,normal,19,56,16460,998,1789342404.065838
normal_01,0,normal,19,57,16420,996,1789342404.065838
normal_01,0,normal,19,58,16424,1000,1789342404.065838
normal_01,0,normal,19,59,16420,998,1789342404.065838
normal_01,0,normal,19,60,16432,1002,1789342404.065838
normal_01,0,normal,19,61,16472,998,1789342404.065838
normal_01,0,normal,19,62,16432,1001,1789342404.065838
normal_01,0,normal,19,63,16508,997,1789342404.065838
normal_01,0,normal,20,0,16372,0,1789342404.449611
normal_01,0,normal,20,1,16344,1000,1789342404.449611
normal_01,0,normal,20,2,16444,994,1789342404.449611
normal_01,0,normal,20,3,16448,1003,1789342404.449611
normal_01,0,normal,20,4,16372,993,1789342404.449611
normal_01,0,normal,20,5,16472,1001,1789342404.449611
normal_01,0,normal,20,6,16464,998,1789342404.449611
normal_01,0,normal,20,7,16440,1000,1789342404.449611
normal_01,0,normal,20,8,16444,997,1789342404.449611
normal_01,0,normal,20,9,16480,999,1789342404.449611
normal_01,0,normal,20,10,16420,1000,1789342404.449611
normal_01,0,normal,20,11,16492,997,1789342404.449611
normal_01,0,normal,20,12,16424,1002,1789342404.449611
normal_01,0,normal,20,13,16452,1000,1789342404.449611
normal_01,0,normal,20,14,16480,997,1789342404.449611
normal_01,0,normal,20,15,16472,997,1789342404.449611
normal_01,0,normal,20,16,16492,998,1789342404.449611
normal_01,0,normal,20,17,16416,999,1789342404.449611
normal_01,0,normal,20,18,16452,1000,1789342404.449611
normal_01,0,normal,20,19,16436,1000,1789342404.449611
normal_01,0,normal,20,20,16452,999,1789342404.449611
normal_01,0,normal,20,21,16484,997,1789342404.449611
normal_01,0,normal,20,22,16448,1000,1789342404.449611
normal_01,0,normal,20,23,16448,999,1789342404.449611
normal_01,0,normal,20,24,16456,997,1789342404.449611
normal_01,0,normal,20,25,16424,999,1789342404.449611
normal_01,0,normal,20,26,16436,1004,1789342404.449611
normal_01,0,normal,20,27,16468,998,1789342404.449611
normal_01,0,normal,20,28,16508,999,1789342404.449611
normal_01,0,normal,20,29,16416,998,1789342404.449611
normal_01,0,normal,20,30,16456,996,1789342404.449611
normal_01,0,normal,20,31,16408,999,1789342404.449611
normal_01,0,normal,20,32,16436,1002,1789342404.449611
normal_01,0,normal,20,33,16484,995,1789342404.449611
normal_01,0,normal,20,34,16456,998,1789342404.449611
normal_01,0,normal,20,35,16424,1004,1789342404.449611
normal_01,0,normal,20,36,16500,997,1789342404.449611
normal_01,0,normal,20,37,16412,996,1789342404.449611
normal_01,0,normal,20,38,16460,1003,1789342404.449611
normal_01,0,normal,20,39,16448,999,1789342404.449611
normal_01,0,normal,20,40,16436,997,1789342404.449611
normal_01,0,normal,20,41,16456,996,1789342404.449611
normal_01,0,normal,20,42,16412,1002,1789342404.449611
normal_01,0,normal,20,43,16460,996,1789342404.449611
normal_01,0,normal,20,44,16444,1004,1789342404.449611
normal_01,0,normal,20,45,16416,994,1789342404.449611
normal_01,0,normal,20,46,16448,1002,1789342404.449611
normal_01,0,normal,20,47,16440,998,1789342404.449611
normal_01,0,normal,20,48,16444,999,1789342404.449611
normal_01,0,normal,20,49,16468,1000,1789342404.449611
normal_01,0,normal,20,50,16460,996,1789342404.449611
normal_01,0,normal,20,51,16404,1000,1789342404.449611
normal_01,0,normal,20,52,16472,997,1789342404.449611
normal_01,0,normal,20,53,16392,999,1789342404.449611
normal_01,0,normal,20,54,16464,1000,1789342404.449611
normal_01,0,normal,20,55,16496,1000,1789342404.449611
normal_01,0,normal,20,56,16448,997,1789342404.449611
normal_01,0,normal,20,57,16452,1003,1789342404.449611
normal_01,0,normal,20,58,16444,996,1789342404.449611
normal_01,0,normal,20,59,16476,999,1789342404.449611
normal_01,0,normal,20,60,16512,1000,1789342404.449611
normal_01,0,normal,20,61,16352,1001,1789342404.449611
normal_01,0,normal,20,62,16428,995,1789342404.449611
normal_01,0,normal,20,63,16484,999,1789342404.449611
normal_01,0,normal,21,0,16412,0,1789342404.833254
normal_01,0,normal,21,1,16472,1000,1789342404.833254
normal_01,0,normal,21,2,16456,998,1789342404.833254
normal_01,0,normal,21,3,16412,999,1789342404.833254
normal_01,0,normal,21,4,16500,1000,1789342404.833254
normal_01,0,normal,21,5,16460,1001,1789342404.833254
normal_01,0,normal,21,6,16428,995,1789342404.833254
normal_01,0,normal,21,7,16468,1001,1789342404.833254
normal_01,0,normal,21,8,16472,1001,1789342404.833254
normal_01,0,normal,21,9,16468,998,1789342404.833254
normal_01,0,normal,21,10,16488,995,1789342404.833254
normal_01,0,normal,21,11,16396,1001,1789342404.833254
normal_01,0,normal,21,12,16440,999,1789342404.833254
normal_01,0,normal,21,13,16456,996,1789342404.833254
normal_01,0,normal,21,14,16480,1000,1789342404.833254
normal_01,0,normal,21,15,16416,1000,1789342404.833254
normal_01,0,normal,21,16,16440,998,1789342404.833254
normal_01,0,normal,21,17,16532,999,1789342404.833254
normal_01,0,normal,21,18,16504,997,1789342404.833254
normal_01,0,normal,21,19,16484,1003,1789342404.833254
normal_01,0,normal,21,20,16436,999,1789342404.833254
normal_01,0,normal,21,21,16456,996,1789342404.833254
normal_01,0,normal,21,22,16444,999,1789342404.833254
normal_01,0,normal,21,23,16412,1000,1789342404.833254
normal_01,0,normal,21,24,16464,998,1789342404.833254
normal_01,0,normal,21,25,16404,1000,1789342404.833254
normal_01,0,normal,21,26,16428,996,1789342404.833254
normal_01,0,normal,21,27,16424,1002,1789342404.833254
normal_01,0,normal,21,28,16432,998,1789342404.833254
normal_01,0,normal,21,29,16424,994,1789342404.833254
normal_01,0,normal,21,30,16460,1000,1789342404.833254
normal_01,0,normal,21,31,16392,1000,1789342404.833254
normal_01,0,normal,21,32,16416,999,1789342404.833254
normal_01,0,normal,21,33,16452,999,1789342404.833254
normal_01,0,normal,21,34,16424,999,1789342404.833254
normal_01,0,normal,21,35,16468,1000,1789342404.833254
normal_01,0,normal,21,36,16420,998,1789342404.833254
normal_01,0,normal,21,37,16392,996,1789342404.833254
normal_01,0,normal,21,38,16400,1000,1789342404.833254
normal_01,0,normal,21,39,16420,998,1789342404.833254
normal_01,0,normal,21,40,16392,1000,1789342404.833254
normal_01,0,normal,21,41,16444,997,1789342404.833254
normal_01,0,normal,21,42,16448,1002,1789342404.833254
normal_01,0,normal,21,43,16460,998,1789342404.833254
normal_01,0,normal,21,44,16408,999,1789342404.833254
normal_01,0,normal,21,45,16456,997,1789342404.833254
normal_01,0,normal,21,46,16452,1002,1789342404.833254
normal_01,0,normal,21,47,16500,995,1789342404.833254
normal_01,0,normal,21,48,16500,1002,1789342404.833254
normal_01,0,normal,21,49,16392,996,1789342404.833254
normal_01,0,normal,21,50,16488,999,1789342404.833254
normal_01,0,normal,21,51,16396,998,1789342404.833254
normal_01,0,normal,21,52,16404,1003,1789342404.833254
normal_01,0,normal,21,53,16500,995,1789342404.833254
normal_01,0,normal,21,54,16408,1000,1789342404.833254
normal_01,0,normal,21,55,16476,1000,1789342404.833254
normal_01,0,normal,21,56,16460,1000,1789342404.833254
normal_01,0,normal,21,57,16456,997,1789342404.833254
normal_01,0,normal,21,58,16428,1000,1789342404.833254
normal_01,0,normal,21,59,16476,999,1789342404.833254
normal_01,0,normal,21,60,16492,999,1789342404.833254
normal_01,0,normal,21,61,16400,998,1789342404.833254
normal_01,0,normal,21,62,16432,998,1789342404.833254
normal_01,0,normal,21,63,16452,999,1789342404.833254
normal_01,0,normal,22,0,16424,0,1789342405.217217
normal_01,0,normal,22,1,16456,1001,1789342405.217217
normal_01,0,normal,22,2,16464,996,1789342405.217217
normal_01,0,normal,22,3,16420,1001,1789342405.217217
normal_01,0,normal,22,4,16424,996,1789342405.217217
normal_01,0,normal,22,5,16388,999,1789342405.217217
normal_01,0,normal,22,6,16456,1002,1789342405.217217
normal_01,0,normal,22,7,16448,999,1789342405.217217
normal_01,0,normal,22,8,16432,999,1789342405.217217
normal_01,0,normal,22,9,16408,995,1789342405.217217
normal_01,0,normal,22,10,16456,1001,1789342405.217217
normal_01,0,normal,22,11,16452,998,1789342405.217217
normal_01,0,normal,22,12,16476,999,1789342405.217217
normal_01,0,normal,22,13,16440,999,1789342405.217217
normal_01,0,normal,22,14,16512,998,1789342405.217217
normal_01,0,normal,22,15,16476,1000,1789342405.217217
normal_01,0,normal,22,16,16468,998,1789342405.217217
normal_01,0,normal,22,17,16428,1001,1789342405.217217
normal_01,0,normal,22,18,16400,997,1789342405.217217
normal_01,0,normal,22,19,16476,999,1789342405.217217
normal_01,0,normal,22,20,16448,998,1789342405.217217
normal_01,0,normal,22,21,16388,1004,1789342405.217217
normal_01,0,normal,22,22,16432,994,1789342405.217217
normal_01,0,normal,22,23,16472,1000,1789342405.217217
normal_01,0,normal,22,24,16388,1001,1789342405.217217
normal_01,0,normal,22,25,16444,999,1789342405.217217
normal_01,0,normal,22,26,16448,995,1789342405.217217
normal_01,0,normal,22,27,16432,997,1789342405.217217
normal_01,0,normal,22,28,16480,1003,1789342405.217217
normal_01,0,normal,22,29,16492,995,1789342405.217217
normal_01,0,normal,22,30,16472,1000,1789342405.217217
normal_01,0,normal,22,31,16524,1000,1789342405.217217
normal_01,0,normal,22,32,16448,998,1789342405.217217
normal_01,0,normal,22,33,16492,1001,1789342405.217217
normal_01,0,normal,22,34,16512,997,1789342405.217217
normal_01,0,normal,22,35,16508,996,1789342405.217217
normal_01,0,normal,22,36,16432,1000,1789342405.217217
normal_01,0,normal,22,37,16456,1002,1789342405.217217
normal_01,0,normal,22,38,16388,999,1789342405.217217
normal_01,0,normal,22,39,16448,997,1789342405.217217
normal_01,0,normal,22,40,16416,998,1789342405.217217
normal_01,0,normal,22,41,16428,998,1789342405.217217
normal_01,0,normal,22,42,16436,1001,1789342405.217217
normal_01,0,normal,22,43,16424,995,1789342405.217217
normal_01,0,normal,22,44,16428,1002,1789342405.217217
normal_01,0,normal,22,45,16444,999,1789342405.217217
normal_01,0,normal,22,46,16484,998,1789342405.217217
normal_01,0,normal,22,47,16400,1000,1789342405.217217
normal_01,0,normal,22,48,16532,996,1789342405.217217
normal_01,0,normal,22,49,16404,999,1789342405.217217
normal_01,0,normal,22,50,16492,1000,1789342405.217217
normal_01,0,normal,22,51,16428,1002,1789342405.217217
normal_01,0,normal,22,52,16444,996,1789342405.217217
normal_01,0,normal,22,53,16520,999,1789342405.217217
normal_01,0,normal,22,54,16480,999,1789342405.217217
normal_01,0,normal,22,55,16460,1001,1789342405.217217
normal_01,0,normal,22,56,16476,997,1789342405.217217
normal_01,0,normal,22,57,16468,998,1789342405.217217
normal_01,0,normal,22,58,16412,998,1789342405.217217
normal_01,0,normal,22,59,16452,1003,1789342405.217217
normal_01,0,normal,22,60,16484,998,1789342405.217217
normal_01,0,normal,22,61,16448,999,1789342405.217217
normal_01,0,normal,22,62,16488,999,1789342405.217217
normal_01,0,normal,22,63,16416,998,1789342405.217217
normal_01,0,normal,23,0,16456,0,1789342405.601278
normal_01,0,normal,23,1,16408,1002,1789342405.601278
normal_01,0,normal,23,2,16456,998,1789342405.601278
normal_01,0,normal,23,3,16344,995,1789342405.601278
normal_01,0,normal,23,4,16492,1000,1789342405.601278
normal_01,0,normal,23,5,16416,1001,1789342405.601278
normal_01,0,normal,23,6,16432,997,1789342405.601278
normal_01,0,normal,23,7,16444,1003,1789342405.601278
normal_01,0,normal,23,8,16464,993,1789342405.601278
normal_01,0,normal,23,9,16484,1003,1789342405.601278
normal_01,0,normal,23,10,16428,996,1789342405.601278
normal_01,0,normal,23,11,16436,998,1789342405.601278
normal_01,0,normal,23,12,16476,1001,1789342405.601278
normal_01,0,normal,23,13,16480,1001,1789342405.601278
normal_01,0,normal,23,14,16440,993,1789342405.601278
normal_01,0,normal,23,15,16432,1002,1789342405.601278
normal_01,0,normal,23,16,16456,1000,1789342405.601278
normal_01,0,normal,23,17,16400,994,1789342405.601278
normal_01,0,normal,23,18,16404,1000,1789342405.601278
normal_01,0,normal,23,19,16432,998,1789342405.601278
normal_01,0,normal,23,20,16496,1002,1789342405.601278
normal_01,0,normal,23,21,16456,997,1789342405.601278
normal_01,0,normal,23,22,16428,1000,1789342405.601278
normal_01,0,normal,23,23,16472,1000,1789342405.601278
normal_01,0,normal,23,24,16428,998,1789342405.601278
normal_01,0,normal,23,25,16444,999,1789342405.601278
normal_01,0,normal,23,26,16460,999,1789342405.601278
normal_01,0,normal,23,27,16488,998,1789342405.601278
normal_01,0,normal,23,28,16476,996,1789342405.601278
normal_01,0,normal,23,29,16432,1003,1789342405.601278
normal_01,0,normal,23,30,16456,994,1789342405.601278
normal_01,0,normal,23,31,16424,1003,1789342405.601278
normal_01,0,normal,23,32,16480,997,1789342405.601278
normal_01,0,normal,23,33,16448,999,1789342405.601278
normal_01,0,normal,23,34,16452,999,1789342405.601278
normal_01,0,normal,23,35,16484,998,1789342405.601278
normal_01,0,normal,23,36,16384,1000,1789342405.601278
normal_01,0,normal,23,37,16440,996,1789342405.601278
normal_01,0,normal,23,38,16436,1000,1789342405.601278
normal_01,0,normal,23,39,16456,1000,1789342405.601278
normal_01,0,normal,23,40,16384,996,1789342405.601278
normal_01,0,normal,23,41,16468,998,1789342405.601278
normal_01,0,normal,23,42,16400,1003,1789342405.601278
normal_01,0,normal,23,43,16424,995,1789342405.601278
normal_01,0,normal,23,44,16432,1002,1789342405.601278
normal_01,0,normal,23,45,16428,998,1789342405.601278
normal_01,0,normal,23,46,16440,1000,1789342405.601278
normal_01,0,normal,23,47,16468,997,1789342405.601278
normal_01,0,normal,23,48,16436,1002,1789342405.601278
normal_01,0,normal,23,49,16428,999,1789342405.601278
normal_01,0,normal,23,50,16448,996,1789342405.601278
normal_01,0,normal,23,51,16428,1002,1789342405.601278
normal_01,0,normal,23,52,16436,998,1789342405.601278
normal_01,0,normal,23,53,16368,995,1789342405.601278
normal_01,0,normal,23,54,16452,1000,1789342405.601278
normal_01,0,normal,23,55,16428,997,1789342405.601278
normal_01,0,normal,23,56,16460,1000,1789342405.601278
normal_01,0,normal,23,57,16448,999,1789342405.601278
normal_01,0,normal,23,58,16424,999,1789342405.601278
normal_01,0,normal,23,59,16440,998,1789342405.601278
normal_01,0,normal,23,60,16476,1002,1789342405.601278
normal_01,0,normal,23,61,16424,999,1789342405.601278
normal_01,0,normal,23,62,16420,998,1789342405.601278
normal_01,0,normal,23,63,16432,1000,1789342405.601278
normal_01,0,normal,24,0,16436,0,1789342405.985202
normal_01,0,normal,24,1,16420,1001,1789342405.985202
normal_01,0,normal,24,2,16452,998,1789342405.985202
normal_01,0,normal,24,3,16472,997,1789342405.985202
normal_01,0,normal,24,4,16520,999,1789342405.985202
normal_01,0,normal,24,5,16480,1000,1789342405.985202
normal_01,0,normal,24,6,16496,1001,1789342405.985202
normal_01,0,normal,24,7,16380,997,1789342405.985202
normal_01,0,normal,24,8,16440,1001,1789342405.985202
normal_01,0,normal,24,9,16476,996,1789342405.985202
normal_01,0,normal,24,10,16416,1001,1789342405.985202
normal_01,0,normal,24,11,16432,996,1789342405.985202
normal_01,0,normal,24,12,16428,998,1789342405.985202
normal_01,0,normal,24,13,16444,1001,1789342405.985202
normal_01,0,normal,24,14,16392,1000,1789342405.985202
normal_01,0,normal,24,15,16508,999,1789342405.985202
normal_01,0,normal,24,16,16412,995,1789342405.985202
normal_01,0,normal,24,17,16500,1000,1789342405.985202
normal_01,0,normal,24,18,16444,999,1789342405.985202
normal_01,0,normal,24,19,16532,1003,1789342405.985202
normal_01,0,normal,24,20,16424,993,1789342405.985202
normal_01,0,normal,24,21,16448,1002,1789342405.985202
normal_01,0,normal,24,22,16500,997,1789342405.985202
normal_01,0,normal,24,23,16524,1000,1789342405.985202
normal_01,0,normal,24,24,16440,999,1789342405.985202
normal_01,0,normal,24,25,16420,998,1789342405.985202
normal_01,0,normal,24,26,16448,1001,1789342405.985202
normal_01,0,normal,24,27,16444,995,1789342405.985202
normal_01,0,normal,24,28,16400,1002,1789342405.985202
normal_01,0,normal,24,29,16396,999,1789342405.985202
normal_01,0,normal,24,30,16416,997,1789342405.985202
normal_01,0,normal,24,31,16416,1001,1789342405.985202
normal_01,0,normal,24,32,16456,1001,1789342405.985202
normal_01,0,normal,24,33,16508,998,1789342405.985202
normal_01,0,normal,24,34,16408,996,1789342405.985202
normal_01,0,normal,24,35,16456,998,1789342405.985202
normal_01,0,normal,24,36,16456,1001,1789342405.985202
normal_01,0,normal,24,37,16480,998,1789342405.985202
normal_01,0,normal,24,38,16456,1001,1789342405.985202
normal_01,0,normal,24,39,16444,1000,1789342405.985202
normal_01,0,normal,24,40,16464,994,1789342405.985202
normal_01,0,normal,24,41,16440,1002,1789342405.985202
normal_01,0,normal,24,42,16396,995,1789342405.985202
normal_01,0,normal,24,43,16440,1004,1789342405.985202
normal_01,0,normal,24,44,16424,998,1789342405.985202
normal_01,0,normal,24,45,16456,997,1789342405.985202
normal_01,0,normal,24,46,16464,999,1789342405.985202
normal_01,0,normal,24,47,16396,998,1789342405.985202
normal_01,0,normal,24,48,16448,999,1789342405.985202
normal_01,0,normal,24,49,16404,1000,1789342405.985202
normal_01,0,normal,24,50,16412,996,1789342405.985202
normal_01,0,normal,24,51,16360,999,1789342405.985202
normal_01,0,normal,24,52,16396,1004,1789342405.985202
normal_01,0,normal,24,53,16424,997,1789342405.985202
normal_01,0,normal,24,54,16388,998,1789342405.985202
normal_01,0,normal,24,55,16492,1000,1789342405.985202
normal_01,0,normal,24,56,16520,999,1789342405.985202
normal_01,0,normal,24,57,16480,996,1789342405.985202
normal_01,0,normal,24,58,16472,1001,1789342405.985202
normal_01,0,normal,24,59,16460,996,1789342405.985202
normal_01,0,normal,24,60,16392,1002,1789342405.985202
normal_01,0,normal,24,61,16444,998,1789342405.985202
normal_01,0,normal,24,62,16428,1001,1789342405.985202
normal_01,0,normal,24,63,16436,997,1789342405.985202
normal_01,0,normal,25,0,16456,0,1789342406.369214
normal_01,0,normal,25,1,16420,995,1789342406.369214
normal_01,0,normal,25,2,16420,1001,1789342406.369214
normal_01,0,normal,25,3,16512,997,1789342406.369214
normal_01,0,normal,25,4,16448,1002,1789342406.369214
normal_01,0,normal,25,5,16488,1000,1789342406.369214
normal_01,0,normal,25,6,16436,999,1789342406.369214
normal_01,0,normal,25,7,16392,998,1789342406.369214
normal_01,0,normal,25,8,16472,997,1789342406.369214
normal_01,0,normal,25,9,16440,997,1789342406.369214
normal_01,0,normal,25,10,16516,1003,1789342406.369214
normal_01,0,normal,25,11,16436,995,1789342406.369214
normal_01,0,normal,25,12,16396,1002,1789342406.369214
normal_01,0,normal,25,13,16476,1000,1789342406.369214
normal_01,0,normal,25,14,16464,999,1789342406.369214
normal_01,0,normal,25,15,16496,999,1789342406.369214
normal_01,0,normal,25,16,16384,996,1789342406.369214
normal_01,0,normal,25,17,16492,998,1789342406.369214
normal_01,0,normal,25,18,16492,1002,1789342406.369214
normal_01,0,normal,25,19,16464,997,1789342406.369214
normal_01,0,normal,25,20,16440,999,1789342406.369214
normal_01,0,normal,25,21,16480,999,1789342406.369214
normal_01,0,normal,25,22,16460,999,1789342406.369214
normal_01,0,normal,25,23,16468,1002,1789342406.369214
normal_01,0,normal,25,24,16500,995,1789342406.369214
normal_01,0,normal,25,25,16528,1001,1789342406.369214
normal_01,0,normal,25,26,16468,1000,1789342406.369214
normal_01,0,normal,25,27,16452,997,1789342406.369214
normal_01,0,normal,25,28,16408,1001,1789342406.369214
normal_01,0,normal,25,29,16532,995,1789342406.369214
normal_01,0,normal,25,30,16376,1000,1789342406.369214
normal_01,0,normal,25,31,16416,1002,1789342406.369214
normal_01,0,normal,25,32,16472,998,1789342406.369214
normal_01,0,normal,25,33,16512,997,1789342406.369214
normal_01,0,normal,25,34,16424,997,1789342406.369214
normal_01,0,normal,25,35,16432,1003,1789342406.369214
normal_01,0,normal,25,36,16428,999,1789342406.369214
normal_01,0,normal,25,37,16412,999,1789342406.369214
normal_01,0,normal,25,38,16424,998,1789342406.369214
normal_01,0,normal,25,39,16444,996,1789342406.369214
normal_01,0,normal,25,40,16456,999,1789342406.369214
normal_01,0,normal,25,41,16472,1001,1789342406.369214
normal_01,0,normal,25,42,16408,999,1789342406.369214
normal_01,0,normal,25,43,16468,1000,1789342406.369214
normal_01,0,normal,25,44,16400,994,1789342406.369214
normal_01,0,normal,25,45,16436,1001,1789342406.369214
normal_01,0,normal,25,46,16420,998,1789342406.369214
normal_01,0,normal,25,47,16472,1000,1789342406.369214
normal_01,0,normal,25,48,16412,999,1789342406.369214
normal_01,0,normal,25,49,16404,998,1789342406.369214
normal_01,0,normal,25,50,16504,998,1789342406.369214
normal_01,0,normal,25,51,16372,1002,1789342406.369214
normal_01,0,normal,25,52,16436,996,1789342406.369214
normal_01,0,normal,25,53,16460,998,1789342406.369214
normal_01,0,normal,25,54,16460,1004,1789342406.369214
normal_01,0,normal,25,55,16440,995,1789342406.369214
normal_01,0,normal,25,56,16488,999,1789342406.369214
normal_01,0,normal,25,57,16436,1001,1789342406.369214
normal_01,0,normal,25,58,16456,997,1789342406.369214
normal_01,0,normal,25,59,16484,1001,1789342406.369214
normal_01,0,normal,25,60,16516,997,1789342406.369214
normal_01,0,normal,25,61,16408,999,1789342406.369214
normal_01,0,normal,25,62,16492,998,1789342406.369214
normal_01,0,normal,25,63,16468,1001,1789342406.369214
normal_01,0,normal,26,0,16420,0,1789342406.753488
normal_01,0,normal,26,1,16432,1002,1789342406.753488
normal_01,0,normal,26,2,16412,999,1789342406.753488
normal_01,0,normal,26,3,16464,996,1789342406.753488
normal_01,0,normal,26,4,16424,999,1789342406.753488
normal_01,0,normal,26,5,16400,1003,1789342406.753488
normal_01,0,normal,26,6,16388,994,1789342406.753488
normal_01,0,normal,26,7,16404,1001,1789342406.753488
normal_01,0,normal,26,8,16508,997,1789342406.753488
normal_01,0,normal,26,9,16492,999,1789342406.753488
normal_01,0,normal,26,10,16440,999,1789342406.753488
normal_01,0,normal,26,11,16444,1002,1789342406.753488
normal_01,0,normal,26,12,16444,999,1789342406.753488
normal_01,0,normal,26,13,16428,997,1789342406.753488
normal_01,0,normal,26,14,16472,999,1789342406.753488
normal_01,0,normal,26,15,16392,999,1789342406.753488
normal_01,0,normal,26,16,16504,998,1789342406.753488
normal_01,0,normal,26,17,16400,999,1789342406.753488
normal_01,0,normal,26,18,16424,999,1789342406.753488
normal_01,0,normal,26,19,16376,999,1789342406.753488
normal_01,0,normal,26,20,16456,1002,1789342406.753488
normal_01,0,normal,26,21,16420,995,1789342406.753488
normal_01,0,normal,26,22,16432,1000,1789342406.753488
normal_01,0,normal,26,23,16484,998,1789342406.753488
normal_01,0,normal,26,24,16508,997,1789342406.753488
normal_01,0,normal,26,25,16472,1000,1789342406.753488
normal_01,0,normal,26,26,16436,998,1789342406.753488
normal_01,0,normal,26,27,16432,1001,1789342406.753488
normal_01,0,normal,26,28,16428,998,1789342406.753488
normal_01,0,normal,26,29,16420,998,1789342406.753488
normal_01,0,normal,26,30,16464,1000,1789342406.753488
normal_01,0,normal,26,31,16444,997,1789342406.753488
normal_01,0,normal,26,32,16492,998,1789342406.753488
normal_01,0,normal,26,33,16428,999,1789342406.753488
normal_01,0,normal,26,34,16484,1000,1789342406.753488
normal_01,0,normal,26,35,16436,1002,1789342406.753488
normal_01,0,normal,26,36,16428,1000,1789342406.753488
normal_01,0,normal,26,37,16460,994,1789342406.753488
normal_01,0,normal,26,38,16448,999,1789342406.753488
normal_01,0,normal,26,39,16480,1001,1789342406.753488
normal_01,0,normal,26,40,16448,1000,1789342406.753488
normal_01,0,normal,26,41,16400,995,1789342406.753488
normal_01,0,normal,26,42,16448,1000,1789342406.753488
normal_01,0,normal,26,43,16480,998,1789342406.753488
normal_01,0,normal,26,44,16400,998,1789342406.753488
normal_01,0,normal,26,45,16488,1000,1789342406.753488
normal_01,0,normal,26,46,16484,998,1789342406.753488
normal_01,0,normal,26,47,16448,998,1789342406.753488
normal_01,0,normal,26,48,16444,1002,1789342406.753488
normal_01,0,normal,26,49,16428,999,1789342406.753488
normal_01,0,normal,26,50,16428,996,1789342406.753488
normal_01,0,normal,26,51,16472,998,1789342406.753488
normal_01,0,normal,26,52,16472,1000,1789342406.753488
normal_01,0,normal,26,53,16464,999,1789342406.753488
normal_01,0,normal,26,54,16396,998,1789342406.753488
normal_01,0,normal,26,55,16412,1003,1789342406.753488
normal_01,0,normal,26,56,16476,999,1789342406.753488
normal_01,0,normal,26,57,16428,994,1789342406.753488
normal_01,0,normal,26,58,16452,1004,1789342406.753488
normal_01,0,normal,26,59,16516,998,1789342406.753488
normal_01,0,normal,26,60,16500,998,1789342406.753488
normal_01,0,normal,26,61,16412,996,1789342406.753488
normal_01,0,normal,26,62,16416,999,1789342406.753488
normal_01,0,normal,26,63,16420,1002,1789342406.753488
normal_01,0,normal,27,0,16416,0,1789342407.137379
normal_01,0,normal,27,1,16444,995,1789342407.137379
normal_01,0,normal,27,2,16420,1000,1789342407.137379
normal_01,0,normal,27,3,16472,997,1789342407.137379
normal_01,0,normal,27,4,16408,1002,1789342407.137379
normal_01,0,normal,27,5,16432,995,1789342407.137379
normal_01,0,normal,27,6,16480,1003,1789342407.137379
normal_01,0,normal,27,7,16384,998,1789342407.137379
normal_01,0,normal,27,8,16468,1000,1789342407.137379
normal_01,0,normal,27,9,16476,996,1789342407.137379
normal_01,0,normal,27,10,16504,1000,1789342407.137379
normal_01,0,normal,27,11,16432,999,1789342407.137379
normal_01,0,normal,27,12,16440,1001,1789342407.137379
normal_01,0,normal,27,13,16432,998,1789342407.137379
normal_01,0,normal,27,14,16472,1000,1789342407.137379
normal_01,0,normal,27,15,16424,998,1789342407.137379
normal_01,0,normal,27,16,16352,997,1789342407.137379
normal_01,0,normal,27,17,16460,1001,1789342407.137379
normal_01,0,normal,27,18,16424,998,1789342407.137379
normal_01,0,normal,27,19,16400,1000,1789342407.137379
normal_01,0,normal,27,20,16468,999,1789342407.137379
normal_01,0,normal,27,21,16456,997,1789342407.137379
normal_01,0,normal,27,22,16444,1001,1789342407.137379
normal_01,0,normal,27,23,16464,997,1789342407.137379
normal_01,0,normal,27,24,16360,1000,1789342407.137379
normal_01,0,normal,27,25,16452,995,1789342407.137379
normal_01,0,normal,27,26,16440,1001,1789342407.137379
normal_01,0,normal,27,27,16416,1001,1789342407.137379
normal_01,0,normal,27,28,16396,994,1789342407.137379
normal_01,0,normal,27,29,16388,1003,1789342407.137379
normal_01,0,normal,27,30,16432,995,1789342407.137379
normal_01,0,normal,27,31,16424,1001,1789342407.137379
normal_01,0,normal,27,32,16456,1001,1789342407.137379
normal_01,0,normal,27,33,16420,996,1789342407.137379
normal_01,0,normal,27,34,16428,996,1789342407.137379
normal_01,0,normal,27,35,16484,1000,1789342407.137379
normal_01,0,normal,27,36,16368,999,1789342407.137379
normal_01,0,normal,27,37,16436,1000,1789342407.137379
normal_01,0,normal,27,38,16432,1000,1789342407.137379
normal_01,0,normal,27,39,16428,996,1789342407.137379
normal_01,0,normal,27,40,16424,1001,1789342407.137379
normal_01,0,normal,27,41,16548,995,1789342407.137379
normal_01,0,normal,27,42,16460,1000,1789342407.137379
normal_01,0,normal,27,43,16432,998,1789342407.137379
normal_01,0,normal,27,44,16460,1000,1789342407.137379
normal_01,0,normal,27,45,16484,1000,1789342407.137379
normal_01,0,normal,27,46,16452,1000,1789342407.137379
normal_01,0,normal,27,47,16564,998,1789342407.137379
normal_01,0,normal,27,48,16436,999,1789342407.137379
normal_01,0,normal,27,49,16468,1000,1789342407.137379
normal_01,0,normal,27,50,16492,998,1789342407.137379
normal_01,0,normal,27,51,16484,996,1789342407.137379
normal_01,0,normal,27,52,16516,1002,1789342407.137379
normal_01,0,normal,27,53,16456,998,1789342407.137379
normal_01,0,normal,27,54,16416,1001,1789342407.137379
normal_01,0,normal,27,55,16400,1000,1789342407.137379
normal_01,0,normal,27,56,16420,994,1789342407.137379
normal_01,0,normal,27,57,16488,1000,1789342407.137379
normal_01,0,normal,27,58,16392,999,1789342407.137379
normal_01,0,normal,27,59,16424,999,1789342407.137379
normal_01,0,normal,27,60,16448,999,1789342407.137379
normal_01,0,normal,27,61,16412,999,1789342407.137379
normal_01,0,normal,27,62,16460,998,1789342407.137379
normal_01,0,normal,27,63,16464,997,1789342407.137379
normal_01,0,normal,28,0,16452,0,1789342407.521170
normal_01,0,normal,28,1,16392,998,1789342407.521170
normal_01,0,normal,28,2,16472,1000,1789342407.521170
normal_01,0,normal,28,3,16484,999,1789342407.521170
normal_01,0,normal,28,4,16472,998,1789342407.521170
normal_01,0,normal,28,5,16420,998,1789342407.521170
normal_01,0,normal,28,6,16456,1001,1789342407.521170
normal_01,0,normal,28,7,16444,998,1789342407.521170
normal_01,0,normal,28,8,16472,998,1789342407.521170
normal_01,0,normal,28,9,16412,1000,1789342407.521170
normal_01,0,normal,28,10,16464,997,1789342407.521170
normal_01,0,normal,28,11,16448,1001,1789342407.521170
normal_01,0,normal,28,12,16476,1000,1789342407.521170
normal_01,0,normal,28,13,16428,995,1789342407.521170
normal_01,0,normal,28,14,16472,1004,1789342407.521170
normal_01,0,normal,28,15,16444,994,1789342407.521170
normal_01,0,normal,28,16,16452,1002,1789342407.521170
normal_01,0,normal,28,17,16420,996,1789342407.521170
normal_01,0,normal,28,18,16412,999,1789342407.521170
normal_01,0,normal,28,19,16480,1001,1789342407.521170
normal_01,0,normal,28,20,16472,997,1789342407.521170
normal_01,0,normal,28,21,16468,1002,1789342407.521170
normal_01,0,normal,28,22,16452,998,1789342407.521170
normal_01,0,normal,28,23,16456,1001,1789342407.521170
normal_01,0,normal,28,24,16448,996,1789342407.521170
normal_01,0,normal,28,25,16492,1000,1789342407.521170
normal_01,0,normal,28,26,16408,996,1789342407.521170
normal_01,0,normal,28,27,16480,1002,1789342407.521170
normal_01,0,normal,28,28,16500,998,1789342407.521170
normal_01,0,normal,28,29,16452,1000,1789342407.521170
normal_01,0,normal,28,30,16424,995,1789342407.521170
normal_01,0,normal,28,31,16388,1003,1789342407.521170
normal_01,0,normal,28,32,16408,1000,1789342407.521170
normal_01,0,normal,28,33,16500,998,1789342407.521170
normal_01,0,normal,28,34,16408,1001,1789342407.521170
normal_01,0,normal,28,35,16436,995,1789342407.521170
normal_01,0,normal,28,36,16436,1000,1789342407.521170
normal_01,0,normal,28,37,16464,996,1789342407.521170
normal_01,0,normal,28,38,16404,1000,1789342407.521170
normal_01,0,normal,28,39,16416,999,1789342407.521170
normal_01,0,normal,28,40,16460,997,1789342407.521170
normal_01,0,normal,28,41,16428,1002,1789342407.521170
normal_01,0,normal,28,42,16464,998,1789342407.521170
normal_01,0,normal,28,43,16496,998,1789342407.521170
normal_01,0,normal,28,44,16456,997,1789342407.521170
normal_01,0,normal,28,45,16384,1003,1789342407.521170
normal_01,0,normal,28,46,16476,994,1789342407.521170
normal_01,0,normal,28,47,16512,1001,1789342407.521170
normal_01,0,normal,28,48,16496,998,1789342407.521170
normal_01,0,normal,28,49,16432,998,1789342407.521170
normal_01,0,normal,28,50,16444,1000,1789342407.521170
normal_01,0,normal,28,51,16488,1001,1789342407.521170
normal_01,0,normal,28,52,16468,998,1789342407.521170
normal_01,0,normal,28,53,16400,1000,1789342407.521170
normal_01,0,normal,28,54,16500,995,1789342407.521170
normal_01,0,normal,28,55,16512,998,1789342407.521170
normal_01,0,normal,28,56,16440,1002,1789342407.521170
normal_01,0,normal,28,57,16464,996,1789342407.521170
normal_01,0,normal,28,58,16460,1001,1789342407.521170
normal_01,0,normal,28,59,16444,997,1789342407.521170
normal_01,0,normal,28,60,16412,1000,1789342407.521170
normal_01,0,normal,28,61,16396,1001,1789342407.521170
normal_01,0,normal,28,62,16508,999,1789342407.521170
normal_01,0,normal,28,63,16492,999,1789342407.521170
normal_01,0,normal,29,0,16444,0,1789342407.905350
normal_01,0,normal,29,1,16408,994,1789342407.905350
normal_01,0,normal,29,2,16412,1000,1789342407.905350
normal_01,0,normal,29,3,16412,1001,1789342407.905350
normal_01,0,normal,29,4,16552,1000,1789342407.905350
normal_01,0,normal,29,5,16428,996,1789342407.905350
normal_01,0,normal,29,6,16516,1001,1789342407.905350
normal_01,0,normal,29,7,16456,998,1789342407.905350
normal_01,0,normal,29,8,16404,999,1789342407.905350
normal_01,0,normal,29,9,16452,994,1789342407.905350
normal_01,0,normal,29,10,16428,1004,1789342407.905350
normal_01,0,normal,29,11,16404,995,1789342407.905350
normal_01,0,normal,29,12,16400,998,1789342407.905350
normal_01,0,normal,29,13,16428,999,1789342407.905350
normal_01,0,normal,29,14,16516,1000,1789342407.905350
normal_01,0,normal,29,15,16440,1000,1789342407.905350
normal_01,0,normal,29,16,16448,997,1789342407.905350
normal_01,0,normal,29,17,16472,1000,1789342407.905350
normal_01,0,normal,29,18,16440,1001,1789342407.905350
normal_01,0,normal,29,19,16412,995,1789342407.905350
normal_01,0,normal,29,20,16472,1000,1789342407.905350
normal_01,0,normal,29,21,16456,1003,1789342407.905350
normal_01,0,normal,29,22,16448,997,1789342407.905350
normal_01,0,normal,29,23,16404,998,1789342407.905350
normal_01,0,normal,29,24,16432,999,1789342407.905350
normal_01,0,normal,29,25,16444,996,1789342407.905350
normal_01,0,normal,29,26,16448,1000,1789342407.905350
normal_01,0,normal,29,27,16408,998,1789342407.905350
normal_01,0,normal,29,28,16444,1001,1789342407.905350
normal_01,0,normal,29,29,16372,1001,1789342407.905350
normal_01,0,normal,29,30,16476,994,1789342407.905350
normal_01,0,normal,29,31,16440,1004,1789342407.905350
normal_01,0,normal,29,32,16440,994,1789342407.905350
normal_01,0,normal,29,33,16432,1000,1789342407.905350
normal_01,0,normal,29,34,16464,1002,1789342407.905350
normal_01,0,normal,29,35,16408,999,1789342407.905350
normal_01,0,normal,29,36,16376,996,1789342407.905350
normal_01,0,normal,29,37,16456,1000,1789342407.905350
normal_01,0,normal,29,38,16472,996,1789342407.905350
normal_01,0,normal,29,39,16460,998,1789342407.905350
normal_01,0,normal,29,40,16496,1000,1789342407.905350
normal_01,0,normal,29,41,16480,1000,1789342407.905350
normal_01,0,normal,29,42,16340,1000,1789342407.905350
normal_01,0,normal,29,43,16544,996,1789342407.905350
normal_01,0,normal,29,44,16432,999,1789342407.905350
normal_01,0,normal,29,45,16472,998,1789342407.905350
normal_01,0,normal,29,46,16452,1001,1789342407.905350
normal_01,0,normal,29,47,16432,999,1789342407.905350
normal_01,0,normal,29,48,16464,1000,1789342407.905350
normal_01,0,normal,29,49,16448,996,1789342407.905350
normal_01,0,normal,29,50,16468,1001,1789342407.905350
normal_01,0,normal,29,51,16468,999,1789342407.905350
normal_01,0,normal,29,52,16472,999,1789342407.905350
normal_01,0,normal,29,53,16484,997,1789342407.905350
normal_01,0,normal,29,54,16444,999,1789342407.905350
normal_01,0,normal,29,55,16472,998,1789342407.905350
normal_01,0,normal,29,56,16424,1001,1789342407.905350
normal_01,0,normal,29,57,16432,999,1789342407.905350
normal_01,0,normal,29,58,16384,997,1789342407.905350
normal_01,0,normal,29,59,16488,999,1789342407.905350
normal_01,0,normal,29,60,16436,998,1789342407.905350
normal_01,0,normal,29,61,16488,1002,1789342407.905350
normal_01,0,normal,29,62,16412,997,1789342407.905350
normal_01,0,normal,29,63,16428,999,1789342407.905350
normal_01,0,normal,30,0,16444,0,1789342408.289485
normal_01,0,normal,30,1,16436,999,1789342408.289485
normal_01,0,normal,30,2,16472,1000,1789342408.289485
normal_01,0,normal,30,3,16468,998,1789342408.289485
normal_01,0,normal,30,4,16444,1000,1789342408.289485
normal_01,0,normal,30,5,16408,995,1789342408.289485
normal_01,0,normal,30,6,16460,1002,1789342408.289485
normal_01,0,normal,30,7,16436,1000,1789342408.289485
normal_01,0,normal,30,8,16396,995,1789342408.289485
normal_01,0,normal,30,9,16452,1000,1789342408.289485
normal_01,0,normal,30,10,16416,1000,1789342408.289485
normal_01,0,normal,30,11,16460,1000,1789342408.289485
normal_01,0,normal,30,12,16408,997,1789342408.289485
normal_01,0,normal,30,13,16428,1000,1789342408.289485
normal_01,0,normal,30,14,16364,999,1789342408.289485
normal_01,0,normal,30,15,16436,997,1789342408.289485
normal_01,0,normal,30,16,16456,998,1789342408.289485
normal_01,0,normal,30,17,16436,1000,1789342408.289485
normal_01,0,normal,30,18,16432,1000,1789342408.289485
normal_01,0,normal,30,19,16464,994,1789342408.289485
normal_01,0,normal,30,20,16440,1003,1789342408.289485
normal_01,0,normal,30,21,16468,996,1789342408.289485
normal_01,0,normal,30,22,16384,1000,1789342408.289485
normal_01,0,normal,30,23,16416,1002,1789342408.289485
normal_01,0,normal,30,24,16476,994,1789342408.289485
normal_01,0,normal,30,25,16416,1000,1789342408.289485
normal_01,0,normal,30,26,16468,1000,1789342408.289485
normal_01,0,normal,30,27,16456,998,1789342408.289485
normal_01,0,normal,30,28,16456,1000,1789342408.289485
normal_01,0,normal,30,29,16380,998,1789342408.289485
normal_01,0,normal,30,30,16428,1000,1789342408.289485
normal_01,0,normal,30,31,16420,994,1789342408.289485
normal_01,0,normal,30,32,16440,1001,1789342408.289485
normal_01,0,normal,30,33,16408,1001,1789342408.289485
normal_01,0,normal,30,34,16468,997,1789342408.289485
normal_01,0,normal,30,35,16448,999,1789342408.289485
normal_01,0,normal,30,36,16448,1001,1789342408.289485
normal_01,0,normal,30,37,16424,995,1789342408.289485
normal_01,0,normal,30,38,16416,998,1789342408.289485
normal_01,0,normal,30,39,16444,1004,1789342408.289485
normal_01,0,normal,30,40,16436,995,1789342408.289485
normal_01,0,normal,30,41,16400,999,1789342408.289485
normal_01,0,normal,30,42,16412,1001,1789342408.289485
normal_01,0,normal,30,43,16436,996,1789342408.289485
normal_01,0,normal,30,44,16464,1001,1789342408.289485
normal_01,0,normal,30,45,16472,1000,1789342408.289485
normal_01,0,normal,30,46,16436,1000,1789342408.289485
normal_01,0,normal,30,47,16496,994,1789342408.289485
normal_01,0,normal,30,48,16424,1003,1789342408.289485
normal_01,0,normal,30,49,16452,999,1789342408.289485
normal_01,0,normal,30,50,16472,998,1789342408.289485
normal_01,0,normal,30,51,16480,997,1789342408.289485
normal_01,0,normal,30,52,16468,1002,1789342408.289485
normal_01,0,normal,30,53,16444,997,1789342408.289485
normal_01,0,normal,30,54,16452,997,1789342408.289485
normal_01,0,normal,30,55,16440,1002,1789342408.289485
normal_01,0,normal,30,56,16412,995,1789342408.289485
normal_01,0,normal,30,57,16376,999,1789342408.289485
normal_01,0,normal,30,58,16500,1000,1789342408.289485
normal_01,0,normal,30,59,16468,1001,1789342408.289485
normal_01,0,normal,30,60,16508,1000,1789342408.289485
normal_01,0,normal,30,61,16500,998,1789342408.289485
normal_01,0,normal,30,62,16496,999,1789342408.289485
normal_01,0,normal,30,63,16488,999,1789342408.289485
normal_01,0,normal,31,0,16468,0,1789342408.673132
normal_01,0,normal,31,1,16500,996,1789342408.673132
normal_01,0,normal,31,2,16448,997,1789342408.673132
normal_01,0,normal,31,3,16500,1001,1789342408.673132
normal_01,0,normal,31,4,16420,997,1789342408.673132
normal_01,0,normal,31,5,16492,997,1789342408.673132
normal_01,0,normal,31,6,16472,1000,1789342408.673132
normal_01,0,normal,31,7,16480,1000,1789342408.673132
normal_01,0,normal,31,8,16468,999,1789342408.673132
normal_01,0,normal,31,9,16468,997,1789342408.673132
normal_01,0,normal,31,10,16408,1001,1789342408.673132
normal_01,0,normal,31,11,16452,997,1789342408.673132
normal_01,0,normal,31,12,16488,999,1789342408.673132
normal_01,0,normal,31,13,16448,996,1789342408.673132
normal_01,0,normal,31,14,16420,1001,1789342408.673132
normal_01,0,normal,31,15,16496,998,1789342408.673132
normal_01,0,normal,31,16,16464,1000,1789342408.673132
normal_01,0,normal,31,17,16444,998,1789342408.673132
normal_01,0,normal,31,18,16404,1001,1789342408.673132
normal_01,0,normal,31,19,16392,997,1789342408.673132
normal_01,0,normal,31,20,16444,1002,1789342408.673132
normal_01,0,normal,31,21,16440,994,1789342408.673132
normal_01,0,normal,31,22,16444,998,1789342408.673132
normal_01,0,normal,31,23,16372,1002,1789342408.673132
normal_01,0,normal,31,24,16464,1001,1789342408.673132
normal_01,0,normal,31,25,16448,994,1789342408.673132
normal_01,0,normal,31,26,16436,1001,1789342408.673132
normal_01,0,normal,31,27,16420,999,1789342408.673132
normal_01,0,normal,31,28,16460,998,1789342408.673132
normal_01,0,normal,31,29,16460,999,1789342408.673132
normal_01,0,normal,31,30,16408,999,1789342408.673132
normal_01,0,normal,31,31,16436,998,1789342408.673132
normal_01,0,normal,31,32,16504,1001,1789342408.673132
normal_01,0,normal,31,33,16404,997,1789342408.673132
normal_01,0,normal,31,34,16432,1000,1789342408.673132
normal_01,0,normal,31,35,16484,996,1789342408.673132
normal_01,0,normal,31,36,16464,1002,1789342408.673132
normal_01,0,normal,31,37,16460,999,1789342408.673132
normal_01,0,normal,31,38,16420,999,1789342408.673132
normal_01,0,normal,31,39,16404,995,1789342408.673132
normal_01,0,normal,31,40,16404,1001,1789342408.673132
normal_01,0,normal,31,41,16432,998,1789342408.673132
normal_01,0,normal,31,42,16528,998,1789342408.673132
normal_01,0,normal,31,43,16412,1000,1789342408.673132
normal_01,0,normal,31,44,16464,996,1789342408.673132
normal_01,0,normal,31,45,16468,1002,1789342408.673132
normal_01,0,normal,31,46,16456,997,1789342408.673132
normal_01,0,normal,31,47,16428,1000,1789342408.673132
normal_01,0,normal,31,48,16396,1001,1789342408.673132
normal_01,0,normal,31,49,16440,996,1789342408.673132
normal_01,0,normal,31,50,16420,1002,1789342408.673132
normal_01,0,normal,31,51,16488,1000,1789342408.673132
normal_01,0,normal,31,52,16432,994,1789342408.673132
normal_01,0,normal,31,53,16448,999,1789342408.673132
normal_01,0,normal,31,54,16444,999,1789342408.673132
normal_01,0,normal,31,55,16384,1000,1789342408.673132
normal_01,0,normal,31,56,16428,997,1789342408.673132
normal_01,0,normal,31,57,16480,1001,1789342408.673132
normal_01,0,normal,31,58,16448,998,1789342408.673132
normal_01,0,normal,31,59,16416,997,1789342408.673132
normal_01,0,normal,31,60,16492,1000,1789342408.673132
normal_01,0,normal,31,61,16400,1002,1789342408.673132
normal_01,0,normal,31,62,16500,999,1789342408.673132
normal_01,0,normal,31,63,16444,997,1789342408.673132
normal_01,0,normal,32,0,16380,0,1789342409.057401
normal_01,0,normal,32,1,16408,1000,1789342409.057401
normal_01,0,normal,32,2,16392,1001,1789342409.057401
normal_01,0,normal,32,3,16452,998,1789342409.057401
normal_01,0,normal,32,4,16428,1000,1789342409.057401
normal_01,0,normal,32,5,16424,1000,1789342409.057401
normal_01,0,normal,32,6,16456,996,1789342409.057401
normal_01,0,normal,32,7,16476,998,1789342409.057401
normal_01,0,normal,32,8,16440,1001,1789342409.057401
normal_01,0,normal,32,9,16444,1000,1789342409.057401
normal_01,0,normal,32,10,16424,995,1789342409.057401
normal_01,0,normal,32,11,16440,1003,1789342409.057401
normal_01,0,normal,32,12,16436,997,1789342409.057401
normal_01,0,normal,32,13,16456,1000,1789342409.057401
normal_01,0,normal,32,14,16444,999,1789342409.057401
normal_01,0,normal,32,15,16440,998,1789342409.057401
normal_01,0,normal,32,16,16380,997,1789342409.057401
normal_01,0,normal,32,17,16436,1003,1789342409.057401
normal_01,0,normal,32,18,16464,997,1789342409.057401
normal_01,0,normal,32,19,16452,999,1789342409.057401
normal_01,0,normal,32,20,16488,996,1789342409.057401
normal_01,0,normal,32,21,16512,1004,1789342409.057401
normal_01,0,normal,32,22,16424,996,1789342409.057401
normal_01,0,normal,32,23,16424,998,1789342409.057401
normal_01,0,normal,32,24,16480,1001,1789342409.057401
normal_01,0,normal,32,25,16408,999,1789342409.057401
normal_01,0,normal,32,26,16440,996,1789342409.057401
normal_01,0,normal,32,27,16428,1002,1789342409.057401
normal_01,0,normal,32,28,16412,998,1789342409.057401
normal_01,0,normal,32,29,16408,996,1789342409.057401
normal_01,0,normal,32,30,16456,1003,1789342409.057401
normal_01,0,normal,32,31,16416,994,1789342409.057401
normal_01,0,normal,32,32,16472,1001,1789342409.057401
normal_01,0,normal,32,33,16432,1000,1789342409.057401
normal_01,0,normal,32,34,16372,1001,1789342409.057401
normal_01,0,normal,32,35,16484,997,1789342409.057401
normal_01,0,normal,32,36,16460,998,1789342409.057401
normal_01,0,normal,32,37,16456,999,1789342409.057401
normal_01,0,normal,32,38,16472,997,1789342409.057401
normal_01,0,normal,32,39,16460,1003,1789342409.057401
normal_01,0,normal,32,40,16412,994,1789342409.057401
normal_01,0,normal,32,41,16408,1000,1789342409.057401
normal_01,0,normal,32,42,16500,997,1789342409.057401
normal_01,0,normal,32,43,16412,1001,1789342409.057401
normal_01,0,normal,32,44,16408,1000,1789342409.057401
normal_01,0,normal,32,45,16456,999,1789342409.057401
normal_01,0,normal,32,46,16496,999,1789342409.057401
normal_01,0,normal,32,47,16496,995,1789342409.057401
normal_01,0,normal,32,48,16404,999,1789342409.057401
normal_01,0,normal,32,49,16448,1001,1789342409.057401
normal_01,0,normal,32,50,16448,997,1789342409.057401
normal_01,0,normal,32,51,16464,1001,1789342409.057401
normal_01,0,normal,32,52,16436,999,1789342409.057401
normal_01,0,normal,32,53,16416,997,1789342409.057401
normal_01,0,normal,32,54,16472,1003,1789342409.057401
normal_01,0,normal,32,55,16344,997,1789342409.057401
normal_01,0,normal,32,56,16392,997,1789342409.057401
normal_01,0,normal,32,57,16448,1000,1789342409.057401
normal_01,0,normal,32,58,16408,1001,1789342409.057401
normal_01,0,normal,32,59,16476,997,1789342409.057401
normal_01,0,normal,32,60,16420,998,1789342409.057401
normal_01,0,normal,32,61,16492,996,1789342409.057401
normal_01,0,normal,32,62,16476,999,1789342409.057401
normal_01,0,normal,32,63,16452,1002,1789342409.057401
normal_01,0,normal,33,0,16436,0,1789342409.441537
normal_01,0,normal,33,1,16400,996,1789342409.441537
normal_01,0,normal,33,2,16480,1000,1789342409.441537
normal_01,0,normal,33,3,16408,1000,1789342409.441537
normal_01,0,normal,33,4,16436,999,1789342409.441537
normal_01,0,normal,33,5,16436,998,1789342409.441537
normal_01,0,normal,33,6,16448,999,1789342409.441537
normal_01,0,normal,33,7,16372,997,1789342409.441537
normal_01,0,normal,33,8,16404,1001,1789342409.441537
normal_01,0,normal,33,9,16444,995,1789342409.441537
normal_01,0,normal,33,10,16460,1002,1789342409.441537
normal_01,0,normal,33,11,16432,999,1789342409.441537
normal_01,0,normal,33,12,16440,997,1789342409.441537
normal_01,0,normal,33,13,16476,998,1789342409.441537
normal_01,0,normal,33,14,16432,1003,1789342409.441537
normal_01,0,normal,33,15,16368,998,1789342409.441537
normal_01,0,normal,33,16,16392,999,1789342409.441537
normal_01,0,normal,33,17,16440,998,1789342409.441537
normal_01,0,normal,33,18,16432,999,1789342409.441537
normal_01,0,normal,33,19,16500,997,1789342409.441537
normal_01,0,normal,33,20,16436,1002,1789342409.441537
normal_01,0,normal,33,21,16416,995,1789342409.441537
normal_01,0,normal,33,22,16452,999,1789342409.441537
normal_01,0,normal,33,23,16416,1003,1789342409.441537
normal_01,0,normal,33,24,16476,994,1789342409.441537
normal_01,0,normal,33,25,16448,999,1789342409.441537
normal_01,0,normal,33,26,16408,1003,1789342409.441537
normal_01,0,normal,33,27,16400,1000,1789342409.441537
normal_01,0,normal,33,28,16460,996,1789342409.441537
normal_01,0,normal,33,29,16424,1000,1789342409.441537
normal_01,0,normal,33,30,16480,998,1789342409.441537
normal_01,0,normal,33,31,16452,996,1789342409.441537
normal_01,0,normal,33,32,16472,1001,1789342409.441537
normal_01,0,normal,33,33,16472,999,1789342409.441537
normal_01,0,normal,33,34,16436,998,1789342409.441537
normal_01,0,normal,33,35,16456,1001,1789342409.441537
normal_01,0,normal,33,36,16420,999,1789342409.441537
normal_01,0,normal,33,37,16512,996,1789342409.441537
normal_01,0,normal,33,38,16464,1000,1789342409.441537
normal_01,0,normal,33,39,16460,1001,1789342409.441537
normal_01,0,normal,33,40,16452,993,1789342409.441537
normal_01,0,normal,33,41,16420,1002,1789342409.441537
normal_01,0,normal,33,42,16384,999,1789342409.441537
normal_01,0,normal,33,43,16396,1000,1789342409.441537
normal_01,0,normal,33,44,16484,998,1789342409.441537
normal_01,0,normal,33,45,16440,998,1789342409.441537
normal_01,0,normal,33,46,16448,999,1789342409.441537
normal_01,0,normal,33,47,16456,1002,1789342409.441537
normal_01,0,normal,33,48,16484,995,1789342409.441537
normal_01,0,normal,33,49,16424,998,1789342409.441537
normal_01,0,normal,33,50,16508,1000,1789342409.441537
normal_01,0,normal,33,51,16460,1003,1789342409.441537
normal_01,0,normal,33,52,16456,999,1789342409.441537
normal_01,0,normal,33,53,16384,998,1789342409.441537
normal_01,0,normal,33,54,16404,998,1789342409.441537
normal_01,0,normal,33,55,16464,998,1789342409.441537
normal_01,0,normal,33,56,16436,997,1789342409.441537
normal_01,0,normal,33,57,16420,997,1789342409.441537
normal_01,0,normal,33,58,16472,1003,1789342409.441537
normal_01,0,normal,33,59,16444,998,1789342409.441537
normal_01,0,normal,33,60,16448,1000,1789342409.441537
normal_01,0,normal,33,61,16420,997,1789342409.441537
normal_01,0,normal,33,62,16468,1001,1789342409.441537
normal_01,0,normal,33,63,16480,995,1789342409.441537
normal_01,0,normal,34,0,16412,0,1789342409.825299
normal_01,0,normal,34,1,16488,998,1789342409.825299
normal_01,0,normal,34,2,16476,997,1789342409.825299
normal_01,0,normal,34,3,16380,999,1789342409.825299
normal_01,0,normal,34,4,16480,1001,1789342409.825299
normal_01,0,normal,34,5,16464,995,1789342409.825299
normal_01,0,normal,34,6,16508,1003,1789342409.825299
normal_01,0,normal,34,7,16448,995,1789342409.825299
normal_01,0,normal,34,8,16460,1002,1789342409.825299
normal_01,0,normal,34,9,16472,996,1789342409.825299
normal_01,0,normal,34,10,16512,998,1789342409.825299
normal_01,0,normal,34,11,16408,1003,1789342409.825299
normal_01,0,normal,34,12,16404,996,1789342409.825299
normal_01,0,normal,34,13,16428,1001,1789342409.825299
normal_01,0,normal,34,14,16456,1000,1789342409.825299
normal_01,0,normal,34,15,16428,998,1789342409.825299
normal_01,0,normal,34,16,16440,1000,1789342409.825299
normal_01,0,normal,34,17,16404,996,1789342409.825299
normal_01,0,normal,34,18,16468,997,1789342409.825299
normal_01,0,normal,34,19,16436,998,1789342409.825299
normal_01,0,normal,34,20,16500,998,1789342409.825299
normal_01,0,normal,34,21,16408,1001,1789342409.825299
normal_01,0,normal,34,22,16448,999,1789342409.825299
normal_01,0,normal,34,23,16444,998,1789342409.825299
normal_01,0,normal,34,24,16404,1001,1789342409.825299
normal_01,0,normal,34,25,16472,999,1789342409.825299
normal_01,0,normal,34,26,16448,997,1789342409.825299
normal_01,0,normal,34,27,16448,997,1789342409.825299
normal_01,0,normal,34,28,16480,1000,1789342409.825299
normal_01,0,normal,34,29,16508,1002,1789342409.825299
normal_01,0,normal,34,30,16444,995,1789342409.825299
normal_01,0,normal,34,31,16424,1000,1789342409.825299
normal_01,0,normal,34,32,16396,1001,1789342409.825299
normal_01,0,normal,34,33,16456,997,1789342409.825299
normal_01,0,normal,34,34,16436,996,1789342409.825299
normal_01,0,normal,34,35,16532,1001,1789342409.825299
normal_01,0,normal,34,36,16428,997,1789342409.825299
normal_01,0,normal,34,37,16424,1000,1789342409.825299
normal_01,0,normal,34,38,16424,1000,1789342409.825299
normal_01,0,normal,34,39,16468,998,1789342409.825299
normal_01,0,normal,34,40,16480,997,1789342409.825299
normal_01,0,normal,34,41,16456,1003,1789342409.825299
normal_01,0,normal,34,42,16408,998,1789342409.825299
normal_01,0,normal,34,43,16484,996,1789342409.825299
normal_01,0,normal,34,44,16492,999,1789342409.825299
normal_01,0,normal,34,45,16388,1000,1789342409.825299
normal_01,0,normal,34,46,16440,998,1789342409.825299
normal_01,0,normal,34,47,16456,997,1789342409.825299
normal_01,0,normal,34,48,16476,1002,1789342409.825299
normal_01,0,normal,34,49,16396,997,1789342409.825299
normal_01,0,normal,34,50,16492,999,1789342409.825299
normal_01,0,normal,34,51,16504,1001,1789342409.825299
normal_01,0,normal,34,52,16488,997,1789342409.825299
normal_01,0,normal,34,53,16472,1000,1789342409.825299
normal_01,0,normal,34,54,16452,1000,1789342409.825299
normal_01,0,normal,34,55,16460,998,1789342409.825299
normal_01,0,normal,34,56,16392,999,1789342409.825299
normal_01,0,normal,34,57,16364,999,1789342409.825299
normal_01,0,normal,34,58,16448,1001,1789342409.825299
normal_01,0,normal,34,59,16440,997,1789342409.825299
normal_01,0,normal,34,60,16468,999,1789342409.825299
normal_01,0,normal,34,61,16420,998,1789342409.825299
normal_01,0,normal,34,62,16448,1002,1789342409.825299
normal_01,0,normal,34,63,16436,999,1789342409.825299
normal_01,0,normal,35,0,16500,0,1789342410.209359
normal_01,0,normal,35,1,16452,998,1789342410.209359
normal_01,0,normal,35,2,16436,1002,1789342410.209359
normal_01,0,normal,35,3,16432,1001,1789342410.209359
normal_01,0,normal,35,4,16408,994,1789342410.209359
normal_01,0,normal,35,5,16464,1000,1789342410.209359
normal_01,0,normal,35,6,16488,997,1789342410.209359
normal_01,0,normal,35,7,16392,1001,1789342410.209359
normal_01,0,normal,35,8,16508,1000,1789342410.209359
normal_01,0,normal,35,9,16372,999,1789342410.209359
normal_01,0,normal,35,10,16444,996,1789342410.209359
normal_01,0,normal,35,11,16512,998,1789342410.209359
normal_01,0,normal,35,12,16484,1004,1789342410.209359
normal_01,0,normal,35,13,16424,995,1789342410.209359
normal_01,0,normal,35,14,16432,1000,1789342410.209359
normal_01,0,normal,35,15,16400,997,1789342410.209359
normal_01,0,normal,35,16,16508,1000,1789342410.209359
normal_01,0,normal,35,17,16452,1002,1789342410.209359
normal_01,0,normal,35,18,16400,999,1789342410.209359
normal_01,0,normal,35,19,16420,997,1789342410.209359
normal_01,0,normal,35,20,16384,1000,1789342410.209359
normal_01,0,normal,35,21,16424,997,1789342410.209359
normal_01,0,normal,35,22,16432,1001,1789342410.209359
normal_01,0,normal,35,23,16424,1000,1789342410.209359
normal_01,0,normal,35,24,16424,994,1789342410.209359
normal_01,0,normal,35,25,16440,1002,1789342410.209359
normal_01,0,normal,35,26,16456,998,1789342410.209359
normal_01,0,normal,35,27,16464,999,1789342410.209359
normal_01,0,normal,35,28,16464,998,1789342410.209359
normal_01,0,normal,35,29,16432,999,1789342410.209359
normal_01,0,normal,35,30,16448,1003,1789342410.209359
normal_01,0,normal,35,31,16392,996,1789342410.209359
normal_01,0,normal,35,32,16388,1000,1789342410.209359
normal_01,0,normal,35,33,16472,996,1789342410.209359
normal_01,0,normal,35,34,16396,999,1789342410.209359
normal_01,0,normal,35,35,16432,999,1789342410.209359
normal_01,0,normal,35,36,16416,1000,1789342410.209359
normal_01,0,normal,35,37,16540,998,1789342410.209359
normal_01,0,normal,35,38,16416,1001,1789342410.209359
normal_01,0,normal,35,39,16480,999,1789342410.209359
normal_01,0,normal,35,40,16452,998,1789342410.209359
normal_01,0,normal,35,41,16472,998,1789342410.209359
normal_01,0,normal,35,42,16432,997,1789342410.209359
normal_01,0,normal,35,43,16484,1004,1789342410.209359
normal_01,0,normal,35,44,16440,994,1789342410.209359
normal_01,0,normal,35,45,16448,1000,1789342410.209359
normal_01,0,normal,35,46,16484,1002,1789342410.209359
normal_01,0,normal,35,47,16500,998,1789342410.209359
normal_01,0,normal,35,48,16432,998,1789342410.209359
normal_01,0,normal,35,49,16472,999,1789342410.209359
normal_01,0,normal,35,50,16428,997,1789342410.209359
normal_01,0,normal,35,51,16500,1001,1789342410.209359
normal_01,0,normal,35,52,16392,996,1789342410.209359
normal_01,0,normal,35,53,16440,1002,1789342410.209359
normal_01,0,normal,35,54,16444,996,1789342410.209359
normal_01,0,normal,35,55,16440,1000,1789342410.209359
normal_01,0,normal,35,56,16440,1001,1789342410.209359
normal_01,0,normal,35,57,16456,996,1789342410.209359
normal_01,0,normal,35,58,16448,1000,1789342410.209359
normal_01,0,normal,35,59,16508,1001,1789342410.209359
normal_01,0,normal,35,60,16460,998,1789342410.209359
normal_01,0,normal,35,61,16468,998,1789342410.209359
normal_01,0,normal,35,62,16432,998,1789342410.209359
normal_01,0,normal,35,63,16432,1002,1789342410.209359
normal_01,0,normal,36,0,16468,0,1789342410.593475
normal_01,0,normal,36,1,16456,998,1789342410.593475
normal_01,0,normal,36,2,16444,998,1789342410.593475
normal_01,0,normal,36,3,16444,1002,1789342410.593475
normal_01,0,normal,36,4,16488,997,1789342410.593475
normal_01,0,normal,36,5,16452,1002,1789342410.593475
normal_01,0,normal,36,6,16420,998,1789342410.593475
normal_01,0,normal,36,7,16412,999,1789342410.593475
normal_01,0,normal,36,8,16448,997,1789342410.593475
normal_01,0,normal,36,9,16440,999,1789342410.593475
normal_01,0,normal,36,10,16388,998,1789342410.593475
normal_01,0,normal,36,11,16404,998,1789342410.593475
normal_01,0,normal,36,12,16484,1000,1789342410.593475
normal_01,0,normal,36,13,16448,997,1789342410.593475
normal_01,0,normal,36,14,16412,1002,1789342410.593475
normal_01,0,normal,36,15,16444,996,1789342410.593475
normal_01,0,normal,36,16,16440,1000,1789342410.593475
normal_01,0,normal,36,17,16464,998,1789342410.593475
normal_01,0,normal,36,18,16400,999,1789342410.593475
normal_01,0,normal,36,19,16392,997,1789342410.593475
normal_01,0,normal,36,20,16444,1000,1789342410.593475
normal_01,0,normal,36,21,16424,998,1789342410.593475
normal_01,0,normal,36,22,16436,1002,1789342410.593475
normal_01,0,normal,36,23,16472,1000,1789342410.593475
normal_01,0,normal,36,24,16448,997,1789342410.593475
normal_01,0,normal,36,25,16412,1001,1789342410.593475
normal_01,0,normal,36,26,16484,997,1789342410.593475
normal_01,0,normal,36,27,16432,997,1789342410.593475
normal_01,0,normal,36,28,16372,1001,1789342410.593475
normal_01,0,normal,36,29,16436,996,1789342410.593475
normal_01,0,normal,36,30,16464,1001,1789342410.593475
normal_01,0,normal,36,31,16448,998,1789342410.593475
normal_01,0,normal,36,32,16440,1000,1789342410.593475
normal_01,0,normal,36,33,16440,999,1789342410.593475
normal_01,0,normal,36,34,16492,995,1789342410.593475
normal_01,0,normal,36,35,16476,1001,1789342410.593475
normal_01,0,normal,36,36,16484,995,1789342410.593475
normal_01,0,normal,36,37,16420,1000,1789342410.593475
normal_01,0,normal,36,38,16404,1002,1789342410.593475
normal_01,0,normal,36,39,16436,994,1789342410.593475
normal_01,0,normal,36,40,16532,1000,1789342410.593475
normal_01,0,normal,36,41,16412,1000,1789342410.593475
normal_01,0,normal,36,42,16412,998,1789342410.593475
normal_01,0,normal,36,43,16460,1001,1789342410.593475
normal_01,0,normal,36,44,16456,997,1789342410.593475
normal_01,0,normal,36,45,16396,1000,1789342410.593475
normal_01,0,normal,36,46,16460,998,1789342410.593475
normal_01,0,normal,36,47,16456,1000,1789342410.593475
normal_01,0,normal,36,48,16416,998,1789342410.593475
normal_01,0,normal,36,49,16408,1001,1789342410.593475
normal_01,0,normal,36,50,16456,997,1789342410.593475
normal_01,0,normal,36,51,16452,1001,1789342410.593475
normal_01,0,normal,36,52,16412,998,1789342410.593475
normal_01,0,normal,36,53,16396,995,1789342410.593475
normal_01,0,normal,36,54,16464,1001,1789342410.593475
normal_01,0,normal,36,55,16472,1001,1789342410.593475
normal_01,0,normal,36,56,16504,995,1789342410.593475
normal_01,0,normal,36,57,16384,1002,1789342410.593475
normal_01,0,normal,36,58,16508,995,1789342410.593475
normal_01,0,normal,36,59,16468,1001,1789342410.593475
normal_01,0,normal,36,60,16432,998,1789342410.593475
normal_01,0,normal,36,61,16416,1001,1789342410.593475
normal_01,0,normal,36,62,16456,996,1789342410.593475
normal_01,0,normal,36,63,16416,1000,1789342410.593475
normal_01,0,normal,37,0,16452,0,1789342410.977423
normal_01,0,normal,37,1,16408,999,1789342410.977423
normal_01,0,normal,37,2,16380,1000,1789342410.977423
normal_01,0,normal,37,3,16452,997,1789342410.977423
normal_01,0,normal,37,4,16464,999,1789342410.977423
normal_01,0,normal,37,5,16460,1001,1789342410.977423
normal_01,0,normal,37,6,16384,998,1789342410.977423
normal_01,0,normal,37,7,16400,996,1789342410.977423
normal_01,0,normal,37,8,16468,1000,1789342410.977423
normal_01,0,normal,37,9,16476,1002,1789342410.977423
normal_01,0,normal,37,10,16472,999,1789342410.977423
normal_01,0,normal,37,11,16444,993,1789342410.977423
normal_01,0,normal,37,12,16456,1004,1789342410.977423
normal_01,0,normal,37,13,16432,999,1789342410.977423
normal_01,0,normal,37,14,16420,997,1789342410.977423
normal_01,0,normal,37,15,16488,999,1789342410.977423
normal_01,0,normal,37,16,16456,998,1789342410.977423
normal_01,0,normal,37,17,16392,1000,1789342410.977423
normal_01,0,normal,37,18,16460,999,1789342410.977423
normal_01,0,normal,37,19,16468,996,1789342410.977423
normal_01,0,normal,37,20,16472,999,1789342410.977423
normal_01,0,normal,37,21,16404,999,1789342410.977423
normal_01,0,normal,37,22,16440,998,1789342410.977423
normal_01,0,normal,37,23,16392,1003,1789342410.977423
normal_01,0,normal,37,24,16448,995,1789342410.977423
normal_01,0,normal,37,25,16356,999,1789342410.977423
normal_01,0,normal,37,26,16400,998,1789342410.977423
normal_01,0,normal,37,27,16440,999,1789342410.977423
normal_01,0,normal,37,28,16484,1003,1789342410.977423
normal_01,0,normal,37,29,16496,996,1789342410.977423
normal_01,0,normal,37,30,16468,1000,1789342410.977423
normal_01,0,normal,37,31,16380,995,1789342410.977423
normal_01,0,normal,37,32,16460,1000,1789342410.977423
normal_01,0,normal,37,33,16448,1002,1789342410.977423
normal_01,0,normal,37,34,16428,995,1789342410.977423
normal_01,0,normal,37,35,16452,1002,1789342410.977423
normal_01,0,normal,37,36,16432,998,1789342410.977423
normal_01,0,normal,37,37,16440,996,1789342410.977423
normal_01,0,normal,37,38,16452,1000,1789342410.977423
normal_01,0,normal,37,39,16496,1001,1789342410.977423
normal_01,0,normal,37,40,16432,997,1789342410.977423
normal_01,0,normal,37,41,16448,1000,1789342410.977423
normal_01,0,normal,37,42,16472,998,1789342410.977423
normal_01,0,normal,37,43,16432,1000,1789342410.977423
normal_01,0,normal,37,44,16504,1000,1789342410.977423
normal_01,0,normal,37,45,16392,995,1789342410.977423
normal_01,0,normal,37,46,16440,1000,1789342410.977423
normal_01,0,normal,37,47,16368,1000,1789342410.977423
normal_01,0,normal,37,48,16416,997,1789342410.977423
normal_01,0,normal,37,49,16448,1001,1789342410.977423
normal_01,0,normal,37,50,16392,999,1789342410.977423
normal_01,0,normal,37,51,16460,997,1789342410.977423
normal_01,0,normal,37,52,16408,1000,1789342410.977423
normal_01,0,normal,37,53,16408,996,1789342410.977423
normal_01,0,normal,37,54,16460,1000,1789342410.977423
normal_01,0,normal,37,55,16452,1000,1789342410.977423
normal_01,0,normal,37,56,16448,998,1789342410.977423
normal_01,0,normal,37,57,16416,1000,1789342410.977423
normal_01,0,normal,37,58,16424,996,1789342410.977423
normal_01,0,normal,37,59,16452,1000,1789342410.977423
normal_01,0,normal,37,60,16476,1000,1789342410.977423
normal_01,0,normal,37,61,16464,996,1789342410.977423
normal_01,0,normal,37,62,16464,1000,1789342410.977423
normal_01,0,normal,37,63,16472,1003,1789342410.977423
normal_01,0,normal,38,0,16424,0,1789342411.361051
normal_01,0,normal,38,1,16400,998,1789342411.361051
normal_01,0,normal,38,2,16448,1003,1789342411.361051
normal_01,0,normal,38,3,16388,997,1789342411.361051
normal_01,0,normal,38,4,16416,999,1789342411.361051
normal_01,0,normal,38,5,16460,998,1789342411.361051
normal_01,0,normal,38,6,16400,998,1789342411.361051
normal_01,0,normal,38,7,16432,1001,1789342411.361051
normal_01,0,normal,38,8,16404,997,1789342411.361051
normal_01,0,normal,38,9,16436,1002,1789342411.361051
normal_01,0,normal,38,10,16488,997,1789342411.361051
normal_01,0,normal,38,11,16400,997,1789342411.361051
normal_01,0,normal,38,12,16476,1000,1789342411.361051
normal_01,0,normal,38,13,16464,1001,1789342411.361051
normal_01,0,normal,38,14,16432,998,1789342411.361051
normal_01,0,normal,38,15,16440,999,1789342411.361051
normal_01,0,normal,38,16,16468,996,1789342411.361051
normal_01,0,normal,38,17,16468,999,1789342411.361051
normal_01,0,normal,38,18,16472,1000,1789342411.361051
normal_01,0,normal,38,19,16480,998,1789342411.361051
normal_01,0,normal,38,20,16500,1003,1789342411.361051
normal_01,0,normal,38,21,16440,995,1789342411.361051
normal_01,0,normal,38,22,16384,998,1789342411.361051
normal_01,0,normal,38,23,16396,1003,1789342411.361051
normal_01,0,normal,38,24,16436,994,1789342411.361051
normal_01,0,normal,38,25,16412,1001,1789342411.361051
normal_01,0,normal,38,26,16476,998,1789342411.361051
normal_01,0,normal,38,27,16456,1001,1789342411.361051
normal_01,0,normal,38,28,16516,995,1789342411.361051
normal_01,0,normal,38,29,16452,999,1789342411.361051
normal_01,0,normal,38,30,16424,1002,1789342411.361051
normal_01,0,normal,38,31,16404,999,1789342411.361051
normal_01,0,normal,38,32,16436,1000,1789342411.361051
normal_01,0,normal,38,33,16460,995,1789342411.361051
normal_01,0,normal,38,34,16444,1000,1789342411.361051
normal_01,0,normal,38,35,16384,1000,1789342411.361051
normal_01,0,normal,38,36,16452,997,1789342411.361051
normal_01,0,normal,38,37,16440,998,1789342411.361051
normal_01,0,normal,38,38,16456,998,1789342411.361051
normal_01,0,normal,38,39,16448,1001,1789342411.361051
normal_01,0,normal,38,40,16440,998,1789342411.361051
normal_01,0,normal,38,41,16472,998,1789342411.361051
normal_01,0,normal,38,42,16400,999,1789342411.361051
normal_01,0,normal,38,43,16440,1003,1789342411.361051
normal_01,0,normal,38,44,16456,998,1789342411.361051
normal_01,0,normal,38,45,16420,1000,1789342411.361051
normal_01,0,normal,38,46,16452,997,1789342411.361051
normal_01,0,normal,38,47,16408,1000,1789342411.361051
normal_01,0,normal,38,48,16480,998,1789342411.361051
normal_01,0,normal,38,49,16496,998,1789342411.361051
normal_01,0,normal,38,50,16444,998,1789342411.361051
normal_01,0,normal,38,51,16472,1002,1789342411.361051
normal_01,0,normal,38,52,16404,993,1789342411.361051
normal_01,0,normal,38,53,16424,999,1789342411.361051
normal_01,0,normal,38,54,16420,999,1789342411.361051
normal_01,0,normal,38,55,16516,1002,1789342411.361051
normal_01,0,normal,38,56,16452,999,1789342411.361051
normal_01,0,normal,38,57,16504,995,1789342411.361051
normal_01,0,normal,38,58,16436,1000,1789342411.361051
normal_01,0,normal,38,59,16436,999,1789342411.361051
normal_01,0,normal,38,60,16444,1003,1789342411.361051
normal_01,0,normal,38,61,16468,998,1789342411.361051
normal_01,0,normal,38,62,16428,996,1789342411.361051
normal_01,0,normal,38,63,16516,998,1789342411.361051
normal_01,0,normal,39,0,16472,0,1789342411.745373
normal_01,0,normal,39,1,16444,998,1789342411.745373
normal_01,0,normal,39,2,16448,1003,1789342411.745373
normal_01,0,normal,39,3,16500,994,1789342411.745373
normal_01,0,normal,39,4,16428,1001,1789342411.745373
normal_01,0,normal,39,5,16488,1001,1789342411.745373
normal_01,0,normal,39,6,16432,998,1789342411.745373
normal_01,0,normal,39,7,16356,1002,1789342411.745373
normal_01,0,normal,39,8,16484,996,1789342411.745373
normal_01,0,normal,39,9,16436,996,1789342411.745373
normal_01,0,normal,39,10,16500,1002,1789342411.745373
normal_01,0,normal,39,11,16452,999,1789342411.745373
normal_01,0,normal,39,12,16432,1001,1789342411.745373
normal_01,0,normal,39,13,16420,995,1789342411.745373
normal_01,0,normal,39,14,16420,1001,1789342411.745373
normal_01,0,normal,39,15,16420,998,1789342411.745373
normal_01,0,normal,39,16,16480,996,1789342411.745373
normal_01,0,normal,39,17,16412,1002,1789342411.745373
normal_01,0,normal,39,18,16448,1001,1789342411.745373
normal_01,0,normal,39,19,16424,998,1789342411.745373
normal_01,0,normal,39,20,16396,998,1789342411.745373
normal_01,0,normal,39,21,16408,997,1789342411.745373
normal_01,0,normal,39,22,16388,997,1789342411.745373
normal_01,0,normal,39,23,16396,1003,1789342411.745373
normal_01,0,normal,39,24,16456,996,1789342411.745373
normal_01,0,normal,39,25,16440,1001,1789342411.745373
normal_01,0,normal,39,26,16440,994,1789342411.745373
normal_01,0,normal,39,27,16436,1002,1789342411.745373
normal_01,0,normal,39,28,16448,999,1789342411.745373
normal_01,0,normal,39,29,16448,997,1789342411.745373
normal_01,0,normal,39,30,16440,999,1789342411.745373
normal_01,0,normal,39,31,16396,1003,1789342411.745373
normal_01,0,normal,39,32,16452,996,1789342411.745373
normal_01,0,normal,39,33,16496,999,1789342411.745373
normal_01,0,normal,39,34,16432,1000,1789342411.745373
normal_01,0,normal,39,35,16488,997,1789342411.745373
normal_01,0,normal,39,36,16340,999,1789342411.745373
normal_01,0,normal,39,37,16508,997,1789342411.745373
normal_01,0,normal,39,38,16444,999,1789342411.745373
normal_01,0,normal,39,39,16520,1002,1789342411.745373
normal_01,0,normal,39,40,16504,999,1789342411.745373
normal_01,0,normal,39,41,16404,995,1789342411.745373
normal_01,0,normal,39,42,16464,1001,1789342411.745373
normal_01,0,normal,39,43,16476,999,1789342411.745373
normal_01,0,normal,39,44,16484,1000,1789342411.745373
normal_01,0,normal,39,45,16416,994,1789342411.745373
normal_01,0,normal,39,46,16456,1003,1789342411.745373
normal_01,0,normal,39,47,16496,999,1789342411.745373
normal_01,0,normal,39,48,16488,994,1789342411.745373
normal_01,0,normal,39,49,16472,1003,1789342411.745373
normal_01,0,normal,39,50,16328,997,1789342411.745373
normal_01,0,normal,39,51,16452,999,1789342411.745373
normal_01,0,normal,39,52,16492,1003,1789342411.745373
normal_01,0,normal,39,53,16432,995,1789342411.745373
normal_01,0,normal,39,54,16472,1000,1789342411.745373
normal_01,0,normal,39,55,16460,997,1789342411.745373
normal_01,0,normal,39,56,16492,997,1789342411.745373
normal_01,0,normal,39,57,16456,1000,1789342411.745373
normal_01,0,normal,39,58,16472,1002,1789342411.745373
normal_01,0,normal,39,59,16416,996,1789342411.745373
normal_01,0,normal,39,60,16464,1002,1789342411.745373
normal_01,0,normal,39,61,16444,995,1789342411.745373
normal_01,0,normal,39,62,16468,999,1789342411.745373
normal_01,0,normal,39,63,16440,999,1789342411.745373
normal_01,0,normal,40,0,16392,0,1789342412.129204
normal_01,0,normal,40,1,16472,1002,1789342412.129204
normal_01,0,normal,40,2,16444,995,1789342412.129204
normal_01,0,normal,40,3,16448,1003,1789342412.129204
normal_01,0,normal,40,4,16436,997,1789342412.129204
normal_01,0,normal,40,5,16372,1000,1789342412.129204
normal_01,0,normal,40,6,16440,997,1789342412.129204
normal_01,0,normal,40,7,16484,998,1789342412.129204
normal_01,0,normal,40,8,16440,998,1789342412.129204
normal_01,0,normal,40,9,16488,1003,1789342412.129204
normal_01,0,normal,40,10,16436,996,1789342412.129204
normal_01,0,normal,40,11,16472,1000,1789342412.129204
normal_01,0,normal,40,12,16420,999,1789342412.129204
normal_01,0,normal,40,13,16404,996,1789342412.129204
normal_01,0,normal,40,14,16528,999,1789342412.129204
normal_01,0,normal,40,15,16428,1001,1789342412.129204
normal_01,0,normal,40,16,16388,998,1789342412.129204
normal_01,0,normal,40,17,16432,1001,1789342412.129204
normal_01,0,normal,40,18,16424,996,1789342412.129204
normal_01,0,normal,40,19,16444,998,1789342412.129204
normal_01,0,normal,40,20,16416,1000,1789342412.129204
normal_01,0,normal,40,21,16436,998,1789342412.129204
normal_01,0,normal,40,22,16460,1000,1789342412.129204
normal_01,0,normal,40,23,16444,995,1789342412.129204
normal_01,0,normal,40,24,16396,1000,1789342412.129204
normal_01,0,normal,40,25,16384,997,1789342412.129204
normal_01,0,normal,40,26,16480,1003,1789342412.129204
normal_01,0,normal,40,27,16472,1000,1789342412.129204
normal_01,0,normal,40,28,16516,999,1789342412.129204
normal_01,0,normal,40,29,16404,999,1789342412.129204
normal_01,0,normal,40,30,16492,995,1789342412.129204
normal_01,0,normal,40,31,16468,1003,1789342412.129204
normal_01,0,normal,40,32,16460,997,1789342412.129204
normal_01,0,normal,40,33,16452,997,1789342412.129204
normal_01,0,normal,40,34,16440,1002,1789342412.129204
normal_01,0,normal,40,35,16392,997,1789342412.129204
normal_01,0,normal,40,36,16420,998,1789342412.129204
normal_01,0,normal,40,37,16408,997,1789342412.129204
normal_01,0,normal,40,38,16460,999,1789342412.129204
normal_01,0,normal,40,39,16472,1002,1789342412.129204
normal_01,0,normal,40,40,16448,998,1789342412.129204
normal_01,0,normal,40,41,16496,1000,1789342412.129204
normal_01,0,normal,40,42,16440,997,1789342412.129204
normal_01,0,normal,40,43,16412,999,1789342412.129204
normal_01,0,normal,40,44,16416,995,1789342412.129204
normal_01,0,normal,40,45,16440,1002,1789342412.129204
normal_01,0,normal,40,46,16456,997,1789342412.129204
normal_01,0,normal,40,47,16360,998,1789342412.129204
normal_01,0,normal,40,48,16440,1001,1789342412.129204
normal_01,0,normal,40,49,16448,1001,1789342412.129204
normal_01,0,normal,40,50,16424,999,1789342412.129204
normal_01,0,normal,40,51,16472,994,1789342412.129204
normal_01,0,normal,40,52,16488,1000,1789342412.129204
normal_01,0,normal,40,53,16396,1003,1789342412.129204
normal_01,0,normal,40,54,16416,996,1789342412.129204
normal_01,0,normal,40,55,16456,998,1789342412.129204
normal_01,0,normal,40,56,16464,1001,1789342412.129204
normal_01,0,normal,40,57,16460,995,1789342412.129204
normal_01,0,normal,40,58,16452,1001,1789342412.129204
normal_01,0,normal,40,59,16464,999,1789342412.129204
normal_01,0,normal,40,60,16408,999,1789342412.129204
normal_01,0,normal,40,61,16420,998,1789342412.129204
normal_01,0,normal,40,62,16460,998,1789342412.129204
normal_01,0,normal,40,63,16444,999,1789342412.129204
normal_01,0,normal,41,0,16436,0,1789342412.512975
normal_01,0,normal,41,1,16440,999,1789342412.512975
normal_01,0,normal,41,2,16432,999,1789342412.512975
normal_01,0,normal,41,3,16456,995,1789342412.512975
normal_01,0,normal,41,4,16396,998,1789342412.512975
normal_01,0,normal,41,5,16440,1003,1789342412.512975
normal_01,0,normal,41,6,16444,998,1789342412.512975
normal_01,0,normal,41,7,16444,998,1789342412.512975
normal_01,0,normal,41,8,16392,999,1789342412.512975
normal_01,0,normal,41,9,16364,998,1789342412.512975
normal_01,0,normal,41,10,16492,1002,1789342412.512975
normal_01,0,normal,41,11,16436,998,1789342412.512975
normal_01,0,normal,41,12,16528,998,1789342412.512975
normal_01,0,normal,41,13,16460,998,1789342412.512975
normal_01,0,normal,41,14,16436,1003,1789342412.512975
normal_01,0,normal,41,15,16428,998,1789342412.512975
normal_01,0,normal,41,16,16448,999,1789342412.512975
normal_01,0,normal,41,17,16436,998,1789342412.512975
normal_01,0,normal,41,18,16440,999,1789342412.512975
normal_01,0,normal,41,19,16476,1001,1789342412.512975
normal_01,0,normal,41,20,16416,995,1789342412.512975
normal_01,0,normal,41,21,16476,1000,1789342412.512975
normal_01,0,normal,41,22,16432,1000,1789342412.512975
normal_01,0,normal,41,23,16428,1000,1789342412.512975
normal_01,0,normal,41,24,16452,998,1789342412.512975
normal_01,0,normal,41,25,16420,998,1789342412.512975
normal_01,0,normal,41,26,16452,1000,1789342412.512975
normal_01,0,normal,41,27,16452,994,1789342412.512975
normal_01,0,normal,41,28,16452,1001,1789342412.512975
normal_01,0,normal,41,29,16484,997,1789342412.512975
normal_01,0,normal,41,30,16468,1003,1789342412.512975
normal_01,0,normal,41,31,16460,995,1789342412.512975
normal_01,0,normal,41,32,16492,1001,1789342412.512975
normal_01,0,normal,41,33,16456,997,1789342412.512975
normal_01,0,normal,41,34,16476,1000,1789342412.512975
normal_01,0,normal,41,35,16492,999,1789342412.512975
normal_01,0,normal,41,36,16436,999,1789342412.512975
normal_01,0,normal,41,37,16412,999,1789342412.512975
normal_01,0,normal,41,38,16476,999,1789342412.512975
normal_01,0,normal,41,39,16460,996,1789342412.512975
normal_01,0,normal,41,40,16408,1001,1789342412.512975
normal_01,0,normal,41,41,16412,997,1789342412.512975
normal_01,0,normal,41,42,16440,998,1789342412.512975
normal_01,0,normal,41,43,16432,999,1789342412.512975
normal_01,0,normal,41,44,16428,1003,1789342412.512975
normal_01,0,normal,41,45,16488,996,1789342412.512975
normal_01,0,normal,41,46,16472,1000,1789342412.512975
normal_01,0,normal,41,47,16440,998,1789342412.512975
normal_01,0,normal,41,48,16516,997,1789342412.512975
normal_01,0,normal,41,49,16368,999,1789342412.512975
normal_01,0,normal,41,50,16448,1000,1789342412.512975
normal_01,0,normal,41,51,16452,1000,1789342412.512975
normal_01,0,normal,41,52,16392,997,1789342412.512975
normal_01,0,normal,41,53,16420,998,1789342412.512975
normal_01,0,normal,41,54,16460,1001,1789342412.512975
normal_01,0,normal,41,55,16480,996,1789342412.512975
normal_01,0,normal,41,56,16468,1000,1789342412.512975
normal_01,0,normal,41,57,16392,998,1789342412.512975
normal_01,0,normal,41,58,16488,998,1789342412.512975
normal_01,0,normal,41,59,16456,1003,1789342412.512975
normal_01,0,normal,41,60,16416,998,1789342412.512975
normal_01,0,normal,41,61,16440,998,1789342412.512975
normal_01,0,normal,41,62,16436,997,1789342412.512975
normal_01,0,normal,41,63,16476,1001,1789342412.512975
normal_01,0,normal,42,0,16460,0,1789342412.897241
normal_01,0,normal,42,1,16492,995,1789342412.897241
normal_01,0,normal,42,2,16444,1000,1789342412.897241
normal_01,0,normal,42,3,16488,1001,1789342412.897241
normal_01,0,normal,42,4,16412,994,1789342412.897241
normal_01,0,normal,42,5,16392,1003,1789342412.897241
normal_01,0,normal,42,6,16452,994,1789342412.897241
normal_01,0,normal,42,7,16460,999,1789342412.897241
normal_01,0,normal,42,8,16404,1000,1789342412.897241
normal_01,0,normal,42,9,16424,1002,1789342412.897241
normal_01,0,normal,42,10,16408,1000,1789342412.897241
normal_01,0,normal,42,11,16476,994,1789342412.897241
normal_01,0,normal,42,12,16488,998,1789342412.897241
normal_01,0,normal,42,13,16460,1002,1789342412.897241
normal_01,0,normal,42,14,16428,997,1789342412.897241
normal_01,0,normal,42,15,16504,1001,1789342412.897241
normal_01,0,normal,42,16,16460,1000,1789342412.897241
normal_01,0,normal,42,17,16424,997,1789342412.897241
normal_01,0,normal,42,18,16440,999,1789342412.897241
normal_01,0,normal,42,19,16416,1000,1789342412.897241
normal_01,0,normal,42,20,16420,994,1789342412.897241
normal_01,0,normal,42,21,16476,1003,1789342412.897241
normal_01,0,normal,42,22,16432,997,1789342412.897241
normal_01,0,normal,42,23,16420,997,1789342412.897241
normal_01,0,normal,42,24,16436,1000,1789342412.897241
normal_01,0,normal,42,25,16388,1001,1789342412.897241
normal_01,0,normal,42,26,16436,998,1789342412.897241
normal_01,0,normal,42,27,16408,1000,1789342412.897241
normal_01,0,normal,42,28,16476,998,1789342412.897241
normal_01,0,normal,42,29,16448,997,1789342412.897241
normal_01,0,normal,42,30,16400,998,1789342412.897241
normal_01,0,normal,42,31,16408,999,1789342412.897241
normal_01,0,normal,42,32,16444,1001,1789342412.897241
normal_01,0,normal,42,33,16400,999,1789342412.897241
normal_01,0,normal,42,34,16456,998,1789342412.897241
normal_01,0,normal,42,35,16456,1001,1789342412.897241
normal_01,0,normal,42,36,16460,996,1789342412.897241
normal_01,0,normal,42,37,16424,1001,1789342412.897241
normal_01,0,normal,42,38,16416,995,1789342412.897241
normal_01,0,normal,42,39,16480,1001,1789342412.897241
normal_01,0,normal,42,40,16428,997,1789342412.897241
normal_01,0,normal,42,41,16448,999,1789342412.897241
normal_01,0,normal,42,42,16480,1003,1789342412.897241
normal_01,0,normal,42,43,16400,997,1789342412.897241
normal_01,0,normal,42,44,16440,1001,1789342412.897241
normal_01,0,normal,42,45,16420,993,1789342412.897241
normal_01,0,normal,42,46,16484,1004,1789342412.897241
normal_01,0,normal,42,47,16460,997,1789342412.897241
normal_01,0,normal,42,48,16408,999,1789342412.897241
normal_01,0,normal,42,49,16444,1000,1789342412.897241
normal_01,0,normal,42,50,16396,997,1789342412.897241
normal_01,0,normal,42,51,16464,1001,1789342412.897241
normal_01,0,normal,42,52,16544,995,1789342412.897241
normal_01,0,normal,42,53,16432,999,1789342412.897241
normal_01,0,normal,42,54,16396,1000,1789342412.897241
normal_01,0,normal,42,55,16388,1000,1789342412.897241
normal_01,0,normal,42,56,16448,997,1789342412.897241
normal_01,0,normal,42,57,16408,1000,1789342412.897241
normal_01,0,normal,42,58,16392,998,1789342412.897241
normal_01,0,normal,42,59,16452,998,1789342412.897241
normal_01,0,normal,42,60,16420,997,1789342412.897241
normal_01,0,normal,42,61,16436,998,1789342412.897241
normal_01,0,normal,42,62,16460,1000,1789342412.897241
normal_01,0,normal,42,63,16424,999,1789342412.897241
normal_01,0,normal,43,0,16492,0,1789342413.280903
normal_01,0,normal,43,1,16424,999,1789342413.280903
normal_01,0,normal,43,2,16432,1000,1789342413.280903
normal_01,0,normal,43,3,16480,999,1789342413.280903
normal_01,0,normal,43,4,16352,997,1789342413.280903
normal_01,0,normal,43,5,16444,997,1789342413.280903
normal_01,0,normal,43,6,16428,1000,1789342413.280903
normal_01,0,normal,43,7,16380,1001,1789342413.280903
normal_01,0,normal,43,8,16468,999,1789342413.280903
normal_01,0,normal,43,9,16456,999,1789342413.280903
normal_01,0,normal,43,10,16496,996,1789342413.280903
normal_01,0,normal,43,11,16420,1002,1789342413.280903
normal_01,0,normal,43,12,16468,998,1789342413.280903
normal_01,0,normal,43,13,16468,1000,1789342413.280903
normal_01,0,normal,43,14,16440,997,1789342413.280903
normal_01,0,normal,43,15,16444,1000,1789342413.280903
normal_01,0,normal,43,16,16456,999,1789342413.280903
normal_01,0,normal,43,17,16468,998,1789342413.280903
normal_01,0,normal,43,18,16504,998,1789342413.280903
normal_01,0,normal,43,19,16448,999,1789342413.280903
normal_01,0,normal,43,20,16476,998,1789342413.280903
normal_01,0,normal,43,21,16412,1000,1789342413.280903
normal_01,0,normal,43,22,16488,996,1789342413.280903
normal_01,0,normal,43,23,16508,1003,1789342413.280903
normal_01,0,normal,43,24,16420,1000,1789342413.280903
normal_01,0,normal,43,25,16500,995,1789342413.280903
normal_01,0,normal,43,26,16440,998,1789342413.280903
normal_01,0,normal,43,27,16488,1002,1789342413.280903
normal_01,0,normal,43,28,16516,998,1789342413.280903
normal_01,0,normal,43,29,16444,996,1789342413.280903
normal_01,0,normal,43,30,16468,1000,1789342413.280903
normal_01,0,normal,43,31,16444,999,1789342413.280903
normal_01,0,normal,43,32,16408,998,1789342413.280903
normal_01,0,normal,43,33,16508,1002,1789342413.280903
normal_01,0,normal,43,34,16428,999,1789342413.280903
normal_01,0,normal,43,35,16492,995,1789342413.280903
normal_01,0,normal,43,36,16428,1002,1789342413.280903
normal_01,0,normal,43,37,16512,996,1789342413.280903
normal_01,0,normal,43,38,16428,998,1789342413.280903
normal_01,0,normal,43,39,16436,1004,1789342413.280903
normal_01,0,normal,43,40,16460,994,1789342413.280903
normal_01,0,normal,43,41,16464,1002,1789342413.280903
normal_01,0,normal,43,42,16460,998,1789342413.280903
normal_01,0,normal,43,43,16412,1000,1789342413.280903
normal_01,0,normal,43,44,16424,996,1789342413.280903
normal_01,0,normal,43,45,16420,999,1789342413.280903
normal_01,0,normal,43,46,16424,998,1789342413.280903
normal_01,0,normal,43,47,16468,1001,1789342413.280903
normal_01,0,normal,43,48,16432,999,1789342413.280903
normal_01,0,normal,43,49,16448,1001,1789342413.280903
normal_01,0,normal,43,50,16484,996,1789342413.280903
normal_01,0,normal,43,51,16420,997,1789342413.280903
normal_01,0,normal,43,52,16436,999,1789342413.280903
normal_01,0,normal,43,53,16472,999,1789342413.280903
normal_01,0,normal,43,54,16444,999,1789342413.280903
normal_01,0,normal,43,55,16372,998,1789342413.280903
normal_01,0,normal,43,56,16472,999,1789342413.280903
normal_01,0,normal,43,57,16444,999,1789342413.280903
normal_01,0,normal,43,58,16460,1000,1789342413.280903
normal_01,0,normal,43,59,16468,1002,1789342413.280903
normal_01,0,normal,43,60,16480,996,1789342413.280903
normal_01,0,normal,43,61,16492,999,1789342413.280903
normal_01,0,normal,43,62,16380,999,1789342413.280903
normal_01,0,normal,43,63,16408,998,1789342413.280903
normal_01,0,normal,44,0,16416,0,1789342413.665314
normal_01,0,normal,44,1,16392,1001,1789342413.665314
normal_01,0,normal,44,2,16444,1002,1789342413.665314
normal_01,0,normal,44,3,16472,993,1789342413.665314
normal_01,0,normal,44,4,16448,1003,1789342413.665314
normal_01,0,normal,44,5,16480,998,1789342413.665314
normal_01,0,normal,44,6,16440,999,1789342413.665314
normal_01,0,normal,44,7,16512,995,1789342413.665314
normal_01,0,normal,44,8,16452,1004,1789342413.665314
normal_01,0,normal,44,9,16444,994,1789342413.665314
normal_01,0,normal,44,10,16456,1000,1789342413.665314
normal_01,0,normal,44,11,16448,1001,1789342413.665314
normal_01,0,normal,44,12,16420,998,1789342413.665314
normal_01,0,normal,44,13,16352,997,1789342413.665314
normal_01,0,normal,44,14,16492,998,1789342413.665314
normal_01,0,normal,44,15,16404,1001,1789342413.665314
normal_01,0,normal,44,16,16496,997,1789342413.665314
normal_01,0,normal,44,17,16372,1001,1789342413.665314
normal_01,0,normal,44,18,16444,998,1789342413.665314
normal_01,0,normal,44,19,16432,997,1789342413.665314
normal_01,0,normal,44,20,16420,999,1789342413.665314
normal_01,0,normal,44,21,16452,1004,1789342413.665314
normal_01,0,normal,44,22,16400,994,1789342413.665314
normal_01,0,normal,44,23,16372,1003,1789342413.665314
normal_01,0,normal,44,24,16432,997,1789342413.665314
normal_01,0,normal,44,25,16424,999,1789342413.665314
normal_01,0,normal,44,26,16504,1001,1789342413.665314
normal_01,0,normal,44,27,16476,998,1789342413.665314
normal_01,0,normal,44,28,16452,995,1789342413.665314
normal_01,0,normal,44,29,16508,999,1789342413.665314
normal_01,0,normal,44,30,16400,1000,1789342413.665314
normal_01,0,normal,44,31,16376,1000,1789342413.665314
normal_01,0,normal,44,32,16432,999,1789342413.665314
normal_01,0,normal,44,33,16472,997,1789342413.665314
normal_01,0,normal,44,34,16440,1002,1789342413.665314
normal_01,0,normal,44,35,16496,994,1789342413.665314
normal_01,0,normal,44,36,16384,1003,1789342413.665314
normal_01,0,normal,44,37,16460,995,1789342413.665314
normal_01,0,normal,44,38,16428,999,1789342413.665314
normal_01,0,normal,44,39,16416,1002,1789342413.665314
normal_01,0,normal,44,40,16464,999,1789342413.665314
normal_01,0,normal,44,41,16464,998,1789342413.665314
normal_01,0,normal,44,42,16424,1000,1789342413.665314
normal_01,0,normal,44,43,16444,997,1789342413.665314
normal_01,0,normal,44,44,16432,999,1789342413.665314
normal_01,0,normal,44,45,16504,998,1789342413.665314
normal_01,0,normal,44,46,16396,998,1789342413.665314
normal_01,0,normal,44,47,16372,997,1789342413.665314
normal_01,0,normal,44,48,16528,1003,1789342413.665314
normal_01,0,normal,44,49,16488,995,1789342413.665314
normal_01,0,normal,44,50,16412,998,1789342413.665314
normal_01,0,normal,44,51,16404,1002,1789342413.665314
normal_01,0,normal,44,52,16388,998,1789342413.665314
normal_01,0,normal,44,53,16416,1000,1789342413.665314
normal_01,0,normal,44,54,16412,996,1789342413.665314
normal_01,0,normal,44,55,16460,1000,1789342413.665314
normal_01,0,normal,44,56,16424,999,1789342413.665314
normal_01,0,normal,44,57,16436,1000,1789342413.665314
normal_01,0,normal,44,58,16420,1001,1789342413.665314
normal_01,0,normal,44,59,16440,999,1789342413.665314
normal_01,0,normal,44,60,16492,997,1789342413.665314
normal_01,0,normal,44,61,16396,1000,1789342413.665314
normal_01,0,normal,44,62,16444,997,1789342413.665314
normal_01,0,normal,44,63,16388,1003,1789342413.665314
normal_01,0,normal,45,0,16408,0,1789342414.049060
normal_01,0,normal,45,1,16440,995,1789342414.049060
normal_01,0,normal,45,2,16448,1004,1789342414.049060
normal_01,0,normal,45,3,16492,996,1789342414.049060
normal_01,0,normal,45,4,16396,997,1789342414.049060
normal_01,0,normal,45,5,16500,999,1789342414.049060
normal_01,0,normal,45,6,16472,1000,1789342414.049060
normal_01,0,normal,45,7,16444,998,1789342414.049060
normal_01,0,normal,45,8,16396,999,1789342414.049060
normal_01,0,normal,45,9,16428,1001,1789342414.049060
normal_01,0,normal,45,10,16468,997,1789342414.049060
normal_01,0,normal,45,11,16400,1001,1789342414.049060
normal_01,0,normal,45,12,16440,998,1789342414.049060
normal_01,0,normal,45,13,16452,1000,1789342414.049060
normal_01,0,normal,45,14,16392,999,1789342414.049060
normal_01,0,normal,45,15,16452,996,1789342414.049060
normal_01,0,normal,45,16,16480,999,1789342414.049060
normal_01,0,normal,45,17,16472,998,1789342414.049060
normal_01,0,normal,45,18,16436,1000,1789342414.049060
normal_01,0,normal,45,19,16436,1001,1789342414.049060
normal_01,0,normal,45,20,16464,996,1789342414.049060
normal_01,0,normal,45,21,16432,1003,1789342414.049060
normal_01,0,normal,45,22,16460,995,1789342414.049060
normal_01,0,normal,45,23,16460,1002,1789342414.049060
normal_01,0,normal,45,24,16468,995,1789342414.049060
normal_01,0,normal,45,25,16400,999,1789342414.049060
normal_01,0,normal,45,26,16532,1000,1789342414.049060
normal_01,0,normal,45,27,16408,999,1789342414.049060
normal_01,0,normal,45,28,16484,1000,1789342414.049060
normal_01,0,normal,45,29,16464,995,1789342414.049060
normal_01,0,normal,45,30,16452,1002,1789342414.049060
normal_01,0,normal,45,31,16416,995,1789342414.049060
normal_01,0,normal,45,32,16456,1000,1789342414.049060
normal_01,0,normal,45,33,16460,1000,1789342414.049060
normal_01,0,normal,45,34,16472,996,1789342414.049060
normal_01,0,normal,45,35,16428,1000,1789342414.049060
normal_01,0,normal,45,36,16396,1000,1789342414.049060
normal_01,0,normal,45,37,16424,998,1789342414.049060
normal_01,0,normal,45,38,16408,999,1789342414.049060
normal_01,0,normal,45,39,16448,1001,1789342414.049060
normal_01,0,normal,45,40,16484,998,1789342414.049060
normal_01,0,normal,45,41,16448,1001,1789342414.049060
normal_01,0,normal,45,42,16468,999,1789342414.049060
normal_01,0,normal,45,43,16484,998,1789342414.049060
normal_01,0,normal,45,44,16432,998,1789342414.049060
normal_01,0,normal,45,45,16424,998,1789342414.049060
normal_01,0,normal,45,46,16368,999,1789342414.049060
normal_01,0,normal,45,47,16416,998,1789342414.049060
normal_01,0,normal,45,48,16380,998,1789342414.049060
normal_01,0,normal,45,49,16424,1001,1789342414.049060
normal_01,0,normal,45,50,16388,996,1789342414.049060
normal_01,0,normal,45,51,16452,1001,1789342414.049060
normal_01,0,normal,45,52,16432,1000,1789342414.049060
normal_01,0,normal,45,53,16456,999,1789342414.049060
normal_01,0,normal,45,54,16420,998,1789342414.049060
normal_01,0,normal,45,55,16440,1002,1789342414.049060
normal_01,0,normal,45,56,16432,995,1789342414.049060
normal_01,0,normal,45,57,16408,1001,1789342414.049060
normal_01,0,normal,45,58,16516,997,1789342414.049060
normal_01,0,normal,45,59,16424,997,1789342414.049060
normal_01,0,normal,45,60,16500,999,1789342414.049060
normal_01,0,normal,45,61,16380,1001,1789342414.049060
normal_01,0,normal,45,62,16468,997,1789342414.049060
normal_01,0,normal,45,63,16384,999,1789342414.049060
normal_01,0,normal,46,0,16448,0,1789342414.433203
normal_01,0,normal,46,1,16480,996,1789342414.433203
normal_01,0,normal,46,2,16376,997,1789342414.433203
normal_01,0,normal,46,3,16376,1004,1789342414.433203
normal_01,0,normal,46,4,16400,995,1789342414.433203
normal_01,0,normal,46,5,16448,997,1789342414.433203
normal_01,0,normal,46,6,16404,1001,1789342414.433203
normal_01,0,normal,46,7,16444,1002,1789342414.433203
normal_01,0,normal,46,8,16472,996,1789342414.433203
normal_01,0,normal,46,9,16432,998,1789342414.433203
normal_01,0,normal,46,10,16452,1000,1789342414.433203
normal_01,0,normal,46,11,16464,1001,1789342414.433203
normal_01,0,normal,46,12,16416,997,1789342414.433203
normal_01,0,normal,46,13,16452,1000,1789342414.433203
normal_01,0,normal,46,14,16484,996,1789342414.433203
normal_01,0,normal,46,15,16412,1000,1789342414.433203
normal_01,0,normal,46,16,16488,998,1789342414.433203
normal_01,0,normal,46,17,16428,997,1789342414.433203
normal_01,0,normal,46,18,16484,1002,1789342414.433203
normal_01,0,normal,46,19,16424,996,1789342414.433203
normal_01,0,normal,46,20,16440,1003,1789342414.433203
normal_01,0,normal,46,21,16392,999,1789342414.433203
normal_01,0,normal,46,22,16412,999,1789342414.433203
normal_01,0,normal,46,23,16480,999,1789342414.433203
normal_01,0,normal,46,24,16488,999,1789342414.433203
normal_01,0,normal,46,25,16444,998,1789342414.433203
normal_01,0,normal,46,26,16376,996,1789342414.433203
normal_01,0,normal,46,27,16440,999,1789342414.433203
normal_01,0,normal,46,28,16448,998,1789342414.433203
normal_01,0,normal,46,29,16460,1002,1789342414.433203
normal_01,0,normal,46,30,16432,997,1789342414.433203
normal_01,0,normal,46,31,16476,999,1789342414.433203
normal_01,0,normal,46,32,16428,1001,1789342414.433203
normal_01,0,normal,46,33,16440,998,1789342414.433203
normal_01,0,normal,46,34,16400,997,1789342414.433203
normal_01,0,normal,46,35,16480,998,1789342414.433203
normal_01,0,normal,46,36,16392,1003,1789342414.433203
normal_01,0,normal,46,37,16376,998,1789342414.433203
normal_01,0,normal,46,38,16428,1000,1789342414.433203
normal_01,0,normal,46,39,16428,998,1789342414.433203
normal_01,0,normal,46,40,16436,996,1789342414.433203
normal_01,0,normal,46,41,16416,998,1789342414.433203
normal_01,0,normal,46,42,16412,999,1789342414.433203
normal_01,0,normal,46,43,16500,999,1789342414.433203
normal_01,0,normal,46,44,16412,1002,1789342414.433203
normal_01,0,normal,46,45,16388,999,1789342414.433203
normal_01,0,normal,46,46,16456,996,1789342414.433203
normal_01,0,normal,46,47,16428,1001,1789342414.433203
normal_01,0,normal,46,48,16452,997,1789342414.433203
normal_01,0,normal,46,49,16408,997,1789342414.433203
normal_01,0,normal,46,50,16464,999,1789342414.433203
normal_01,0,normal,46,51,16436,1001,1789342414.433203
normal_01,0,normal,46,52,16456,998,1789342414.433203
normal_01,0,normal,46,53,16432,1000,1789342414.433203
normal_01,0,normal,46,54,16472,998,1789342414.433203
normal_01,0,normal,46,55,16464,999,1789342414.433203
normal_01,0,normal,46,56,16444,1000,1789342414.433203
normal_01,0,normal,46,57,16448,996,1789342414.433203
normal_01,0,normal,46,58,16464,999,1789342414.433203
normal_01,0,normal,46,59,16408,999,1789342414.433203
normal_01,0,normal,46,60,16516,998,1789342414.433203
normal_01,0,normal,46,61,16392,999,1789342414.433203
normal_01,0,normal,46,62,16436,1003,1789342414.433203
normal_01,0,normal,46,63,16424,995,1789342414.433203
normal_01,0,normal,47,0,16472,0,1789342414.816800
normal_01,0,normal,47,1,16432,1000,1789342414.816800
normal_01,0,normal,47,2,16404,997,1789342414.816800
normal_01,0,normal,47,3,16448,1002,1789342414.816800
normal_01,0,normal,47,4,16476,998,1789342414.816800
normal_01,0,normal,47,5,16448,996,1789342414.816800
normal_01,0,normal,47,6,16464,1001,1789342414.816800
normal_01,0,normal,47,7,16428,999,1789342414.816800
normal_01,0,normal,47,8,16444,997,1789342414.816800
normal_01,0,normal,47,9,16348,999,1789342414.816800
normal_01,0,normal,47,10,16456,1002,1789342414.816800
normal_01,0,normal,47,11,16424,998,1789342414.816800
normal_01,0,normal,47,12,16412,997,1789342414.816800
normal_01,0,normal,47,13,16424,1003,1789342414.816800
normal_01,0,normal,47,14,16468,998,1789342414.816800
normal_01,0,normal,47,15,16468,997,1789342414.816800
normal_01,0,normal,47,16,16436,998,1789342414.816800
normal_01,0,normal,47,17,16480,1000,1789342414.816800
normal_01,0,normal,47,18,16472,995,1789342414.816800
normal_01,0,normal,47,19,16428,999,1789342414.816800
normal_01,0,normal,47,20,16428,1000,1789342414.816800
normal_01,0,normal,47,21,16484,996,1789342414.816800
normal_01,0,normal,47,22,16428,998,1789342414.816800
normal_01,0,normal,47,23,16420,1000,1789342414.816800
normal_01,0,normal,47,24,16420,1002,1789342414.816800
normal_01,0,normal,47,25,16484,999,1789342414.816800
normal_01,0,normal,47,26,16484,997,1789342414.816800
normal_01,0,normal,47,27,16424,997,1789342414.816800
normal_01,0,normal,47,28,16468,1000,1789342414.816800
normal_01,0,normal,47,29,16388,999,1789342414.816800
normal_01,0,normal,47,30,16420,1001,1789342414.816800
normal_01,0,normal,47,31,16424,1001,1789342414.816800
normal_01,0,normal,47,32,16468,997,1789342414.816800
normal_01,0,normal,47,33,16412,1000,1789342414.816800
normal_01,0,normal,47,34,16524,997,1789342414.816800
normal_01,0,normal,47,35,16384,1000,1789342414.816800
normal_01,0,normal,47,36,16408,999,1789342414.816800
normal_01,0,normal,47,37,16472,1000,1789342414.816800
normal_01,0,normal,47,38,16416,996,1789342414.816800
normal_01,0,normal,47,39,16432,1003,1789342414.816800
normal_01,0,normal,47,40,16440,994,1789342414.816800
normal_01,0,normal,47,41,16456,999,1789342414.816800
normal_01,0,normal,47,42,16476,1002,1789342414.816800
normal_01,0,normal,47,43,16476,999,1789342414.816800
normal_01,0,normal,47,44,16436,998,1789342414.816800
normal_01,0,normal,47,45,16436,1000,1789342414.816800
normal_01,0,normal,47,46,16472,997,1789342414.816800
normal_01,0,normal,47,47,16472,997,1789342414.816800
normal_01,0,normal,47,48,16464,1004,1789342414.816800
normal_01,0,normal,47,49,16432,999,1789342414.816800
normal_01,0,normal,47,50,16428,994,1789342414.816800
normal_01,0,normal,47,51,16404,1003,1789342414.816800
normal_01,0,normal,47,52,16408,995,1789342414.816800
normal_01,0,normal,47,53,16400,1002,1789342414.816800
normal_01,0,normal,47,54,16448,998,1789342414.816800
normal_01,0,normal,47,55,16412,999,1789342414.816800
normal_01,0,normal,47,56,16444,998,1789342414.816800
normal_01,0,normal,47,57,16480,997,1789342414.816800
normal_01,0,normal,47,58,16380,999,1789342414.816800
normal_01,0,normal,47,59,16448,999,1789342414.816800
normal_01,0,normal,47,60,16428,1000,1789342414.816800
normal_01,0,normal,47,61,16428,1001,1789342414.816800
normal_01,0,normal,47,62,16456,997,1789342414.816800
normal_01,0,normal,47,63,16488,1001,1789342414.816800
normal_01,0,normal,48,0,16476,0,1789342415.200812
normal_01,0,normal,48,1,16448,999,1789342415.200812
normal_01,0,normal,48,2,16420,998,1789342415.200812
normal_01,0,normal,48,3,16496,997,1789342415.200812
normal_01,0,normal,48,4,16368,1001,1789342415.200812
normal_01,0,normal,48,5,16448,1000,1789342415.200812
normal_01,0,normal,48,6,16444,1000,1789342415.200812
normal_01,0,normal,48,7,16388,997,1789342415.200812
normal_01,0,normal,48,8,16488,1000,1789342415.200812
normal_01,0,normal,48,9,16420,995,1789342415.200812
normal_01,0,normal,48,10,16444,1003,1789342415.200812
normal_01,0,normal,48,11,16460,999,1789342415.200812
normal_01,0,normal,48,12,16428,998,1789342415.200812
normal_01,0,normal,48,13,16500,997,1789342415.200812
normal_01,0,normal,48,14,16380,999,1789342415.200812
normal_01,0,normal,48,15,16484,997,1789342415.200812
normal_01,0,normal,48,16,16388,999,1789342415.200812
normal_01,0,normal,48,17,16516,1000,1789342415.200812
normal_01,0,normal,48,18,16436,1000,1789342415.200812
normal_01,0,normal,48,19,16492,998,1789342415.200812
normal_01,0,normal,48,20,16492,998,1789342415.200812
normal_01,0,normal,48,21,16468,1002,1789342415.200812
normal_01,0,normal,48,22,16424,995,1789342415.200812
normal_01,0,normal,48,23,16412,1002,1789342415.200812
normal_01,0,normal,48,24,16492,998,1789342415.200812
normal_01,0,normal,48,25,16436,1000,1789342415.200812
normal_01,0,normal,48,26,16440,995,1789342415.200812
normal_01,0,normal,48,27,16520,1002,1789342415.200812
normal_01,0,normal,48,28,16476,1000,1789342415.200812
normal_01,0,normal,48,29,16476,997,1789342415.200812
normal_01,0,normal,48,30,16464,1000,1789342415.200812
normal_01,0,normal,48,31,16436,994,1789342415.200812
normal_01,0,normal,48,32,16408,999,1789342415.200812
normal_01,0,normal,48,33,16480,1000,1789342415.200812
normal_01,0,normal,48,34,16468,997,1789342415.200812
normal_01,0,normal,48,35,16452,998,1789342415.200812
normal_01,0,normal,48,36,16476,1003,1789342415.200812
normal_01,0,normal,48,37,16456,998,1789342415.200812
normal_01,0,normal,48,38,16460,996,1789342415.200812
normal_01,0,normal,48,39,16432,998,1789342415.200812
normal_01,0,normal,48,40,16500,998,1789342415.200812
normal_01,0,normal,48,41,16408,1002,1789342415.200812
normal_01,0,normal,48,42,16344,999,1789342415.200812
normal_01,0,normal,48,43,16400,999,1789342415.200812
normal_01,0,normal,48,44,16512,998,1789342415.200812
normal_01,0,normal,48,45,16484,999,1789342415.200812
normal_01,0,normal,48,46,16404,998,1789342415.200812
normal_01,0,normal,48,47,16384,996,1789342415.200812
normal_01,0,normal,48,48,16452,1000,1789342415.200812
normal_01,0,normal,48,49,16456,1000,1789342415.200812
normal_01,0,normal,48,50,16412,998,1789342415.200812
normal_01,0,normal,48,51,16456,997,1789342415.200812
normal_01,0,normal,48,52,16460,999,1789342415.200812
normal_01,0,normal,48,53,16504,1003,1789342415.200812
normal_01,0,normal,48,54,16472,994,1789342415.200812
normal_01,0,normal,48,55,16452,1004,1789342415.200812
normal_01,0,normal,48,56,16448,998,1789342415.200812
normal_01,0,normal,48,57,16440,1000,1789342415.200812
normal_01,0,normal,48,58,16516,994,1789342415.200812
normal_01,0,normal,48,59,16456,1002,1789342415.200812
normal_01,0,normal,48,60,16500,999,1789342415.200812
normal_01,0,normal,48,61,16488,996,1789342415.200812
normal_01,0,normal,48,62,16452,1002,1789342415.200812
normal_01,0,normal,48,63,16460,1000,1789342415.200812
normal_01,0,normal,49,0,16432,0,1789342415.585307
normal_01,0,normal,49,1,16436,998,1789342415.585307
normal_01,0,normal,49,2,16388,1001,1789342415.585307
normal_01,0,normal,49,3,16484,995,1789342415.585307
normal_01,0,normal,49,4,16388,999,1789342415.585307
normal_01,0,normal,49,5,16452,1000,1789342415.585307
normal_01,0,normal,49,6,16456,1002,1789342415.585307
normal_01,0,normal,49,7,16504,994,1789342415.585307
normal_01,0,normal,49,8,16432,1001,1789342415.585307
normal_01,0,normal,49,9,16404,1002,1789342415.585307
normal_01,0,normal,49,10,16396,996,1789342415.585307
normal_01,0,normal,49,11,16464,999,1789342415.585307
normal_01,0,normal,49,12,16412,996,1789342415.585307
normal_01,0,normal,49,13,16380,1000,1789342415.585307
normal_01,0,normal,49,14,16420,1000,1789342415.585307
normal_01,0,normal,49,15,16384,1000,1789342415.585307
normal_01,0,normal,49,16,16524,996,1789342415.585307
normal_01,0,normal,49,17,16456,998,1789342415.585307
normal_01,0,normal,49,18,16424,999,1789342415.585307
normal_01,0,normal,49,19,16436,1000,1789342415.585307
normal_01,0,normal,49,20,16452,1001,1789342415.585307
normal_01,0,normal,49,21,16472,1001,1789342415.585307
normal_01,0,normal,49,22,16396,997,1789342415.585307
normal_01,0,normal,49,23,16424,997,1789342415.585307
normal_01,0,normal,49,24,16452,999,1789342415.585307
normal_01,0,normal,49,25,16528,999,1789342415.585307
normal_01,0,normal,49,26,16460,999,1789342415.585307
normal_01,0,normal,49,27,16468,998,1789342415.585307
normal_01,0,normal,49,28,16496,1005,1789342415.585307
normal_01,0,normal,49,29,16456,994,1789342415.585307
normal_01,0,normal,49,30,16424,998,1789342415.585307
normal_01,0,normal,49,31,16436,1003,1789342415.585307
normal_01,0,normal,49,32,16372,995,1789342415.585307
normal_01,0,normal,49,33,16444,1000,1789342415.585307
normal_01,0,normal,49,34,16444,998,1789342415.585307
normal_01,0,normal,49,35,16468,1000,1789342415.585307
normal_01,0,normal,49,36,16448,1000,1789342415.585307
normal_01,0,normal,49,37,16432,997,1789342415.585307
normal_01,0,normal,49,38,16440,998,1789342415.585307
normal_01,0,normal,49,39,16468,1001,1789342415.585307
normal_01,0,normal,49,40,16416,998,1789342415.585307
normal_01,0,normal,49,41,16496,998,1789342415.585307
normal_01,0,normal,49,42,16472,999,1789342415.585307
normal_01,0,normal,49,43,16408,999,1789342415.585307
normal_01,0,normal,49,44,16456,999,1789342415.585307
normal_01,0,normal,49,45,16488,999,1789342415.585307
normal_01,0,normal,49,46,16452,999,1789342415.585307
normal_01,0,normal,49,47,16440,998,1789342415.585307
normal_01,0,normal,49,48,16468,999,1789342415.585307
normal_01,0,normal,49,49,16428,1002,1789342415.585307
normal_01,0,normal,49,50,16444,998,1789342415.585307
normal_01,0,normal,49,51,16472,1000,1789342415.585307
normal_01,0,normal,49,52,16436,995,1789342415.585307
normal_01,0,normal,49,53,16456,1002,1789342415.585307
normal_01,0,normal,49,54,16492,996,1789342415.585307
normal_01,0,normal,49,55,16504,998,1789342415.585307
normal_01,0,normal,49,56,16420,1000,1789342415.585307
normal_01,0,normal,49,57,16452,998,1789342415.585307
normal_01,0,normal,49,58,16508,999,1789342415.585307
normal_01,0,normal,49,59,16436,1000,1789342415.585307
normal_01,0,normal,49,60,16444,998,1789342415.585307
normal_01,0,normal,49,61,16484,1000,1789342415.585307
normal_01,0,normal,49,62,16500,997,1789342415.585307
normal_01,0,normal,49,63,16396,1000,1789342415.585307
normal_01,0,normal,50,0,16476,0,1789342415.969013
normal_01,0,normal,50,1,16464,1000,1789342415.969013
normal_01,0,normal,50,2,16420,1001,1789342415.969013
normal_01,0,normal,50,3,16404,999,1789342415.969013
normal_01,0,normal,50,4,16516,1000,1789342415.969013
normal_01,0,normal,50,5,16412,997,1789342415.969013
normal_01,0,normal,50,6,16492,999,1789342415.969013
normal_01,0,normal,50,7,16428,1000,1789342415.969013
normal_01,0,normal,50,8,16404,998,1789342415.969013
normal_01,0,normal,50,9,16428,997,1789342415.969013
normal_01,0,normal,50,10,16460,1003,1789342415.969013
normal_01,0,normal,50,11,16424,997,1789342415.969013
normal_01,0,normal,50,12,16448,1000,1789342415.969013
normal_01,0,normal,50,13,16504,997,1789342415.969013
normal_01,0,normal,50,14,16360,999,1789342415.969013
normal_01,0,normal,50,15,16376,998,1789342415.969013
normal_01,0,normal,50,16,16456,1000,1789342415.969013
normal_01,0,normal,50,17,16436,1000,1789342415.969013
normal_01,0,normal,50,18,16456,996,1789342415.969013
normal_01,0,normal,50,19,16456,1000,1789342415.969013
normal_01,0,normal,50,20,16392,996,1789342415.969013
normal_01,0,normal,50,21,16472,1001,1789342415.969013
normal_01,0,normal,50,22,16452,998,1789342415.969013
normal_01,0,normal,50,23,16400,998,1789342415.969013
normal_01,0,normal,50,24,16524,1002,1789342415.969013
normal_01,0,normal,50,25,16484,999,1789342415.969013
normal_01,0,normal,50,26,16384,996,1789342415.969013
normal_01,0,normal,50,27,16500,1003,1789342415.969013
normal_01,0,normal,50,28,16428,995,1789342415.969013
normal_01,0,normal,50,29,16484,1001,1789342415.969013
normal_01,0,normal,50,30,16468,996,1789342415.969013
normal_01,0,normal,50,31,16452,1003,1789342415.969013
normal_01,0,normal,50,32,16416,998,1789342415.969013
normal_01,0,normal,50,33,16476,996,1789342415.969013
normal_01,0,normal,50,34,16444,999,1789342415.969013
normal_01,0,normal,50,35,16452,999,1789342415.969013
normal_01,0,normal,50,36,16356,1002,1789342415.969013
normal_01,0,normal,50,37,16444,998,1789342415.969013
normal_01,0,normal,50,38,16492,998,1789342415.969013
normal_01,0,normal,50,39,16496,999,1789342415.969013
normal_01,0,normal,50,40,16476,997,1789342415.969013
normal_01,0,normal,50,41,16480,998,1789342415.969013
normal_01,0,normal,50,42,16408,1001,1789342415.969013
normal_01,0,normal,50,43,16376,999,1789342415.969013
normal_01,0,normal,50,44,16452,997,1789342415.969013
normal_01,0,normal,50,45,16472,997,1789342415.969013
normal_01,0,normal,50,46,16444,1003,1789342415.969013
normal_01,0,normal,50,47,16460,997,1789342415.969013
normal_01,0,normal,50,48,16440,998,1789342415.969013
normal_01,0,normal,50,49,16420,999,1789342415.969013
normal_01,0,normal,50,50,16476,998,1789342415.969013
normal_01,0,normal,50,51,16500,997,1789342415.969013
normal_01,0,normal,50,52,16376,1000,1789342415.969013
normal_01,0,normal,50,53,16404,1000,1789342415.969013
normal_01,0,normal,50,54,16480,997,1789342415.969013
normal_01,0,normal,50,55,16432,1000,1789342415.969013
normal_01,0,normal,50,56,16456,998,1789342415.969013
normal_01,0,normal,50,57,16520,1002,1789342415.969013
normal_01,0,normal,50,58,16464,997,1789342415.969013
normal_01,0,normal,50,59,16420,996,1789342415.969013
normal_01,0,normal,50,60,16480,1000,1789342415.969013
normal_01,0,normal,50,61,16428,1002,1789342415.969013
normal_01,0,normal,50,62,16488,998,1789342415.969013
normal_01,0,normal,50,63,16440,995,1789342415.969013
normal_01,0,normal,51,0,16428,0,1789342416.353253
normal_01,0,normal,51,1,16452,995,1789342416.353253
normal_01,0,normal,51,2,16448,1000,1789342416.353253
normal_01,0,normal,51,3,16440,999,1789342416.353253
normal_01,0,normal,51,4,16512,1000,1789342416.353253
normal_01,0,normal,51,5,16460,997,1789342416.353253
normal_01,0,normal,51,6,16444,1001,1789342416.353253
normal_01,0,normal,51,7,16436,999,1789342416.353253
normal_01,0,normal,51,8,16504,999,1789342416.353253
normal_01,0,normal,51,9,16360,998,1789342416.353253
normal_01,0,normal,51,10,16432,999,1789342416.353253
normal_01,0,normal,51,11,16456,996,1789342416.353253
normal_01,0,normal,51,12,16404,1001,1789342416.353253
normal_01,0,normal,51,13,16424,999,1789342416.353253
normal_01,0,normal,51,14,16432,997,1789342416.353253
normal_01,0,normal,51,15,16416,1000,1789342416.353253
normal_01,0,normal,51,16,16460,1001,1789342416.353253
normal_01,0,normal,51,17,16436,994,1789342416.353253
normal_01,0,normal,51,18,16472,999,1789342416.353253
normal_01,0,normal,51,19,16440,999,1789342416.353253
normal_01,0,normal,51,20,16412,1004,1789342416.353253
normal_01,0,normal,51,21,16484,994,1789342416.353253
normal_01,0,normal,51,22,16440,999,1789342416.353253
normal_01,0,normal,51,23,16440,999,1789342416.353253
normal_01,0,normal,51,24,16400,1003,1789342416.353253
normal_01,0,normal,51,25,16420,995,1789342416.353253
normal_01,0,normal,51,26,16472,999,1789342416.353253
normal_01,0,normal,51,27,16472,1001,1789342416.353253
normal_01,0,normal,51,28,16464,997,1789342416.353253
normal_01,0,normal,51,29,16416,997,1789342416.353253
normal_01,0,normal,51,30,16480,1000,1789342416.353253
normal_01,0,normal,51,31,16452,997,1789342416.353253
normal_01,0,normal,51,32,16468,999,1789342416.353253
normal_01,0,normal,51,33,16364,999,1789342416.353253
normal_01,0,normal,51,34,16444,1000,1789342416.353253
normal_01,0,normal,51,35,16472,996,1789342416.353253
normal_01,0,normal,51,36,16440,1000,1789342416.353253
normal_01,0,normal,51,37,16460,1001,1789342416.353253
normal_01,0,normal,51,38,16436,999,1789342416.353253
normal_01,0,normal,51,39,16440,998,1789342416.353253
normal_01,0,normal,51,40,16456,999,1789342416.353253
normal_01,0,normal,51,41,16416,998,1789342416.353253
normal_01,0,normal,51,42,16472,997,1789342416.353253
normal_01,0,normal,51,43,16432,1000,1789342416.353253
normal_01,0,normal,51,44,16452,1001,1789342416.353253
normal_01,0,normal,51,45,16444,996,1789342416.353253
normal_01,0,normal,51,46,16488,1001,1789342416.353253
normal_01,0,normal,51,47,16400,996,1789342416.353253
normal_01,0,normal,51,48,16480,999,1789342416.353253
normal_01,0,normal,51,49,16464,1001,1789342416.353253
normal_01,0,normal,51,50,16504,1003,1789342416.353253
normal_01,0,normal,51,51,16440,993,1789342416.353253
normal_01,0,normal,51,52,16436,1003,1789342416.353253
normal_01,0,normal,51,53,16444,995,1789342416.353253
normal_01,0,normal,51,54,16436,1001,1789342416.353253
normal_01,0,normal,51,55,16452,1000,1789342416.353253
normal_01,0,normal,51,56,16428,996,1789342416.353253
normal_01,0,normal,51,57,16468,1000,1789342416.353253
normal_01,0,normal,51,58,16484,1001,1789342416.353253
normal_01,0,normal,51,59,16492,998,1789342416.353253
normal_01,0,normal,51,60,16460,1000,1789342416.353253
normal_01,0,normal,51,61,16452,997,1789342416.353253
normal_01,0,normal,51,62,16476,1001,1789342416.353253
normal_01,0,normal,51,63,16416,994,1789342416.353253
normal_01,0,normal,52,0,16484,0,1789342416.736953
normal_01,0,normal,52,1,16412,1000,1789342416.736953
normal_01,0,normal,52,2,16496,1002,1789342416.736953
normal_01,0,normal,52,3,16476,996,1789342416.736953
normal_01,0,normal,52,4,16456,999,1789342416.736953
normal_01,0,normal,52,5,16440,998,1789342416.736953
normal_01,0,normal,52,6,16460,1002,1789342416.736953
normal_01,0,normal,52,7,16428,998,1789342416.736953
normal_01,0,normal,52,8,16432,996,1789342416.736953
normal_01,0,normal,52,9,16496,998,1789342416.736953
normal_01,0,normal,52,10,16428,1003,1789342416.736953
normal_01,0,normal,52,11,16452,997,1789342416.736953
normal_01,0,normal,52,12,16448,1000,1789342416.736953
normal_01,0,normal,52,13,16388,999,1789342416.736953
normal_01,0,normal,52,14,16508,999,1789342416.736953
normal_01,0,normal,52,15,16472,1000,1789342416.736953
normal_01,0,normal,52,16,16392,998,1789342416.736953
normal_01,0,normal,52,17,16444,1000,1789342416.736953
normal_01,0,normal,52,18,16500,996,1789342416.736953
normal_01,0,normal,52,19,16464,997,1789342416.736953
normal_01,0,normal,52,20,16476,1002,1789342416.736953
normal_01,0,normal,52,21,16456,997,1789342416.736953
normal_01,0,normal,52,22,16452,1003,1789342416.736953
normal_01,0,normal,52,23,16404,998,1789342416.736953
normal_01,0,normal,52,24,16460,998,1789342416.736953
normal_01,0,normal,52,25,16456,999,1789342416.736953
normal_01,0,normal,52,26,16436,999,1789342416.736953
normal_01,0,normal,52,27,16456,1000,1789342416.736953
normal_01,0,normal,52,28,16432,995,1789342416.736953
normal_01,0,normal,52,29,16484,998,1789342416.736953
normal_01,0,normal,52,30,16508,1003,1789342416.736953
normal_01,0,normal,52,31,16452,999,1789342416.736953
normal_01,0,normal,52,32,16472,996,1789342416.736953
normal_01,0,normal,52,33,16556,1000,1789342416.736953
normal_01,0,normal,52,34,16424,998,1789342416.736953
normal_01,0,normal,52,35,16508,1000,1789342416.736953
normal_01,0,normal,52,36,16436,999,1789342416.736953
normal_01,0,normal,52,37,16436,997,1789342416.736953
normal_01,0,normal,52,38,16444,1004,1789342416.736953
normal_01,0,normal,52,39,16452,996,1789342416.736953
normal_01,0,normal,52,40,16460,997,1789342416.736953
normal_01,0,normal,52,41,16464,999,1789342416.736953
normal_01,0,normal,52,42,16488,1003,1789342416.736953
normal_01,0,normal,52,43,16428,997,1789342416.736953
normal_01,0,normal,52,44,16568,996,1789342416.736953
normal_01,0,normal,52,45,16480,1000,1789342416.736953
normal_01,0,normal,52,46,16488,1002,1789342416.736953
normal_01,0,normal,52,47,16468,996,1789342416.736953
normal_01,0,normal,52,48,16468,999,1789342416.736953
normal_01,0,normal,52,49,16440,999,1789342416.736953
normal_01,0,normal,52,50,16420,1001,1789342416.736953
normal_01,0,normal,52,51,16428,996,1789342416.736953
normal_01,0,normal,52,52,16512,1002,1789342416.736953
normal_01,0,normal,52,53,16444,997,1789342416.736953
normal_01,0,normal,52,54,16492,1000,1789342416.736953
normal_01,0,normal,52,55,16476,998,1789342416.736953
normal_01,0,normal,52,56,16496,1001,1789342416.736953
normal_01,0,normal,52,57,16488,993,1789342416.736953
normal_01,0,normal,52,58,16468,1000,1789342416.736953
normal_01,0,normal,52,59,16464,1003,1789342416.736953
normal_01,0,normal,52,60,16432,999,1789342416.736953
normal_01,0,normal,52,61,16416,995,1789342416.736953
normal_01,0,normal,52,62,16480,1001,1789342416.736953
normal_01,0,normal,52,63,16420,1000,1789342416.736953
normal_01,0,normal,53,0,16496,0,1789342417.121257
normal_01,0,normal,53,1,16456,998,1789342417.121257
normal_01,0,normal,53,2,16492,997,1789342417.121257
normal_01,0,normal,53,3,16408,1001,1789342417.121257
normal_01,0,normal,53,4,16460,997,1789342417.121257
normal_01,0,normal,53,5,16436,999,1789342417.121257
normal_01,0,normal,53,6,16424,999,1789342417.121257
normal_01,0,normal,53,7,16404,999,1789342417.121257
normal_01,0,normal,53,8,16504,1000,1789342417.121257
normal_01,0,normal,53,9,16460,998,1789342417.121257
normal_01,0,normal,53,10,16448,998,1789342417.121257
normal_01,0,normal,53,11,16388,997,1789342417.121257
normal_01,0,normal,53,12,16396,1002,1789342417.121257
normal_01,0,normal,53,13,16384,999,1789342417.121257
normal_01,0,normal,53,14,16444,998,1789342417.121257
normal_01,0,normal,53,15,16456,1001,1789342417.121257
normal_01,0,normal,53,16,16428,997,1789342417.121257
normal_01,0,normal,53,17,16468,997,1789342417.121257
normal_01,0,normal,53,18,16440,1000,1789342417.121257
normal_01,0,normal,53,19,16432,999,1789342417.121257
normal_01,0,normal,53,20,16416,998,1789342417.121257
normal_01,0,normal,53,21,16472,997,1789342417.121257
normal_01,0,normal,53,22,16420,1003,1789342417.121257
normal_01,0,normal,53,23,16420,998,1789342417.121257
normal_01,0,normal,53,24,16424,997,1789342417.121257
normal_01,0,normal,53,25,16484,1002,1789342417.121257
normal_01,0,normal,53,26,16472,998,1789342417.121257
normal_01,0,normal,53,27,16404,999,1789342417.121257
normal_01,0,normal,53,28,16448,997,1789342417.121257
normal_01,0,normal,53,29,16444,1001,1789342417.121257
normal_01,0,normal,53,30,16428,996,1789342417.121257
normal_01,0,normal,53,31,16432,997,1789342417.121257
normal_01,0,normal,53,32,16504,999,1789342417.121257
normal_01,0,normal,53,33,16432,1004,1789342417.121257
normal_01,0,normal,53,34,16416,998,1789342417.121257
normal_01,0,normal,53,35,16468,996,1789342417.121257
normal_01,0,normal,53,36,16440,1001,1789342417.121257
normal_01,0,normal,53,37,16472,996,1789342417.121257
normal_01,0,normal,53,38,16472,1002,1789342417.121257
normal_01,0,normal,53,39,16396,996,1789342417.121257
normal_01,0,normal,53,40,16468,998,1789342417.121257
normal_01,0,normal,53,41,16428,1000,1789342417.121257
normal_01,0,normal,53,42,16404,1001,1789342417.121257
normal_01,0,normal,53,43,16472,999,1789342417.121257
normal_01,0,normal,53,44,16388,996,1789342417.121257
normal_01,0,normal,53,45,16436,999,1789342417.121257
normal_01,0,normal,53,46,16400,999,1789342417.121257
normal_01,0,normal,53,47,16400,1003,1789342417.121257
normal_01,0,normal,53,48,16424,998,1789342417.121257
normal_01,0,normal,53,49,16436,997,1789342417.121257
normal_01,0,normal,53,50,16512,996,1789342417.121257
normal_01,0,normal,53,51,16432,1003,1789342417.121257
normal_01,0,normal,53,52,16460,999,1789342417.121257
normal_01,0,normal,53,53,16452,1000,1789342417.121257
normal_01,0,normal,53,54,16476,997,1789342417.121257
normal_01,0,normal,53,55,16444,998,1789342417.121257
normal_01,0,normal,53,56,16436,999,1789342417.121257
normal_01,0,normal,53,57,16484,1001,1789342417.121257
normal_01,0,normal,53,58,16432,994,1789342417.121257
normal_01,0,normal,53,59,16452,999,1789342417.121257
normal_01,0,normal,53,60,16396,999,1789342417.121257
normal_01,0,normal,53,61,16468,999,1789342417.121257
normal_01,0,normal,53,62,16432,1002,1789342417.121257
normal_01,0,normal,53,63,16488,999,1789342417.121257
normal_01,0,normal,54,0,16444,0,1789342417.505135
normal_01,0,normal,54,1,16496,1000,1789342417.505135
normal_01,0,normal,54,2,16444,999,1789342417.505135
normal_01,0,normal,54,3,16432,996,1789342417.505135
normal_01,0,normal,54,4,16464,1003,1789342417.505135
normal_01,0,normal,54,5,16520,999,1789342417.505135
normal_01,0,normal,54,6,16472,998,1789342417.505135
normal_01,0,normal,54,7,16472,997,1789342417.505135
normal_01,0,normal,54,8,16492,1000,1789342417.505135
normal_01,0,normal,54,9,16500,996,1789342417.505135
normal_01,0,normal,54,10,16460,1003,1789342417.505135
normal_01,0,normal,54,11,16448,997,1789342417.505135
normal_01,0,normal,54,12,16476,1000,1789342417.505135
normal_01,0,normal,54,13,16388,1000,1789342417.505135
normal_01,0,normal,54,14,16440,995,1789342417.505135
normal_01,0,normal,54,15,16404,998,1789342417.505135
normal_01,0,normal,54,16,16484,1003,1789342417.505135
normal_01,0,normal,54,17,16408,997,1789342417.505135
normal_01,0,normal,54,18,16484,998,1789342417.505135
normal_01,0,normal,54,19,16472,998,1789342417.505135
normal_01,0,normal,54,20,16456,998,1789342417.505135
normal_01,0,normal,54,21,16464,1000,1789342417.505135
normal_01,0,normal,54,22,16452,1000,1789342417.505135
normal_01,0,normal,54,23,16436,1000,1789342417.505135
normal_01,0,normal,54,24,16428,997,1789342417.505135
normal_01,0,normal,54,25,16408,998,1789342417.505135
normal_01,0,normal,54,26,16392,1000,1789342417.505135
normal_01,0,normal,54,27,16464,996,1789342417.505135
normal_01,0,normal,54,28,16456,1001,1789342417.505135
normal_01,0,normal,54,29,16500,1001,1789342417.505135
normal_01,0,normal,54,30,16468,994,1789342417.505135
normal_01,0,normal,54,31,16504,1002,1789342417.505135
normal_01,0,normal,54,32,16504,998,1789342417.505135
normal_01,0,normal,54,33,16440,997,1789342417.505135
normal_01,0,normal,54,34,16392,1003,1789342417.505135
normal_01,0,normal,54,35,16468,996,1789342417.505135
normal_01,0,normal,54,36,16432,998,1789342417.505135
normal_01,0,normal,54,37,16456,998,1789342417.505135
normal_01,0,normal,54,38,16496,1001,1789342417.505135
normal_01,0,normal,54,39,16548,999,1789342417.505135
normal_01,0,normal,54,40,16420,1001,1789342417.505135
normal_01,0,normal,54,41,16444,999,1789342417.505135
normal_01,0,normal,54,42,16520,998,1789342417.505135
normal_01,0,normal,54,43,16500,997,1789342417.505135
normal_01,0,normal,54,44,16476,997,1789342417.505135
normal_01,0,normal,54,45,16440,1001,1789342417.505135
normal_01,0,normal,54,46,16456,998,1789342417.505135
normal_01,0,normal,54,47,16432,1000,1789342417.505135
normal_01,0,normal,54,48,16428,1000,1789342417.505135
normal_01,0,normal,54,49,16436,997,1789342417.505135
normal_01,0,normal,54,50,16416,997,1789342417.505135
normal_01,0,normal,54,51,16456,998,1789342417.505135
normal_01,0,normal,54,52,16412,1002,1789342417.505135
normal_01,0,normal,54,53,16472,1000,1789342417.505135
normal_01,0,normal,54,54,16464,994,1789342417.505135
normal_01,0,normal,54,55,16436,1000,1789342417.505135
normal_01,0,normal,54,56,16440,999,1789342417.505135
normal_01,0,normal,54,57,16480,1003,1789342417.505135
normal_01,0,normal,54,58,16404,993,1789342417.505135
normal_01,0,normal,54,59,16432,1003,1789342417.505135
normal_01,0,normal,54,60,16384,999,1789342417.505135
normal_01,0,normal,54,61,16456,997,1789342417.505135
normal_01,0,normal,54,62,16452,1002,1789342417.505135
normal_01,0,normal,54,63,16400,997,1789342417.505135
normal_01,0,normal,55,0,16464,0,1789342417.888888
normal_01,0,normal,55,1,16520,997,1789342417.888888
normal_01,0,normal,55,2,16416,1000,1789342417.888888
normal_01,0,normal,55,3,16480,1001,1789342417.888888
normal_01,0,normal,55,4,16456,997,1789342417.888888
normal_01,0,normal,55,5,16480,998,1789342417.888888
normal_01,0,normal,55,6,16444,997,1789342417.888888
normal_01,0,normal,55,7,16436,1000,1789342417.888888
normal_01,0,normal,55,8,16468,998,1789342417.888888
normal_01,0,normal,55,9,16384,1004,1789342417.888888
normal_01,0,normal,55,10,16436,999,1789342417.888888
normal_01,0,normal,55,11,16316,994,1789342417.888888
normal_01,0,normal,55,12,16432,1001,1789342417.888888
normal_01,0,normal,55,13,16452,1001,1789342417.888888
normal_01,0,normal,55,14,16440,997,1789342417.888888
normal_01,0,normal,55,15,16448,999,1789342417.888888
normal_01,0,normal,55,16,16488,999,1789342417.888888
normal_01,0,normal,55,17,16432,999,1789342417.888888
normal_01,0,normal,55,18,16460,1000,1789342417.888888
normal_01,0,normal,55,19,16428,995,1789342417.888888
normal_01,0,normal,55,20,16536,1004,1789342417.888888
normal_01,0,normal,55,21,16424,997,1789342417.888888
normal_01,0,normal,55,22,16460,995,1789342417.888888
normal_01,0,normal,55,23,16476,1004,1789342417.888888
normal_01,0,normal,55,24,16460,999,1789342417.888888
normal_01,0,normal,55,25,16444,994,1789342417.888888
normal_01,0,normal,55,26,16460,1003,1789342417.888888
normal_01,0,normal,55,27,16452,999,1789342417.888888
normal_01,0,normal,55,28,16372,995,1789342417.888888
normal_01,0,normal,55,29,16388,1000,1789342417.888888
normal_01,0,normal,55,30,16412,998,1789342417.888888
normal_01,0,normal,55,31,16472,1001,1789342417.888888
normal_01,0,normal,55,32,16400,997,1789342417.888888
normal_01,0,normal,55,33,16448,999,1789342417.888888
normal_01,0,normal,55,34,16440,998,1789342417.888888
normal_01,0,normal,55,35,16452,998,1789342417.888888
normal_01,0,normal,55,36,16440,1003,1789342417.888888
normal_01,0,normal,55,37,16444,998,1789342417.888888
normal_01,0,normal,55,38,16452,1001,1789342417.888888
normal_01,0,normal,55,39,16500,994,1789342417.888888
normal_01,0,normal,55,40,16432,1002,1789342417.888888
normal_01,0,normal,55,41,16452,997,1789342417.888888
normal_01,0,normal,55,42,16448,1000,1789342417.888888
normal_01,0,normal,55,43,16412,999,1789342417.888888
normal_01,0,normal,55,44,16524,998,1789342417.888888
normal_01,0,normal,55,45,16496,1000,1789342417.888888
normal_01,0,normal,55,46,16496,997,1789342417.888888
normal_01,0,normal,55,47,16484,1000,1789342417.888888
normal_01,0,normal,55,48,16408,1000,1789342417.888888
normal_01,0,normal,55,49,16432,998,1789342417.888888
normal_01,0,normal,55,50,16524,999,1789342417.888888
normal_01,0,normal,55,51,16472,999,1789342417.888888
normal_01,0,normal,55,52,16476,999,1789342417.888888
normal_01,0,normal,55,53,16460,1001,1789342417.888888
normal_01,0,normal,55,54,16472,999,1789342417.888888
normal_01,0,normal,55,55,16424,995,1789342417.888888
normal_01,0,normal,55,56,16432,999,1789342417.888888
normal_01,0,normal,55,57,16492,1000,1789342417.888888
normal_01,0,normal,55,58,16448,1000,1789342417.888888
normal_01,0,normal,55,59,16480,1000,1789342417.888888
normal_01,0,normal,55,60,16460,999,1789342417.888888
normal_01,0,normal,55,61,16444,995,1789342417.888888
normal_01,0,normal,55,62,16424,998,1789342417.888888
normal_01,0,normal,55,63,16448,1003,1789342417.888888
normal_01,0,normal,56,0,16408,0,1789342418.272821
normal_01,0,normal,56,1,16472,996,1789342418.272821
normal_01,0,normal,56,2,16412,1001,1789342418.272821
normal_01,0,normal,56,3,16476,1002,1789342418.272821
normal_01,0,normal,56,4,16428,995,1789342418.272821
normal_01,0,normal,56,5,16388,1002,1789342418.272821
normal_01,0,normal,56,6,16388,996,1789342418.272821
normal_01,0,normal,56,7,16452,1001,1789342418.272821
normal_01,0,normal,56,8,16444,995,1789342418.272821
normal_01,0,normal,56,9,16412,1004,1789342418.272821
normal_01,0,normal,56,10,16460,996,1789342418.272821
normal_01,0,normal,56,11,16448,1000,1789342418.272821
normal_01,0,normal,56,12,16468,996,1789342418.272821
normal_01,0,normal,56,13,16440,998,1789342418.272821
normal_01,0,normal,56,14,16448,999,1789342418.272821
normal_01,0,normal,56,15,16472,1002,1789342418.272821
normal_01,0,normal,56,16,16492,995,1789342418.272821
normal_01,0,normal,56,17,16404,1000,1789342418.272821
normal_01,0,normal,56,18,16472,997,1789342418.272821
normal_01,0,normal,56,19,16396,1005,1789342418.272821
normal_01,0,normal,56,20,16424,996,1789342418.272821
normal_01,0,normal,56,21,16460,996,1789342418.272821
normal_01,0,normal,56,22,16452,1004,1789342418.272821
normal_01,0,normal,56,23,16464,996,1789342418.272821
normal_01,0,normal,56,24,16464,998,1789342418.272821
normal_01,0,normal,56,25,16464,1000,1789342418.272821
normal_01,0,normal,56,26,16412,997,1789342418.272821
normal_01,0,normal,56,27,16472,1002,1789342418.272821
normal_01,0,normal,56,28,16476,998,1789342418.272821
normal_01,0,normal,56,29,16516,999,1789342418.272821
normal_01,0,normal,56,30,16428,998,1789342418.272821
normal_01,0,normal,56,31,16404,1000,1789342418.272821
normal_01,0,normal,56,32,16424,998,1789342418.272821
normal_01,0,normal,56,33,16464,998,1789342418.272821
normal_01,0,normal,56,34,16448,998,1789342418.272821
normal_01,0,normal,56,35,16432,1003,1789342418.272821
normal_01,0,normal,56,36,16476,1000,1789342418.272821
normal_01,0,normal,56,37,16488,993,1789342418.272821
normal_01,0,normal,56,38,16448,999,1789342418.272821
normal_01,0,normal,56,39,16404,1000,1789342418.272821
normal_01,0,normal,56,40,16432,998,1789342418.272821
normal_01,0,normal,56,41,16528,1002,1789342418.272821
normal_01,0,normal,56,42,16420,1000,1789342418.272821
normal_01,0,normal,56,43,16440,999,1789342418.272821
normal_01,0,normal,56,44,16476,995,1789342418.272821
normal_01,0,normal,56,45,16472,997,1789342418.272821
normal_01,0,normal,56,46,16408,1003,1789342418.272821
normal_01,0,normal,56,47,16472,997,1789342418.272821
normal_01,0,normal,56,48,16452,1000,1789342418.272821
normal_01,0,normal,56,49,16460,998,1789342418.272821
normal_01,0,normal,56,50,16528,996,1789342418.272821
normal_01,0,normal,56,51,16440,999,1789342418.272821
normal_01,0,normal,56,52,16428,1003,1789342418.272821
normal_01,0,normal,56,53,16424,1000,1789342418.272821
normal_01,0,normal,56,54,16440,998,1789342418.272821
normal_01,0,normal,56,55,16428,999,1789342418.272821
normal_01,0,normal,56,56,16448,995,1789342418.272821
normal_01,0,normal,56,57,16496,1002,1789342418.272821
normal_01,0,normal,56,58,16532,996,1789342418.272821
normal_01,0,normal,56,59,16448,1003,1789342418.272821
normal_01,0,normal,56,60,16452,994,1789342418.272821
normal_01,0,normal,56,61,16468,1000,1789342418.272821
normal_01,0,normal,56,62,16444,1001,1789342418.272821
normal_01,0,normal,56,63,16448,997,1789342418.272821
normal_01,0,normal,57,0,16460,0,1789342418.656847
normal_01,0,normal,57,1,16380,998,1789342418.656847
normal_01,0,normal,57,2,16484,999,1789342418.656847
normal_01,0,normal,57,3,16424,999,1789342418.656847
normal_01,0,normal,57,4,16492,996,1789342418.656847
normal_01,0,normal,57,5,16476,997,1789342418.656847
normal_01,0,normal,57,6,16392,1002,1789342418.656847
normal_01,0,normal,57,7,16484,1000,1789342418.656847
normal_01,0,normal,57,8,16452,996,1789342418.656847
normal_01,0,normal,57,9,16436,1000,1789342418.656847
normal_01,0,normal,57,10,16392,996,1789342418.656847
normal_01,0,normal,57,11,16456,1003,1789342418.656847
normal_01,0,normal,57,12,16472,995,1789342418.656847
normal_01,0,normal,57,13,16468,997,1789342418.656847
normal_01,0,normal,57,14,16464,1004,1789342418.656847
normal_01,0,normal,57,15,16488,993,1789342418.656847
normal_01,0,normal,57,16,16444,1001,1789342418.656847
normal_01,0,normal,57,17,16448,999,1789342418.656847
normal_01,0,normal,57,18,16500,996,1789342418.656847
normal_01,0,normal,57,19,16456,1004,1789342418.656847
normal_01,0,normal,57,20,16488,997,1789342418.656847
normal_01,0,normal,57,21,16420,999,1789342418.656847
normal_01,0,normal,57,22,16468,1000,1789342418.656847
normal_01,0,normal,57,23,16524,999,1789342418.656847
normal_01,0,normal,57,24,16460,997,1789342418.656847
normal_01,0,normal,57,25,16432,1000,1789342418.656847
normal_01,0,normal,57,26,16428,1000,1789342418.656847
normal_01,0,normal,57,27,16440,994,1789342418.656847
normal_01,0,normal,57,28,16424,999,1789342418.656847
normal_01,0,normal,57,29,16512,1000,1789342418.656847
normal_01,0,normal,57,30,16436,998,1789342418.656847
normal_01,0,normal,57,31,16544,1000,1789342418.656847
normal_01,0,normal,57,32,16436,1000,1789342418.656847
normal_01,0,normal,57,33,16436,996,1789342418.656847
normal_01,0,normal,57,34,16436,1001,1789342418.656847
normal_01,0,normal,57,35,16408,1001,1789342418.656847
normal_01,0,normal,57,36,16464,997,1789342418.656847
normal_01,0,normal,57,37,16472,996,1789342418.656847
normal_01,0,normal,57,38,16488,1003,1789342418.656847
normal_01,0,normal,57,39,16448,996,1789342418.656847
normal_01,0,normal,57,40,16428,998,1789342418.656847
normal_01,0,normal,57,41,16464,1001,1789342418.656847
normal_01,0,normal,57,42,16404,997,1789342418.656847
normal_01,0,normal,57,43,16508,1002,1789342418.656847
normal_01,0,normal,57,44,16440,996,1789342418.656847
normal_01,0,normal,57,45,16472,1000,1789342418.656847
normal_01,0,normal,57,46,16432,996,1789342418.656847
normal_01,0,normal,57,47,16492,1004,1789342418.656847
normal_01,0,normal,57,48,16424,994,1789342418.656847
normal_01,0,normal,57,49,16532,1000,1789342418.656847
normal_01,0,normal,57,50,16444,1000,1789342418.656847
normal_01,0,normal,57,51,16460,997,1789342418.656847
normal_01,0,normal,57,52,16440,1001,1789342418.656847
normal_01,0,normal,57,53,16468,997,1789342418.656847
normal_01,0,normal,57,54,16436,1001,1789342418.656847
normal_01,0,normal,57,55,16476,999,1789342418.656847
normal_01,0,normal,57,56,16440,999,1789342418.656847
normal_01,0,normal,57,57,16460,1000,1789342418.656847
normal_01,0,normal,57,58,16424,995,1789342418.656847
normal_01,0,normal,57,59,16392,998,1789342418.656847
normal_01,0,normal,57,60,16416,1002,1789342418.656847
normal_01,0,normal,57,61,16476,1000,1789342418.656847
normal_01,0,normal,57,62,16488,997,1789342418.656847
normal_01,0,normal,57,63,16440,999,1789342418.656847
normal_01,0,normal,58,0,16464,0,1789342419.040977
normal_01,0,normal,58,1,16524,996,1789342419.040977
normal_01,0,normal,58,2,16408,998,1789342419.040977
normal_01,0,normal,58,3,16444,999,1789342419.040977
normal_01,0,normal,58,4,16368,1001,1789342419.040977
normal_01,0,normal,58,5,16412,998,1789342419.040977
normal_01,0,normal,58,6,16488,1002,1789342419.040977
normal_01,0,normal,58,7,16436,999,1789342419.040977
normal_01,0,normal,58,8,16424,997,1789342419.040977
normal_01,0,normal,58,9,16416,1000,1789342419.040977
normal_01,0,normal,58,10,16508,998,1789342419.040977
normal_01,0,normal,58,11,16460,997,1789342419.040977
normal_01,0,normal,58,12,16488,998,1789342419.040977
normal_01,0,normal,58,13,16416,1001,1789342419.040977
normal_01,0,normal,58,14,16400,995,1789342419.040977
normal_01,0,normal,58,15,16396,1004,1789342419.040977
normal_01,0,normal,58,16,16492,998,1789342419.040977
normal_01,0,normal,58,17,16436,997,1789342419.040977
normal_01,0,normal,58,18,16448,998,1789342419.040977
normal_01,0,normal,58,19,16432,1000,1789342419.040977
normal_01,0,normal,58,20,16400,999,1789342419.040977
normal_01,0,normal,58,21,16424,999,1789342419.040977
normal_01,0,normal,58,22,16452,1002,1789342419.040977
normal_01,0,normal,58,23,16468,994,1789342419.040977
normal_01,0,normal,58,24,16428,1003,1789342419.040977
normal_01,0,normal,58,25,16400,999,1789342419.040977
normal_01,0,normal,58,26,16468,998,1789342419.040977
normal_01,0,normal,58,27,16464,1000,1789342419.040977
normal_01,0,normal,58,28,16440,996,1789342419.040977
normal_01,0,normal,58,29,16456,1002,1789342419.040977
normal_01,0,normal,58,30,16456,995,1789342419.040977
normal_01,0,normal,58,31,16372,1003,1789342419.040977
normal_01,0,normal,58,32,16376,996,1789342419.040977
normal_01,0,normal,58,33,16440,997,1789342419.040977
normal_01,0,normal,58,34,16400,999,1789342419.040977
normal_01,0,normal,58,35,16412,1003,1789342419.040977
normal_01,0,normal,58,36,16408,996,1789342419.040977
normal_01,0,normal,58,37,16420,998,1789342419.040977
normal_01,0,normal,58,38,16464,1002,1789342419.040977
normal_01,0,normal,58,39,16456,995,1789342419.040977
normal_01,0,normal,58,40,16472,1003,1789342419.040977
normal_01,0,normal,58,41,16496,997,1789342419.040977
normal_01,0,normal,58,42,16456,1000,1789342419.040977
normal_01,0,normal,58,43,16444,999,1789342419.040977
normal_01,0,normal,58,44,16396,998,1789342419.040977
normal_01,0,normal,58,45,16508,1000,1789342419.040977
normal_01,0,normal,58,46,16492,994,1789342419.040977
normal_01,0,normal,58,47,16444,1000,1789342419.040977
normal_01,0,normal,58,48,16404,1001,1789342419.040977
normal_01,0,normal,58,49,16420,998,1789342419.040977
normal_01,0,normal,58,50,16492,996,1789342419.040977
normal_01,0,normal,58,51,16416,1002,1789342419.040977
normal_01,0,normal,58,52,16380,1000,1789342419.040977
normal_01,0,normal,58,53,16400,994,1789342419.040977
normal_01,0,normal,58,54,16476,1001,1789342419.040977
normal_01,0,normal,58,55,16444,998,1789342419.040977
normal_01,0,normal,58,56,16472,999,1789342419.040977
normal_01,0,normal,58,57,16440,999,1789342419.040977
normal_01,0,normal,58,58,16460,1000,1789342419.040977
normal_01,0,normal,58,59,16360,1000,1789342419.040977
normal_01,0,normal,58,60,16404,999,1789342419.040977
normal_01,0,normal,58,61,16436,997,1789342419.040977
normal_01,0,normal,58,62,16472,1001,1789342419.040977
normal_01,0,normal,58,63,16400,999,1789342419.040977
normal_01,0,normal,59,0,16440,0,1789342419.425358
normal_01,0,normal,59,1,16424,1001,1789342419.425358
normal_01,0,normal,59,2,16444,1001,1789342419.425358
normal_01,0,normal,59,3,16424,995,1789342419.425358
normal_01,0,normal,59,4,16464,999,1789342419.425358
normal_01,0,normal,59,5,16408,999,1789342419.425358
normal_01,0,normal,59,6,16452,1000,1789342419.425358
normal_01,0,normal,59,7,16460,1000,1789342419.425358
normal_01,0,normal,59,8,16464,999,1789342419.425358
normal_01,0,normal,59,9,16404,997,1789342419.425358
normal_01,0,normal,59,10,16428,1003,1789342419.425358
normal_01,0,normal,59,11,16424,999,1789342419.425358
normal_01,0,normal,59,12,16436,994,1789342419.425358
normal_01,0,normal,59,13,16420,1002,1789342419.425358
normal_01,0,normal,59,14,16452,995,1789342419.425358
normal_01,0,normal,59,15,16444,1000,1789342419.425358
normal_01,0,normal,59,16,16440,1000,1789342419.425358
normal_01,0,normal,59,17,16436,1000,1789342419.425358
normal_01,0,normal,59,18,16468,997,1789342419.425358
normal_01,0,normal,59,19,16436,998,1789342419.425358
normal_01,0,normal,59,20,16424,1000,1789342419.425358
normal_01,0,normal,59,21,16428,1000,1789342419.425358
normal_01,0,normal,59,22,16472,998,1789342419.425358
normal_01,0,normal,59,23,16520,998,1789342419.425358
normal_01,0,normal,59,24,16508,1001,1789342419.425358
normal_01,0,normal,59,25,16472,999,1789342419.425358
normal_01,0,normal,59,26,16504,999,1789342419.425358
normal_01,0,normal,59,27,16428,998,1789342419.425358
normal_01,0,normal,59,28,16420,1000,1789342419.425358
normal_01,0,normal,59,29,16532,1000,1789342419.425358
normal_01,0,normal,59,30,16452,997,1789342419.425358
normal_01,0,normal,59,31,16352,1001,1789342419.425358
normal_01,0,normal,59,32,16452,995,1789342419.425358
normal_01,0,normal,59,33,16408,999,1789342419.425358
normal_01,0,normal,59,34,16520,1002,1789342419.425358
normal_01,0,normal,59,35,16464,997,1789342419.425358
normal_01,0,normal,59,36,16428,996,1789342419.425358
normal_01,0,normal,59,37,16432,1001,1789342419.425358
normal_01,0,normal,59,38,16452,1001,1789342419.425358
normal_01,0,normal,59,39,16428,996,1789342419.425358
normal_01,0,normal,59,40,16416,999,1789342419.425358
normal_01,0,normal,59,41,16444,1000,1789342419.425358
normal_01,0,normal,59,42,16380,997,1789342419.425358
normal_01,0,normal,59,43,16420,1001,1789342419.425358
normal_01,0,normal,59,44,16436,998,1789342419.425358
normal_01,0,normal,59,45,16436,1001,1789342419.425358
normal_01,0,normal,59,46,16332,1000,1789342419.425358
normal_01,0,normal,59,47,16436,998,1789342419.425358
normal_01,0,normal,59,48,16392,998,1789342419.425358
normal_01,0,normal,59,49,16396,998,1789342419.425358
normal_01,0,normal,59,50,16468,999,1789342419.425358
normal_01,0,normal,59,51,16476,1001,1789342419.425358
normal_01,0,normal,59,52,16408,996,1789342419.425358
normal_01,0,normal,59,53,16420,998,1789342419.425358
normal_01,0,normal,59,54,16480,999,1789342419.425358
normal_01,0,normal,59,55,16420,1001,1789342419.425358
normal_01,0,normal,59,56,16508,999,1789342419.425358
normal_01,0,normal,59,57,16420,996,1789342419.425358
normal_01,0,normal,59,58,16496,1002,1789342419.425358
normal_01,0,normal,59,59,16456,999,1789342419.425358
normal_01,0,normal,59,60,16424,996,1789342419.425358
normal_01,0,normal,59,61,16476,1002,1789342419.425358
normal_01,0,normal,59,62,16456,998,1789342419.425358
normal_01,0,normal,59,63,16444,1000,1789342419.425358
