-1281,-457,417,1471,2232,2806,3008,2733,2203,1326,280,-665,-1346,-1678,-1628,-1225,-433,421,1396,2304,2831,2921,2733,2192,1324,358,-609,-1304,-1697,-1675,-1150,-477,510,1450,2190,2777,3060,2784,2129,1208,314,-616,-1250,-1668,-1595,-1212,-498,505,1370,2257,2824,3002,2736,2241,1378,372,-580,-1404,-1681,-1604,-1236,-509,515,1420
-2613,-2700,-491,1490,914,-1229,-1234,968,3513,4484,3600,2479,768,-1352,-2743,-2214,-40,1360,436,-1364,-1155,1541,4098,4749,3540,1870,442,-1742,-3066,-1979,491,1511,141,-1181,-842,2085,4215,4452,3497,1827,-34,-2063,-2933,-1616,582,1382,-166,-1244,-412,2374,4451,4198,3179,1844,-191,-2412,-3039,-1234,743,1220,-256,-1360,-44,2947
1248,797,125,-670,-1327,-1688,-1934,-1707,-1213,-571,125,870,1286,1584,1338,937,313,-455,-1045,-1640,-1904,-1782,-1440,-804,-73,535,1184,1461,1520,1107,476,-268,-954,-1561,-1875,-1889,-1591,-1022,-331,438,1019,1417,1467,1217,714,0,-768,-1296,-1799,-1856,-1723,-1215,-433,219,919,1361,1522,1362,860,172,-496,-1239,-1702,-1876
2342,2779,2115,1305,1752,1707,-340,-1091,1386,4264,4502,2751,2271,2754,2406,1510,1462,1845,424,-840,296,3565,4861,3427,2106,2750,2641,1828,1511,1941,895,-814,-246,2667,4615,3756,2420,2644,2668,1623,1475,1865,1409,-337,-795,1486,4630,4307,2922,2116,2775,2138,1240,1615,1682,97,-951,817,4041,4638,3172,2397,2802,2444
3052,2938,2662,2329,1826,1286,925,487,335,295,438,778,1213,1725,2162,2625,2826,2980,2968,2786,2367,1915,1457,1036,593,353,274,435,720,1075,1570,2006,2396,2822,2960,2978,2854,2532,2079,1611,1091,738,416,347,367,652,941,1414,1944,2393,2698,2995,3034,2880,2576,2162,1729,1225,834,484,259,302,523,875
-2504,-3412,-2498,-1516,-487,50,444,764,507,-260,-1682,-3929,-4599,-4280,-2880,-1544,-1499,-2152,-3265,-2981,-2212,-934,-414,244,848,512,24,-1286,-3393,-4643,-4730,-3207,-2036,-1742,-2061,-2998,-3252,-2117,-1188,-304,403,281,425,483,-624,-2635,-4464,-4866,-4172,-2229,-1339,-1905,-2640,-3401,-2823,-1562,-729,288,198,349,685,10,-2035,-3467
-1279,-2097,-2962,-3634,-3969,-3946,-3507,-2862,-2073,-1148,-401,150,360,185,-361,-1073,-1927,-2888,-3514,-3917,-3990,-3626,-3049,-2203,-1375,-507,100,349,170,-117,-820,-1789,-2624,-3370,-3812,-3992,-3778,-3213,-2427,-1484,-703,-46,361,297,-63,-702,-1562,-2450,-3259,-3818,-4071,-3843,-3365,-2543,-1764,-835,-141,281,344,31,-527,-1419,-2222,-3088
-3077,-2866,-2883,-2155,-2725,-4142,-5567,-5969,-3513,253,2483,2732,1299,-613,-2019,-2495,-3064,-3212,-2717,-2249,-2031,-3463,-5469,-6088,-4396,-460,1778,2912,1966,-751,-1775,-2997,-2658,-2801,-3268,-2629,-1862,-2875,-4579,-5354,-4478,-2127,1829,2446,2006,-201,-1406,-2122,-2936,-3071,-2851,-2171,-2229,-2935,-4118,-5391,-6005,-3258,1,2984,2253,804,-1144,-2266
-236,-439,-460,-486,-340,-94,182,397,695,911,977,873,716,497,253,-8,-300,-407,-528,-400,-269,-48,189,465,705,876,876,863,700,419,198,-44,-314,-416,-529,-439,-237,30,298,545,738,914,932,833,624,395,200,-144,-329,-546,-399,-346,-263,74,320,627,763,872,886,822,627,285,111,-203
1171,540,287,-338,-12,1011,55,-1395,-2029,-59,2321,2892,1969,1389,1151,548,-457,-588,510,801,-548,-1650,-1259,1119,2976,2853,1681,1092,886,41,-811,-202,736,135,-1543,-1926,-209,2512,2969,1942,1543,1332,516,-349,-453,576,949,-511,-1937,-1227,1194,2917,2602,1455,1298,801,153,-634,55,804,228,-1445,-2110,10
-2641,-2809,-2414,-1626,-722,130,833,1046,726,-43,-913,-1800,-2535,-2769,-2496,-1911,-990,14,753,1051,931,267,-669,-1555,-2356,-2800,-2627,-2096,-1287,-270,573,1030,1004,476,-365,-1328,-2145,-2681,-2680,-2204,-1480,-467,382,981,1044,640,-67,-1126,-1973,-2604,-2782,-2418,-1701,-796,173,787,1029,741,108,-872,-1768,-2366,-2715,-2606
-149,1352,3457,5063,4173,976,-2900,-4364,-2520,-376,808,35,-791,-1109,-593,76,1872,3997,4987,3640,-571,-3924,-4074,-1859,505,460,-239,-630,-918,-279,434,2248,4598,5025,2239,-1812,-4446,-3592,-980,477,332,-545,-966,-858,-285,841,3340,5040,4485,1077,-2963,-4663,-2822,-271,750,-162,-876,-990,-501,293,1603,3800,5211,3205
2945,3627,3809,3439,2525,1392,113,-895,-1352,-1127,-432,564,1861,2952,3596,3827,3458,2501,1298,94,-745,-1262,-1099,-445,654,1812,2978,3693,3886,3406,2486,1309,81,-786,-1320,-1071,-515,646,1901,2943,3706,3903,3423,2448,1231,104,-887,-1283,-1183,-451,760,1921,3000,3648,3796,3363,2466,1282,57,-928,-1253,-1145,-460,672
3102,1663,-111,-1135,-378,1213,2052,1159,-1535,-3462,-4249,-2977,-736,1766,2879,3312,3295,2159,232,-952,-893,899,1971,1526,-805,-3190,-4466,-3560,-1243,930,2560,3526,3278,2564,795,-773,-1036,275,1757,1684,-83,-2458,-4186,-3831,-2204,405,1922,3026,3653,2624,1193,-616,-1569,-493,1360,1922,700,-1675,-3839,-4350,-2597,-509,1698,2893
-1133,-878,-374,216,848,1315,1615,1608,1254,692,54,-495,-950,-1137,-1083,-594,-71,594,1145,1427,1550,1382,945,421,-274,-833,-1104,-1091,-801,-333,288,915,1386,1601,1530,1192,653,77,-590,-961,-1146,-998,-580,-8,616,1227,1525,1629,1349,904,292,-351,-796,-1119,-1093,-752,-281,331,967,1375,1583,1511,1163,601
156,2152,2617,1925,1100,75,-1072,-415,690,509,-1011,-3315,-3242,-648,2090,2509,2452,1243,503,-963,-904,163,588,-469,-2790,-3445,-1336,1551,2480,2429,1293,832,-745,-941,-372,586,151,-1812,-3342,-2348,840,2456,2357,1753,614,-488,-995,-532,879,562,-1590,-3633,-2659,54,2088,2512,1908,1304,289,-1056,-833,371,1033,-703
-1217,-1165,-695,-42,821,1622,1990,2201,1982,1382,553,-201,-818,-1223,-1154,-792,-79,624,1401,2026,2081,1997,1529,819,-13,-702,-1133,-1179,-862,-248,470,1265,1876,2134,2048,1633,885,118,-559,-1029,-1208,-924,-398,362,1132,1784,2059,2171,1735,1073,239,-427,-1018,-1229,-1060,-535,172,982,1683,2018,2134,1863,1204,446
1429,869,378,650,1399,2379,3033,2536,1763,1397,1081,825,336,109,513,986,1526,1449,921,545,193,1373,2310,2710,2580,1920,1564,962,774,703,596,268,932,1422,1528,1182,500,464,862,1997,2863,2737,2264,1634,1232,1002,580,131,180,681,1033,1506,1400,648,434,915,1755,2669,2799,2324,1402,987,875,862
708,283,-85,-310,-385,-453,-232,-51,242,718,1017,1318,1453,1494,1374,1150,898,449,138,-158,-329,-484,-390,-188,62,474,781,1102,1336,1559,1493,1297,1021,700,309,61,-276,-366,-386,-389,-104,227,563,943,1230,1450,1451,1363,1241,975,596,235,-125,-331,-389,-416,-238,30,387,717,1064,1298,1506,1559
2120,-276,-2600,-3378,-2470,-132,898,982,-159,-256,500,1454,2221,2735,2752,2720,649,-1335,-3317,-2979,-918,711,1531,734,289,350,1018,2094,2256,3046,3052,1976,-489,-2669,-3306,-2292,-172,1491,661,-203,-123,439,1460,2533,2698,3279,2771,628,-1743,-3334,-2972,-1109,1026,893,140,-243,524,1175,1825,2422,3372,2906,2029,-901
2431,2661,2570,2233,1840,1379,945,730,746,976,1395,1922,2336,2661,2710,2469,2082,1586,1125,802,616,824,1157,1634,2227,2548,2663,2565,2264,1778,1353,900,732,722,974,1506,1962,2439,2650,2644,2422,1984,1494,1075,747,711,878,1242,1765,2274,2541,2699,2583,2182,1689,1191,767,644,749,1067,1596,2088,2422,2710
-404,-2179,-2148,-1238,-623,-437,-1211,-1745,-1667,-2770,-4120,-4187,-3503,-1520,384,760,-591,-1507,-1831,-1257,-654,-714,-1116,-1430,-1570,-2791,-3555,-4469,-3611,-1685,402,778,-565,-1634,-2378,-1715,-654,-534,-670,-1077,-1907,-2519,-3434,-4644,-3830,-2245,-115,1192,102,-1327,-1994,-1381,-845,-737,-521,-1428,-1790,-1853,-3191,-3974,-3951,-1991,-438,1202
-1209,-796,-291,239,701,1036,1089,879,524,85,-526,-974,-1285,-1343,-1071,-646,-189,336,734,1026,1049,823,440,-72,-633,-1007,-1275,-1257,-1041,-634,-91,538,875,1087,987,700,361,-249,-732,-1052,-1297,-1252,-1028,-518,-25,542,790,1066,971,619,214,-318,-790,-1123,-1341,-1196,-864,-445,100,618,915,1063,929,594
1222,-1280,-6744,-8129,-4122,-49,408,21,-101,-463,-1674,-1455,1200,181,-4504,-8029,-6261,-1140,347,33,-189,-53,-1073,-1198,491,1364,-2162,-7024,-7738,-3855,-122,-2,-137,47,-503,-1869,-744,797,-385,-4867,-8121,-5551,-844,-190,-78,-80,-255,-958,-1812,469,796,-2416,-7511,-7827,-3141,403,39,-541,231,-502,-1803,-859,778,-434
-1624,-2240,-2600,-2680,-2560,-2022,-1411,-670,71,842,1328,1572,1581,1292,684,84,-746,-1535,-2134,-2556,-2708,-2579,-2173,-1594,-891,-84,619,1144,1571,1603,1364,850,271,-516,-1278,-1932,-2504,-2617,-2677,-2324,-1781,-1062,-341,407,1094,1420,1602,1477,1057,420,-257,-1074,-1743,-2284,-2592,-2694,-2405,-2000,-1256,-478,281,964,1372,1635
-4039,-2409,446,1771,1724,940,-379,-1390,-2773,-2643,-1524,-1761,-1946,-4016,-3721,-1482,407,1884,1523,652,-348,-1604,-2699,-2441,-1387,-1055,-2737,-3921,-2924,-874,1362,1765,1167,252,-1003,-2029,-3007,-2004,-1614,-1655,-3246,-3956,-2406,294,1215,1325,749,-210,-1687,-2635,-2441,-1823,-1383,-2134,-3754,-3673,-1481,1044,1638,1373,432,-675,-1722,-2729
3371,2889,2121,1175,135,-631,-1250,-1279,-1094,-510,476,1495,2315,3034,3457,3409,2960,2184,1249,258,-640,-1191,-1368,-1069,-469,438,1465,2397,3095,3454,3440,2980,2171,1274,232,-590,-1107,-1361,-1122,-523,422,1388,2334,3085,3399,3356,2949,2198,1248,242,-595,-1177,-1360,-1106,-471,337,1421,2288,2983,3421,3408,3040,2283,1257
-577,-1723,-2800,-715,2855,5596,4432,983,-1112,-1340,-140,-281,-250,-720,-2457,-2703,-465,3606,5914,3776,281,-1476,-1025,-206,-385,-207,-1044,-2159,-2704,3,4141,5408,3352,-102,-1332,-878,-296,-139,-548,-1266,-2482,-2346,721,4501,5501,3047,-369,-1431,-801,-192,-127,-483,-1529,-2747,-2282,1455,5154,5486,2403,-896,-1362,-591,66,-255
-1546,-1591,-1605,-1438,-1182,-921,-599,-317,-17,47,5,-93,-251,-593,-907,-1193,-1455,-1611,-1663,-1489,-1358,-1092,-792,-359,-181,4,120,31,-132,-399,-733,-1002,-1364,-1518,-1555,-1576,-1414,-1237,-916,-612,-277,-41,55,67,-19,-296,-512,-933,-1183,-1445,-1568,-1581,-1553,-1318,-1061,-734,-455,-206,35,45,9,-155,-361,-725
1078,1290,2166,3036,2636,1784,1113,1805,2734,2463,823,-22,135,706,1466,2090,2666,2632,1987,888,1626,2664,2633,1241,75,-5,851,1147,1776,2417,3043,2022,1202,1280,2473,2704,1482,161,-106,931,1163,1449,2374,2858,2305,1294,1281,2318,3027,2071,511,236,536,1246,1270,1991,2848,2296,1477,1242,1936,2766,2341,880
-1063,-1545,-2003,-2300,-2716,-2910,-2990,-2745,-2538,-2021,-1662,-1211,-899,-645,-600,-744,-1074,-1389,-1925,-2270,-2645,-2958,-2980,-2845,-2497,-2217,-1727,-1220,-878,-691,-607,-709,-963,-1422,-1794,-2281,-2648,-2858,-2987,-2847,-2552,-2191,-1670,-1287,-910,-628,-594,-669,-992,-1364,-1848,-2282,-2638,-2858,-2971,-2860,-2587,-2278,-1809,-1251,-915,-722,-594,-664
-2015,-2757,-2362,-2495,-3082,-2880,-302,3729,4677,2613,-75,-1083,208,1824,1051,-1429,-2355,-2592,-2442,-2780,-2963,-862,2527,4798,3846,529,-1132,-299,1609,1624,-212,-2202,-2529,-2372,-2892,-3430,-2079,1240,4377,4186,1730,-897,-556,1226,1889,319,-1769,-2579,-2462,-2564,-3226,-2635,142,3378,4748,2580,-112,-1131,379,1834,1126,-909,-2450,-2610
-183,-370,-606,-892,-1225,-1489,-1760,-1806,-1713,-1441,-1096,-756,-420,-199,-187,-180,-422,-675,-992,-1400,-1567,-1713,-1772,-1603,-1325,-996,-711,-347,-220,-130,-337,-486,-793,-1212,-1500,-1717,-1710,-1669,-1445,-1101,-793,-513,-335,-137,-234,-369,-591,-1007,-1329,-1553,-1708,-1771,-1625,-1396,-1102,-794,-466,-245,-101,-265,-431,-771,-1041,-1392
2047,2807,3067,2808,1043,67,-197,215,638,804,713,181,-144,499,392,869,1801,2615,3134,3153,1705,563,-271,-234,990,1091,916,423,-209,222,381,972,1255,1813,2686,3561,2549,1051,287,-345,255,1224,899,467,79,122,422,455,984,1501,2644,3079,2858,1760,575,-409,-211,416,1234,833,415,-76,112,416
-2845,-2726,-2316,-1898,-1339,-895,-627,-417,-503,-703,-1081,-1548,-2092,-2478,-2816,-2920,-2902,-2557,-2175,-1615,-1148,-773,-518,-381,-590,-891,-1281,-1778,-2301,-2636,-2868,-2957,-2792,-2454,-1940,-1486,-1011,-624,-482,-481,-654,-996,-1474,-1999,-2505,-2745,-2972,-2903,-2594,-2289,-1891,-1262,-822,-550,-330,-467,-768,-1187,-1645,-2141,-2532,-2885,-2820,-2810
243,47,328,1893,2042,2499,2311,867,126,-608,455,1530,1231,44,-114,902,1312,1564,2212,1660,1349,-43,-92,799,732,860,140,365,978,1331,1457,2249,2312,1503,-27,-116,708,1170,842,183,387,688,1781,2010,2508,2011,1031,41,-713,814,1425,831,330,188,532,1571,1897,2123,2045,1229,-12,-420,678,1378
341,546,470,114,-341,-822,-1263,-1489,-1490,-1279,-887,-401,114,405,435,395,46,-405,-903,-1353,-1486,-1430,-1193,-879,-277,182,444,482,323,-121,-628,-1006,-1405,-1515,-1480,-1076,-606,-149,268,468,463,190,-143,-663,-1147,-1518,-1581,-1398,-972,-534,-13,342,530,384,138,-325,-782,-1263,-1465,-1620,-1273,-877,-359,81
172,1078,924,-120,-1795,-2714,-2692,-2069,-1685,-1523,-1852,-2161,-2181,-2402,-2621,-2681,-2392,-1879,-583,648,1216,697,-737,-2051,-2894,-2544,-1926,-1529,-1628,-2217,-2303,-2399,-2587,-2420,-2725,-2212,-1179,31,1049,922,-277,-1568,-2595,-2860,-2205,-1745,-1533,-1635,-2225,-2181,-2415,-2461,-2736,-2530,-1708,-254,710,1296,597,-864,-2209,-2817,-2493,-2022
-734,-816,-541,104,954,1880,2660,3238,3409,3171,2666,1774,861,56,-549,-878,-712,-212,662,1539,2423,3019,3409,3292,2875,2161,1224,333,-385,-777,-833,-474,287,1189,2100,2799,3315,3445,3080,2443,1594,672,-123,-651,-870,-619,-50,734,1715,2577,3127,3419,3196,2759,1914,973,138,-456,-856,-786,-326,421,1360,2199
-1709,-1755,-1895,-1317,-2267,-3729,-4333,-3165,-1175,988,1417,45,-1401,-1493,-1439,-1217,-1386,-1603,-1596,-2296,-3552,-4538,-2731,-312,1635,1049,-491,-1188,-1279,-1257,-1992,-1735,-1798,-1535,-2821,-4060,-4203,-2435,402,1656,370,-977,-1431,-1580,-1540,-1614,-1940,-1444,-2168,-3034,-4172,-3581,-1478,956,1334,0,-824,-1470,-1442,-1363,-1941,-1396,-1610,-2259
889,457,-211,-1051,-1888,-2601,-3268,-3679,-3845,-3739,-3273,-2636,-1902,-1119,-241,418,890,1108,1004,614,18,-702,-1563,-2371,-3104,-3596,-3878,-3797,-3513,-2935,-2130,-1403,-491,206,721,1104,1097,735,162,-568,-1256,-2186,-2951,-3507,-3797,-3861,-3606,-3056,-2420,-1582,-738,-17,649,954,1057,884,389,-278,-1118,-1962,-2716,-3344,-3699,-3886
-411,356,-761,-2277,-3345,-3638,-2875,-2179,-1075,-100,12,-588,-1301,-1610,-1565,-427,237,-587,-2146,-3412,-3901,-3127,-2320,-1267,-322,-96,-575,-1397,-1616,-1465,-620,-188,-564,-1909,-3398,-3758,-3341,-2277,-1389,-322,-88,-471,-1032,-1144,-1237,-299,-29,-906,-2238,-3231,-3374,-3167,-2314,-995,-575,-82,-640,-808,-1618,-1283,-562,327,-951,-2488
1572,798,428,241,361,750,1390,2098,2667,3139,3267,3105,2624,2024,1319,691,358,267,467,903,1667,2311,2866,3190,3234,2945,2473,1775,1086,589,309,282,634,1206,1856,2516,3082,3268,3163,2784,2121,1481,905,485,246,368,799,1427,2170,2752,3204,3335,3089,2651,1977,1297,643,339,250,488,1056,1605,2395,2928
-1623,-2497,-1192,-122,-1100,-2030,-3018,-4375,-4354,-2013,1350,2352,19,-2415,-2365,-1002,-935,-1480,-1759,-3344,-4765,-3883,-806,2487,2094,-1035,-2462,-1900,-381,-938,-1946,-2680,-3459,-4546,-2439,763,3097,1244,-1691,-2805,-989,-698,-1309,-2412,-3104,-3618,-4125,-2068,1614,2325,-62,-2201,-2361,-766,-732,-1568,-2441,-3389,-4312,-3673,-992,2599,1747,-558
68,827,1626,2481,3042,3465,3492,3198,2567,1839,941,139,-521,-827,-969,-684,-138,689,1474,2344,2964,3427,3505,3270,2819,2045,1105,392,-358,-800,-951,-850,-290,468,1257,2125,2849,3325,3542,3354,2984,2215,1420,555,-162,-749,-978,-887,-461,262,1096,1943,2674,3265,3500,3420,3054,2433,1643,729,-62,-667,-940,-872
-2387,-1876,-127,1310,1383,-735,-1688,-258,822,544,-1278,-2847,-2347,-2154,-900,838,1885,365,-1093,-1198,475,678,-708,-2029,-2634,-2448,-1836,-91,1615,1342,-311,-1520,-418,1054,245,-1552,-2817,-2889,-2365,-941,953,1802,257,-1160,-1009,745,940,-1029,-2536,-2794,-2275,-1554,167,1840,1069,-804,-844,-6,801,-360,-2108,-2743,-2738,-2197
-512,-236,60,299,545,623,638,512,234,-75,-375,-542,-713,-826,-734,-614,-348,-69,259,525,637,611,551,394,157,-206,-526,-673,-793,-801,-623,-419,-170,123,376,557,681,564,455,153,-87,-360,-638,-764,-824,-734,-593,-250,44,333,460,698,660,519,341,-12,-278,-532,-702,-807,-759,-662,-383,-99
-6848,-5146,-1481,731,-969,-3293,-3932,-2213,1481,2644,2346,754,-1635,-3755,-6021,-6788,-4146,-1042,559,-1517,-3668,-3698,-1319,1992,2835,1050,-77,-1763,-3744,-5967,-6913,-3761,-240,725,-1490,-4041,-3507,-276,2163,2929,1526,-71,-2366,-4608,-6737,-6168,-2863,314,25,-2326,-4234,-3002,7,2603,2577,1229,-604,-2722,-5172,-6757,-5655,-2327,572,-167
-1137,-937,-487,304,1024,1728,2144,2173,1729,1029,238,-535,-922,-1126,-720,-104,763,1478,1992,2205,2023,1393,525,-246,-917,-1107,-902,-438,477,1257,1844,2189,2128,1670,933,96,-550,-1074,-1074,-681,-5,787,1643,2120,2244,1948,1378,569,-234,-879,-1081,-995,-363,454,1199,1939,2167,2086,1615,869,53,-673,-1076,-1038
447,1400,2169,1624,406,996,3378,5451,5011,2090,-481,-965,-457,39,866,1700,2136,1169,325,1551,4104,5803,4337,1074,-837,-803,-199,343,1069,1768,1961,735,488,2180,4916,5644,3249,500,-1004,-648,-4,730,1491,2126,1591,732,504,3078,5571,5386,2381,-138,-1257,-404,211,743,1455,2049,1293,417,1204,3845,5390,4743
-2645,-1995,-1262,-523,47,248,-34,-623,-1379,-2100,-2742,-2892,-2682,-2154,-1371,-632,-53,203,64,-503,-1228,-2031,-2576,-2935,-2726,-2273,-1538,-687,-121,214,159,-371,-1101,-1879,-2544,-2883,-2851,-2398,-1644,-802,-178,193,131,-249,-959,-1800,-2456,-2836,-2849,-2422,-1806,-1002,-311,141,143,-189,-797,-1656,-2356,-2822,-2913,-2517,-1951,-1134
-48,-145,828,283,739,-121,-178,1015,1301,3136,4980,4638,2608,-213,-233,942,859,-81,129,270,1134,1637,2969,4503,4909,3002,422,-533,734,1145,623,-617,402,1142,1288,2961,4134,5033,3361,61,-734,186,1166,349,37,544,982,1057,2037,4083,4781,2646,569,-352,157,970,518,376,-365,1059,1942,2154,3895,4907
400,1222,1912,2456,2525,2384,1865,1128,275,-683,-1424,-2124,-2422,-2442,-2139,-1495,-707,255,1094,1848,2306,2492,2390,1993,1207,372,-570,-1330,-2100,-2443,-2416,-2175,-1587,-740,145,1048,1764,2305,2530,2467,2068,1355,478,-513,-1265,-1909,-2331,-2433,-2145,-1578,-856,-16,988,1715,2300,2523,2398,2023,1372,611,-325,-1215,-1909,-2331
699,1026,1055,910,12,23,607,1282,1221,357,-701,-1654,-1575,-681,-488,-146,123,540,1052,982,494,-229,96,777,1227,1033,-491,-1053,-1929,-1160,-675,-125,126,163,697,1132,1015,433,-40,340,1279,1430,609,-247,-1426,-1384,-1011,-254,-357,266,296,1111,1025,625,-496,-247,534,1093,1302,244,-1031,-1564,-1616,-877
393,1243,1846,1937,1581,848,-71,-1078,-1827,-2280,-2336,-1905,-1146,-134,853,1528,1964,1859,1197,372,-543,-1480,-2175,-2441,-2089,-1528,-599,397,1279,1845,1879,1564,784,-152,-1132,-1929,-2356,-2390,-1862,-1064,-110,851,1626,1983,1837,1247,380,-654,-1532,-2205,-2362,-2179,-1502,-575,421,1243,1772,1929,1604,840,-110,-1158,-1897,-2340
-1998,-1363,-1885,-1383,-1910,-1438,-1435,-1507,-1825,-2178,-920,101,304,-237,-1526,-1883,-1607,-1431,-1783,-1543,-1704,-1320,-1669,-1921,-1798,-904,473,610,-387,-1266,-2113,-1504,-1558,-1401,-2035,-1942,-1453,-1931,-1664,-1851,-994,306,661,-258,-1143,-2182,-1516,-1464,-1555,-2030,-1254,-1573,-2040,-1585,-1698,-1255,-173,322,-435,-1283,-1778,-1572,-1236,-1717
-1620,-750,-110,178,133,-369,-1119,-2004,-2927,-3622,-3986,-4052,-3632,-3024,-2056,-1197,-429,96,269,-57,-706,-1542,-2477,-3338,-3844,-4061,-3886,-3407,-2587,-1672,-815,-110,236,104,-315,-1073,-1989,-2865,-3631,-4074,-3966,-3692,-2984,-2092,-1159,-421,49,193,-74,-623,-1517,-2437,-3267,-3838,-4052,-3910,-3369,-2527,-1727,-798,-177,217,115,-335
-2102,-1911,-728,-541,-877,-1233,-1103,-702,-475,-372,284,777,536,-635,-1992,-2003,-1229,-460,-519,-978,-1304,-721,-568,-217,-72,832,997,171,-1231,-2161,-1537,-1019,-627,-624,-1173,-980,-910,-467,-307,223,752,787,-611,-1889,-2177,-1437,-636,-472,-1248,-1103,-720,-607,-680,-63,298,987,442,-1216,-2017,-1822,-1060,-543,-697,-1108
-1541,-1358,-873,-134,788,1764,2690,3300,3524,3572,3133,2346,1482,464,-439,-1083,-1499,-1423,-1114,-437,468,1547,2334,3158,3514,3574,3268,2638,1770,732,-147,-970,-1362,-1481,-1195,-622,234,1202,2185,2896,3438,3653,3436,2798,1995,1018,82,-738,-1344,-1573,-1314,-834,1,934,1856,2742,3350,3625,3442,3005,2331,1306,331,-546
1349,2170,4004,4909,4652,2558,119,-1959,-2122,-2337,-1028,-557,372,1242,1005,1955,1610,1293,513,1400,2773,4306,4324,4005,1467,-630,-2003,-2221,-1846,-1005,-381,683,1391,995,1432,914,686,388,1484,3173,4507,4360,3179,545,-1532,-2205,-2122,-1810,-469,39,365,1044,1586,1664,899,623,1354,2672,3884,4855,4060,2044,65,-2010
-516,-1131,-1605,-1918,-1806,-1523,-955,-408,182,447,540,154,-319,-987,-1465,-1844,-1902,-1623,-1237,-649,-7,296,494,288,-72,-684,-1303,-1808,-1920,-1816,-1426,-784,-291,276,510,408,70,-468,-1059,-1634,-1889,-1926,-1635,-1062,-475,115,440,505,266,-222,-848,-1421,-1750,-1922,-1761,-1333,-746,-153,353,498,317,31,-643,-1229
-2053,-4065,-2798,1231,4535,3686,946,-599,1391,4004,4692,3409,2061,652,-1549,-4065,-3592,80,3875,4333,1395,-393,693,3557,4834,3862,2199,989,-933,-3416,-4079,-953,3366,4415,1879,-504,226,3030,4822,4113,2777,1319,-441,-2884,-4017,-1852,2354,4524,2677,-32,-278,2407,4540,4434,3018,1393,149,-2351,-3981,-2622,1565,4432,3594,557
-806,-1020,-1104,-931,-651,-302,112,560,959,1200,1388,1270,1093,729,373,-97,-497,-789,-1039,-1042,-902,-687,-228,242,612,1006,1305,1334,1326,1028,733,322,-141,-602,-901,-1103,-1122,-863,-620,-175,256,672,1054,1246,1322,1207,1064,694,225,-211,-565,-835,-1027,-1062,-877,-546,-79,328,761,1148,1266,1357,1295,916
-2530,-2460,-2335,-324,2512,2631,349,-903,-952,-349,-1079,-1513,-2484,-2406,-2863,-1553,787,2728,2210,-19,-1312,-1218,-752,-1042,-2087,-2467,-2728,-2121,-1100,847,2780,1604,-97,-1630,-676,-468,-1137,-1905,-2367,-2538,-2023,-1007,1845,2587,1587,-624,-1104,-667,-751,-1626,-2163,-2538,-2787,-2133,-422,2121,2689,944,-1125,-1196,-789,-963,-1214,-2594
2712,2442,2119,1649,1388,1095,1067,1311,1621,1984,2351,2625,2727,2623,2288,1904,1535,1196,1074,1142,1381,1799,2247,2498,2638,2661,2439,2124,1770,1333,1083,1198,1248,1627,1961,2400,2665,2715,2661,2302,1935,1559,1230,1063,1191,1504,1802,2245,2538,2729,2631,2511,2123,1717,1369,1072,1099,1233,1560,1944,2381,2607,2683,2558
-3336,-3099,-1511,-110,-340,-1453,-2483,-2719,-1073,951,1876,1673,1902,1979,1603,836,-886,-2262,-3543,-2404,-1065,232,-229,-1709,-2794,-2504,-1051,1037,2349,2295,1856,1677,1247,749,-913,-2790,-3186,-2387,-841,380,-644,-1831,-3029,-2338,-573,1371,2104,2265,1830,1749,1236,42,-1779,-2945,-3151,-2168,-957,670,-941,-2465,-3004,-2056,-251,1663
1451,1015,225,-554,-1396,-2089,-2344,-2377,-1998,-1254,-430,344,1105,1434,1493,1127,481,-385,-1204,-1934,-2371,-2432,-2138,-1487,-622,184,919,1332,1519,1222,642,-178,-998,-1772,-2261,-2452,-2208,-1694,-884,-63,724,1263,1538,1382,848,70,-769,-1661,-2130,-2398,-2277,-1768,-1080,-255,613,1187,1504,1394,950,268,-583,-1415,-2102,-2416
29,-1028,-1480,-1156,114,2372,3723,3882,2062,790,598,1418,1682,1289,1578,464,-586,-962,-1534,-618,1297,3334,4053,2497,1477,459,1163,1374,1827,1319,1068,-55,-1035,-1301,-1353,713,2504,3857,3361,1725,617,433,1364,1823,1456,1070,261,-393,-1338,-1273,-69,2067,3259,3582,2685,1154,912,1089,1623,1992,1714,590,-217,-932
291,982,1778,2537,3000,3159,2934,2292,1506,708,168,-125,72,647,1386,2071,2802,3101,3131,2618,1906,1137,403,28,-46,297,900,1737,2496,2881,3149,2892,2319,1527,776,126,-72,158,546,1391,2082,2767,3105,3117,2705,1933,1205,430,-42,-104,217,860,1701,2434,3021,3126,2929,2302,1565,748,177,-120,78,583
2312,2140,2346,2291,2998,2881,2166,-25,-1363,-317,2315,2850,2592,2156,1882,2216,2545,3149,2908,1184,-618,-802,765,2719,2841,2379,2140,2075,2823,2982,3090,1890,-57,-1322,-181,1359,2787,2431,2176,1613,2286,2596,3159,3155,1233,-720,-663,693,2671,2821,2299,1842,1904,2266,2967,3145,2347,320,-1374,-357,1497,2928,2724,2004
1367,1597,1653,1707,1586,1402,1205,804,616,419,314,393,533,721,1058,1291,1486,1734,1706,1626,1459,1186,928,629,480,335,385,449,697,887,1245,1437,1684,1750,1661,1500,1285,1000,748,518,387,390,368,568,909,1171,1369,1552,1648,1656,1620,1401,1123,890,592,408,347,444,574,845,1028,1345,1601,1711
-1490,-345,526,916,786,-649,-2813,-5023,-4775,-2108,1290,1240,-736,-1136,-169,1004,622,399,-685,-3284,-5464,-4492,-570,1540,686,-1395,-989,368,1452,846,-296,-2121,-4438,-5383,-3448,590,1569,-503,-1498,-498,836,1327,801,-533,-2428,-5374,-4787,-1703,1378,817,-670,-1298,384,1099,946,659,-927,-4112,-5826,-4153,-447,1692,183,-1531
3373,3335,2925,2168,1371,667,311,231,488,1178,1950,2801,3320,3407,3079,2519,1679,899,331,81,354,934,1707,2588,3121,3416,3264,2853,1962,1129,475,166,263,682,1415,2225,2940,3334,3391,3022,2285,1478,768,322,167,494,1048,1889,2680,3245,3410,3247,2628,1868,1020,367,174,306,838,1571,2482,2965,3409,3404
566,967,976,1126,1085,470,306,147,-210,-385,-481,-114,972,1433,1694,1559,1065,522,882,1472,1074,1264,1053,936,530,551,455,-49,-400,-407,455,1327,1424,1967,1676,1032,1137,643,1298,1178,1341,1092,351,439,456,-39,-455,-413,289,805,1593,1768,1327,1140,737,956,1100,841,884,847,822,778,417,-153
302,374,536,548,398,169,-110,-404,-642,-758,-871,-681,-517,-338,-14,253,454,611,492,444,169,-64,-362,-639,-741,-755,-727,-609,-291,6,280,428,530,550,428,194,6,-333,-604,-733,-820,-685,-596,-305,-31,206,433,499,586,403,166,6,-337,-618,-777,-775,-695,-512,-304,-28,240,429,583,504
1322,732,-446,-949,-1032,-1395,-1787,-2812,-3255,-2252,-1268,-967,-1413,-2216,-3135,-3046,-1424,-107,1460,1270,640,-269,-715,-1262,-1260,-2083,-2960,-2607,-1773,-1085,-449,-1348,-2776,-3332,-2275,-1255,624,1197,837,483,-502,-752,-1242,-1431,-2463,-2816,-2428,-1505,-921,-583,-1742,-2418,-3222,-2225,-706,845,1414,609,57,-264,-796,-1474,-1772,-2075
352,560,974,1462,1850,2185,2250,2059,1653,1098,596,358,230,470,798,1276,1724,2089,2188,2084,1752,1317,747,421,220,376,669,1162,1637,2065,2271,2167,1831,1432,945,571,314,319,625,1012,1469,1883,2146,2193,1998,1583,1051,654,357,305,463,861,1349,1819,2150,2215,2054,1687,1196,765,392,244,423,679
1508,3093,4514,4114,3620,2001,-234,-195,1702,1642,980,-1081,-1462,-27,1852,3816,4240,4654,3354,1150,-369,-133,1118,2214,1003,-647,-1110,432,1871,3523,4183,4473,3054,1488,-122,-129,1355,1981,896,-1251,-1330,708,2052,3892,4196,4199,3007,603,-241,-46,1446,2075,871,-1049,-717,650,2389,4048,4104,4489,2478,963,-335,-165
-281,-1342,-2361,-3301,-3633,-3503,-2998,-1950,-801,125,797,1040,646,-61,-1191,-2294,-3162,-3648,-3662,-3087,-2173,-1045,47,759,1064,825,91,-958,-2122,-3033,-3569,-3628,-3236,-2294,-1258,-204,701,1040,911,278,-732,-1866,-2851,-3487,-3724,-3266,-2470,-1380,-304,495,1034,914,330,-588,-1680,-2744,-3438,-3657,-3364,-2603,-1668,-511,413,953
-3153,-1142,553,872,-637,-2060,-2210,177,2119,2733,2191,18,-1186,-2348,-3171,-3781,-2981,-1072,518,899,-715,-1960,-1833,291,2354,2892,1878,101,-1166,-2410,-3118,-3600,-2763,-940,750,634,-624,-1999,-1801,55,2431,3073,1968,-19,-1203,-2277,-3012,-3763,-2810,-1066,692,911,-760,-1989,-1658,427,2491,2951,1948,-164,-1399,-2400,-3157,-3875
-1167,-156,679,1239,1483,1369,754,-58,-979,-1917,-2681,-3039,-3093,-2653,-1921,-1048,-61,747,1389,1520,1247,665,-194,-1162,-2056,-2775,-3104,-3039,-2629,-1801,-926,14,868,1348,1501,1259,541,-252,-1167,-2163,-2754,-3117,-3027,-2558,-1754,-773,98,840,1406,1531,1155,497,-403,-1374,-2161,-2858,-3158,-3030,-2501,-1692,-723,212,1059,1456
-1883,-1649,-1623,-1909,-1667,-702,266,251,-1053,-1963,-2200,-1646,-1507,-1660,-1565,-1700,-1763,-1867,-1267,-66,564,-584,-2164,-2070,-1763,-1561,-1585,-1585,-1436,-1850,-2185,-1340,-437,369,-386,-1433,-2000,-2010,-1350,-1401,-1808,-1702,-1389,-1998,-1667,-1103,464,286,-1031,-1737,-2055,-1600,-1452,-1711,-1847,-1661,-1761,-2017,-1257,149,941,-550,-1398,-1942
-1581,-1051,-215,626,1386,2044,2237,2098,1655,947,47,-756,-1384,-1807,-1803,-1400,-702,183,958,1697,2161,2252,1962,1408,509,-327,-1069,-1607,-1765,-1621,-1187,-412,595,1307,1972,2231,2175,1804,1083,210,-653,-1344,-1711,-1795,-1517,-860,-6,829,1579,2113,2300,2067,1480,744,-149,-1001,-1610,-1849,-1791,-1268,-559,363,1199,1874
1333,1995,1990,1076,528,1658,2689,3265,3003,1963,1758,1376,1070,1179,1916,2025,1560,661,1231,2248,3447,3325,2216,1828,1518,1337,1208,1953,2042,1831,932,578,1545,2900,3345,2957,1804,1508,1216,1144,1420,1612,1780,1365,346,1284,2774,3630,3007,2067,1320,1434,646,1549,1878,2083,1435,837,1160,2053,3326,3032,2005,1655
1312,395,-646,-1574,-1950,-1827,-1191,-233,879,1676,2175,2058,1386,437,-593,-1433,-1924,-1782,-1258,-321,791,1616,2082,2023,1516,560,-508,-1392,-1948,-1793,-1286,-402,695,1579,2148,2059,1548,678,-465,-1336,-1877,-1893,-1426,-469,553,1501,2056,2132,1641,724,-312,-1298,-1815,-1938,-1468,-560,449,1452,2016,2102,1730,876,-227,-1185
401,1484,690,-572,-2139,-3982,-3750,-3150,-2336,-1431,-218,1225,1850,898,-765,-1417,-1165,217,1291,815,-1195,-2757,-3753,-3716,-3092,-2085,-1171,367,971,1293,437,-782,-1491,-485,1065,1483,320,-1331,-2956,-3679,-3182,-2610,-1909,-691,913,1616,1052,503,-1164,-1772,31,1889,1153,-145,-1974,-3342,-3810,-3431,-2515,-1539,-638,1071,1632,1674
-2434,-1841,-1419,-1015,-746,-431,-470,-616,-908,-1331,-1834,-2311,-2778,-2997,-3189,-3264,-3119,-2755,-2366,-1931,-1415,-976,-732,-416,-498,-629,-942,-1388,-1842,-2320,-2792,-3064,-3195,-3255,-3044,-2740,-2389,-1843,-1398,-1018,-642,-515,-545,-630,-922,-1409,-1862,-2250,-2752,-3131,-3240,-3220,-3073,-2720,-2378,-1895,-1368,-955,-642,-469,-584,-716,-959,-1418
572,-38,81,-114,-1320,-2140,-512,2466,3635,2430,491,821,1162,818,-122,259,111,-759,-2047,-1272,1469,3717,2766,1109,538,1327,1199,284,-89,305,-280,-1434,-2049,134,2977,3359,1784,904,1008,1367,429,-49,309,202,-1260,-2169,-418,2178,3712,2572,558,866,1117,892,-28,-8,303,-939,-2378,-1053,1459,3329,2950,835
-1622,-1975,-2011,-1815,-1558,-998,-477,155,821,1204,1400,1402,1277,882,335,-219,-849,-1434,-1779,-2033,-2042,-1748,-1307,-800,-207,472,1006,1206,1475,1366,1087,668,65,-581,-1169,-1645,-1960,-2120,-1914,-1610,-1044,-469,149,684,1176,1365,1477,1256,900,372,-238,-847,-1401,-1824,-2028,-1936,-1776,-1338,-791,-137,470,995,1343,1470
-768,-1631,-1486,-336,195,699,274,-621,-1340,-2485,-2804,-2579,-1334,-449,-216,-1359,-1691,-1225,81,593,533,-213,-931,-1735,-2839,-2779,-1827,-787,-162,-763,-1605,-1729,-696,58,916,256,-473,-1462,-2427,-2760,-2534,-1309,-537,-150,-1426,-1902,-1415,-362,571,396,19,-998,-1909,-2680,-2690,-2226,-811,-425,-924,-1660,-1746,-787,333,609
-1045,-1501,-1668,-1573,-1032,-416,318,916,1350,1458,1209,718,38,-691,-1259,-1671,-1742,-1375,-877,-68,546,1144,1426,1340,1032,441,-276,-932,-1453,-1791,-1699,-1136,-564,171,758,1279,1501,1302,803,201,-520,-1121,-1579,-1731,-1499,-960,-238,449,1052,1422,1415,1148,546,-117,-860,-1361,-1714,-1621,-1340,-746,-63,690,1188,1449
-1360,-2289,-3345,-3790,-3789,-3208,-2069,-1412,-1062,-675,-19,-133,-178,-1863,-2560,-3158,-2750,-1895,-1519,-1868,-2774,-3687,-3875,-3625,-2550,-2091,-1250,-538,-419,224,-296,-1230,-2179,-3260,-3084,-2499,-1410,-1612,-2476,-3165,-3684,-3479,-2578,-2068,-1423,-949,-694,144,-133,-994,-1838,-3140,-3335,-2469,-1506,-1393,-2282,-3035,-3759,-3442,-3291,-2219,-1692,-998
3340,3111,2441,1445,361,-459,-970,-797,-202,750,1856,2795,3251,3155,2624,1721,681,-329,-845,-920,-292,556,1719,2615,3215,3281,2755,1887,806,-236,-858,-964,-523,310,1447,2388,3121,3272,2977,2079,1031,30,-662,-1011,-605,139,1195,2272,3043,3342,3029,2360,1239,210,-614,-940,-773,-111,901,2117,2894,3237,3131,2543
-1094,-333,-2336,-4343,-4362,-3835,-2859,-669,2720,3752,1052,-3190,-4491,-2460,-306,-1067,-3422,-4691,-4333,-3543,-1889,855,3633,2975,-895,-4270,-3870,-1284,-281,-2150,-4204,-4532,-3542,-2912,-869,2358,3892,1345,-2990,-4580,-2942,-198,-1021,-3370,-4713,-4212,-3644,-2136,596,3550,3084,-814,-4155,-4052,-1336,-181,-2068,-4203,-4457,-3774,-3081,-854,2030,3843
-671,-284,-120,-82,-307,-558,-1061,-1543,-1965,-2459,-2795,-2917,-2897,-2666,-2268,-1900,-1414,-886,-494,-250,-124,-161,-451,-778,-1267,-1797,-2261,-2638,-2831,-2921,-2837,-2491,-2242,-1715,-1137,-665,-313,-140,-126,-197,-570,-969,-1444,-1960,-2371,-2742,-2918,-2922,-2704,-2368,-1891,-1458,-1002,-499,-306,-85,-100,-383,-731,-1172,-1674,-2210,-2588,-2825
245,2790,4623,3111,-1049,-1647,842,1974,-885,-3973,-3563,-1529,-188,1431,3984,4226,933,-2075,-673,2009,865,-3003,-4160,-2516,-703,235,2932,4677,3208,-987,-1870,1169,2126,-1179,-3943,-3409,-1488,-207,1505,3903,4364,871,-1870,-343,2052,1041,-2758,-4372,-2559,-697,375,2840,4849,2747,-1019,-1681,1004,1988,-1050,-3925,-3284,-1555,-341,1459
-568,-693,-948,-1214,-1502,-1735,-1835,-1932,-1937,-1856,-1598,-1406,-1132,-825,-640,-474,-385,-392,-559,-823,-963,-1336,-1510,-1836,-1872,-1911,-1900,-1760,-1544,-1309,-1044,-818,-550,-399,-373,-468,-581,-842,-1079,-1385,-1655,-1775,-1930,-1938,-1866,-1764,-1493,-1203,-1046,-767,-601,-427,-379,-470,-602,-880,-1168,-1470,-1615,-1854,-1939,-1931,-1863,-1642
1124,-1236,-4383,-6699,-5671,-2089,296,-1154,-3165,-2684,57,2017,1532,-724,-3810,-6344,-6045,-2857,36,-581,-2897,-3354,-437,1993,1890,-279,-3393,-5856,-6413,-3729,-109,-230,-2516,-3500,-1394,1505,1628,199,-2836,-5829,-6791,-4189,-889,38,-2084,-3450,-1853,1134,2182,665,-2065,-4916,-6715,-5207,-1226,289,-1476,-3395,-2261,718,2254,1025,-1267,-4484
-3576,-3488,-2928,-1882,-696,343,986,1272,997,165,-947,-2087,-3013,-3535,-3519,-2912,-1997,-778,236,1117,1261,1015,227,-944,-1974,-2962,-3482,-3496,-2945,-1925,-900,210,999,1329,1034,306,-808,-1914,-2887,-3470,-3531,-3050,-2071,-975,87,1001,1243,1088,284,-686,-1832,-2889,-3406,-3516,-3045,-2090,-975,85,906,1280,1105,352,-665,-1817
-375,864,2198,1133,131,24,1403,3671,4492,4650,3195,1386,-474,-510,1166,2188,1340,-234,148,1819,3464,4496,4359,3086,960,-523,-408,1305,1900,1292,-309,-74,1788,3584,4747,4238,3068,820,-972,-240,1569,2396,922,-471,272,2063,3862,4518,4575,2415,442,-883,-85,1625,1994,818,-227,510,2357,3879,4268,4493,2883,412
-1176,-801,-539,-339,-182,-344,-647,-1057,-1403,-1743,-1886,-1908,-1745,-1443,-1133,-718,-367,-275,-249,-414,-752,-1034,-1471,-1749,-1912,-1879,-1761,-1344,-1034,-641,-338,-315,-271,-525,-773,-1198,-1577,-1809,-1876,-1877,-1667,-1276,-859,-586,-371,-276,-281,-500,-952,-1367,-1666,-1854,-1895,-1844,-1593,-1228,-875,-553,-328,-298,-394,-644,-996,-1332
-3175,-3211,-1832,-630,-497,-1565,-1989,-1143,-192,421,-277,-1411,-1525,-2058,-2774,-3137,-1813,-807,-446,-1249,-2323,-831,209,872,-352,-1100,-1688,-2323,-3112,-2937,-1616,-496,-602,-1428,-2080,-1209,49,601,-384,-1421,-1852,-2462,-3274,-2639,-1098,-287,-1104,-1774,-1820,-775,172,99,-666,-1251,-1753,-2709,-3185,-3017,-1257,-146,-642,-1924,-1611,-549
-427,-72,418,876,1270,1500,1525,1331,1112,651,140,-187,-464,-633,-482,-230,230,691,1107,1442,1547,1455,1161,830,369,-90,-453,-595,-602,-314,55,490,942,1324,1425,1485,1289,994,452,197,-249,-534,-495,-399,-136,290,810,1251,1439,1615,1447,1139,738,311,-128,-493,-647,-449,-293,158,600,1048,1403,1515
481,1747,3864,4837,4544,2929,637,-154,-186,932,1744,1564,1539,408,3,-586,-228,-433,145,1616,3276,5120,5160,3464,1283,98,-356,716,1475,2094,1212,963,-291,55,-691,-479,-141,960,2914,4620,5101,4060,2230,317,-174,323,1279,1769,2004,986,46,-371,-489,-644,-431,691,2277,4101,5100,4476,2585,887,-316,74
-711,-1411,-2010,-2494,-2817,-2689,-2418,-1871,-1249,-601,8,582,822,777,519,42,-680,-1279,-1935,-2400,-2732,-2738,-2522,-2037,-1448,-751,-79,494,755,815,617,259,-398,-1123,-1711,-2335,-2638,-2732,-2543,-2199,-1487,-829,-219,305,697,825,683,314,-254,-932,-1603,-2274,-2630,-2778,-2552,-2289,-1678,-1027,-315,264,678,836,724,413
300,261,744,775,-230,-752,-139,824,1626,1570,1141,600,339,32,214,679,333,-920,-1072,330,1300,1643,1487,1046,255,52,356,1178,498,-505,-1014,-483,1418,1962,2033,1226,836,145,-223,669,574,-148,-1174,-1249,181,1929,2166,1704,1513,191,206,245,475,766,-631,-1546,-400,893,2259,1691,1130,796,286,-179
-646,-398,-27,148,258,263,200,-48,-224,-504,-788,-1075,-1137,-1274,-1177,-1065,-813,-525,-201,5,170,231,269,149,-78,-364,-674,-914,-1122,-1206,-1161,-1160,-891,-724,-387,-152,74,289,298,168,62,-199,-512,-775,-989,-1146,-1289,-1205,-1094,-849,-565,-284,-29,218,253,230,144,-53,-283,-611,-777,-1069,-1198,-1196
2849,3785,3434,2435,-822,-3742,-4974,-3539,-775,698,161,-1534,-2588,-2096,-89,1873,2986,3467,3360,2771,573,-2639,-4759,-4230,-2036,533,703,-640,-2590,-2517,-966,1110,2606,3143,3466,2972,1421,-1843,-4362,-4799,-2867,132,1039,-125,-1688,-2612,-1591,494,2080,3027,3400,3402,2134,-1051,-3779,-5042,-3484,-1090,676,553,-1365,-2782,-2142,-225
357,1129,1570,1905,1840,1332,672,-71,-740,-1068,-1187,-824,-262,473,1149,1770,1875,1748,1179,409,-221,-883,-1219,-1065,-731,-31,721,1449,1741,1813,1582,998,223,-498,-1002,-1167,-1077,-526,174,896,1563,1872,1820,1444,807,119,-580,-1026,-1134,-964,-358,389,1109,1614,1858,1753,1332,570,-136,-762,-1165,-1114,-760,-180
1937,3447,4032,1421,-3453,-5252,-3072,195,63,-947,-1497,-202,827,1866,3490,4003,638,-4049,-5299,-2544,727,388,-1122,-1339,-15,887,2572,3840,3296,-190,-4581,-5057,-1726,397,-15,-1327,-913,-92,1385,2901,4186,3011,-1099,-5267,-4461,-1486,335,-191,-1417,-786,553,1276,3246,3846,2252,-1935,-5347,-4377,-633,647,-346,-1150,-656,645
920,502,201,55,20,203,540,885,1409,1664,1825,1834,1626,1325,903,505,196,55,42,164,432,903,1335,1619,1770,1841,1699,1399,958,496,190,56,19,172,480,848,1360,1596,1857,1780,1674,1347,980,611,221,-5,7,129,425,796,1284,1599,1770,1790,1690,1391,1023,542,262,34,32,128,394,717
642,390,-281,-945,-1261,-458,582,706,366,103,762,458,768,973,120,-662,-1677,-998,443,940,429,450,210,520,320,788,677,-425,-1573,-854,182,645,832,330,176,626,804,1002,580,-589,-1533,-1419,-88,756,719,125,76,287,554,880,548,-125,-1148,-1564,-209,576,689,217,166,402,946,1132,926,203
-1745,-2059,-2058,-1768,-1244,-712,-76,318,478,366,-98,-678,-1318,-1759,-2034,-2075,-1772,-1292,-681,-117,291,448,324,-9,-677,-1215,-1728,-2040,-2072,-1779,-1296,-723,-90,319,439,339,-78,-559,-1144,-1704,-2060,-2076,-1855,-1344,-723,-155,336,422,368,-30,-600,-1160,-1677,-2030,-2111,-1874,-1397,-778,-258,305,538,424,27,-437
2006,-694,-3117,-4150,-2858,-813,449,-419,-1207,-1441,-392,1114,1184,1260,2216,2438,1742,-499,-3188,-4261,-2849,-832,221,-221,-889,-1354,-699,648,906,1524,1777,2495,1998,45,-2713,-4253,-3235,-1109,217,61,-788,-1625,-665,704,1192,1159,1631,2491,2588,438,-2263,-3981,-3443,-1521,-33,217,-1020,-1514,-581,462,771,932,1649,2542
-69,92,446,969,1663,2206,2741,3108,3375,3365,3156,2695,2186,1619,1075,501,62,-66,-77,236,629,1114,1779,2376,2909,3234,3369,3312,2998,2581,2105,1462,845,307,90,-32,52,275,779,1328,1967,2479,3085,3243,3351,3214,2991,2435,1846,1259,719,333,-19,-41,21,429,952,1534,2104,2677,3139,3333,3368,3235
-345,526,1540,1593,-472,-2572,-3161,-1318,-274,24,-2828,-6514,-7297,-5479,-3020,-1219,-580,313,695,1711,661,-1444,-2977,-2299,-803,804,-998,-4132,-7292,-6975,-4273,-1965,-1403,-634,703,1267,1751,195,-2646,-3235,-1664,-216,297,-2149,-5435,-7449,-5966,-3483,-1189,-639,-428,880,1708,1177,-1060,-3113,-2853,-586,768,-208,-3941,-6539,-7137,-5044
-1043,-913,-975,-961,-1241,-1519,-1801,-2074,-2325,-2489,-2616,-2656,-2497,-2264,-1968,-1696,-1339,-1156,-1002,-954,-966,-1196,-1360,-1666,-2010,-2272,-2497,-2522,-2675,-2501,-2317,-2063,-1724,-1461,-1219,-1043,-897,-887,-1063,-1329,-1594,-1895,-2258,-2440,-2593,-2657,-2604,-2406,-2122,-1955,-1571,-1276,-1100,-956,-882,-1005,-1120,-1500,-1814,-2092,-2377,-2514,-2628,-2612
-3204,-1034,1403,2271,1728,1149,874,1269,787,470,532,667,-121,-1703,-3341,-2759,-278,1486,2520,1498,762,948,1257,506,359,236,476,-535,-2128,-3497,-2558,3,1910,2116,1408,795,1044,1436,599,399,533,612,-700,-2479,-3495,-1855,446,2107,1800,1040,982,1149,878,365,-166,209,486,-871,-3058,-3365,-1544,1281,2151,1548
-3098,-3048,-2979,-2627,-2136,-1682,-1198,-761,-550,-530,-654,-1028,-1514,-2091,-2509,-2917,-3028,-3116,-2862,-2503,-2063,-1625,-1070,-679,-538,-530,-811,-1100,-1596,-2127,-2578,-2934,-3186,-3132,-2865,-2491,-2037,-1455,-1027,-639,-579,-572,-806,-1234,-1707,-2282,-2649,-3027,-3167,-3038,-2838,-2425,-1882,-1309,-906,-694,-467,-585,-786,-1305,-1836,-2326,-2736,-3083
3228,3545,3823,3571,1567,-785,-1446,-51,1923,1783,62,-527,700,2508,3262,3727,4091,3609,1546,-951,-1548,321,2041,1712,-229,-541,742,2660,3322,3793,3854,3443,1128,-1144,-1385,769,2159,1620,-51,-551,799,2618,3527,3677,4072,3080,1039,-1315,-1374,1035,2208,1296,-302,-577,1035,2800,3359,3501,3988,3282,628,-1348,-1250,954
-162,302,580,731,670,497,195,-230,-602,-908,-932,-779,-493,-155,258,523,667,687,506,202,-169,-569,-786,-820,-835,-538,-104,138,502,726,734,510,241,-238,-523,-784,-839,-816,-607,-263,140,499,707,738,537,249,-29,-426,-762,-892,-838,-659,-247,133,505,662,742,608,331,-107,-456,-704,-871,-862
1086,380,949,2459,3660,3110,2779,2171,1350,888,868,1997,2156,1155,269,907,2273,3608,3548,2958,2322,1306,702,901,1947,2375,1150,97,722,2410,3407,3428,3153,2440,1739,854,852,1746,2034,1385,99,613,2369,3525,3456,3117,2428,1601,661,669,1773,2213,1389,296,435,1975,3305,3388,2900,2419,1721,936,750,1260
-2278,-2767,-3086,-3091,-2963,-2666,-2289,-1756,-1192,-932,-704,-774,-1087,-1580,-2025,-2554,-2897,-3141,-3109,-2950,-2552,-2051,-1476,-1125,-879,-753,-921,-1265,-1782,-2210,-2713,-3045,-3158,-2982,-2752,-2319,-1820,-1336,-1005,-748,-854,-1033,-1502,-1928,-2434,-2914,-3080,-3163,-2961,-2475,-2057,-1594,-1182,-855,-807,-847,-1219,-1688,-2216,-2635,-3011,-3106,-3102,-2727
206,295,1486,1987,1513,993,1346,2613,3109,2666,2435,2514,1248,172,-104,1107,2041,1793,858,1440,2104,2909,2906,2405,2130,1798,485,-49,667,2147,1865,1075,1140,1718,3033,3114,2200,2188,1866,944,-95,243,1434,2065,1653,908,1606,2850,2949,2508,2258,2123,1099,175,8,1391,2168,1602,817,1332,2209,2847,2652,2466
2629,2706,2540,2218,1704,1131,562,70,-231,-453,-383,-130,263,847,1498,2018,2508,2728,2723,2364,2015,1488,846,387,-165,-402,-457,-229,20,632,1214,1820,2334,2592,2744,2536,2190,1743,1144,478,2,-325,-490,-395,-60,318,986,1486,2033,2466,2643,2693,2435,2030,1418,871,251,-125,-399,-442,-268,69,616,1230
1240,726,678,1388,2011,1520,1389,1049,1752,3398,4880,4295,2649,1307,294,755,903,578,795,528,858,1928,1352,912,1292,2525,4169,4764,3814,2161,606,461,870,1058,846,508,889,1821,1783,1652,815,1496,2597,4202,4747,3355,1549,425,417,870,1213,823,724,1095,1731,1841,1153,933,1935,3365,4851,4465,2727,733
100,-529,-1071,-1510,-1662,-1603,-1235,-694,-76,525,958,1187,1103,695,168,-411,-1063,-1383,-1668,-1671,-1270,-788,-158,450,893,1167,1070,817,312,-336,-1000,-1352,-1621,-1602,-1307,-835,-347,343,798,1023,1107,845,402,-255,-796,-1340,-1622,-1711,-1410,-974,-361,216,730,1032,1111,971,460,-139,-721,-1217,-1520,-1659,-1507,-1066
1628,1082,514,-834,-2116,-2244,-1417,-724,-269,-765,-1979,-2717,-3077,-2957,-2017,-2006,-1112,-90,1167,1851,845,-499,-1733,-2177,-1792,-889,-119,-377,-1440,-2065,-3017,-3050,-2504,-1953,-1458,-559,190,1472,1553,1218,-544,-2354,-2601,-1781,-681,16,-610,-1388,-2402,-2945,-2809,-2403,-1846,-1001,-1063,745,1588,1587,115,-1239,-1995,-2280,-1448,-467
-1140,-1681,-2287,-2774,-2962,-2832,-2507,-1941,-1373,-785,-404,-364,-572,-927,-1521,-2158,-2571,-2833,-2910,-2693,-2089,-1539,-970,-542,-393,-495,-793,-1255,-1878,-2516,-2850,-2920,-2747,-2348,-1713,-1123,-682,-358,-395,-667,-1140,-1743,-2285,-2794,-2910,-2762,-2498,-1901,-1279,-776,-513,-416,-617,-1018,-1597,-2146,-2658,-2856,-2880,-2535,-2163,-1554,-980,-530
903,1211,505,-940,-1564,-1155,-529,-828,-1986,-2249,-1272,121,824,1172,843,-293,-1632,-1061,-548,-846,-1640,-1998,-1266,-120,543,1205,820,-289,-1553,-1396,-404,-713,-1771,-2353,-1475,-460,603,1005,888,-31,-1318,-1631,-819,-443,-1417,-2496,-1892,-641,258,875,846,555,-1110,-1566,-1342,-535,-1122,-1845,-1948,-659,296,758,1145,759
-1988,-2145,-2198,-2141,-2079,-1961,-1748,-1440,-1341,-1118,-995,-897,-863,-993,-1071,-1292,-1549,-1702,-1952,-2056,-2186,-2166,-2134,-1968,-1860,-1684,-1438,-1271,-1124,-984,-932,-893,-961,-1173,-1325,-1656,-1748,-2020,-2157,-2187,-2181,-2094,-1912,-1843,-1604,-1385,-1233,-1046,-892,-919,-978,-1089,-1379,-1432,-1698,-1891,-2140,-2126,-2227,-2142,-2038,-1944,-1697,-1472
-762,-2037,-2296,-738,2205,3693,3436,1846,1061,1484,2905,3844,3674,2650,1375,1299,428,-1090,-2462,-1848,427,2671,3868,2953,1378,915,2089,3289,3890,3018,2283,1705,844,-173,-1657,-2229,-1091,1037,3273,3808,2582,1050,1162,2269,3679,3801,2840,1831,1637,780,-472,-2090,-2160,-665,1753,3716,3574,1992,1176,1592,2703,3434,3480,2437
-1006,-1638,-2093,-2198,-1955,-1381,-810,7,484,816,773,409,-152,-874,-1593,-2048,-2219,-1950,-1509,-764,-176,520,810,819,464,-141,-878,-1531,-1984,-2183,-2081,-1583,-899,-151,441,783,751,519,-27,-772,-1520,-1907,-2225,-2075,-1700,-961,-278,389,766,831,550,53,-669,-1369,-1900,-2227,-2043,-1747,-1016,-292,291,787,837,595
239,-653,-2122,-2678,-1646,-676,-792,-1269,-2487,-3475,-2632,-689,846,2592,1918,2138,1794,1312,-72,-497,-1859,-2482,-2070,-1146,-457,-595,-2145,-3053,-3104,-1512,456,1883,2062,2105,2097,1335,1347,-21,-1857,-2341,-2601,-1290,-576,-457,-1361,-3515,-3239,-2171,57,1202,2686,2565,1994,1838,1323,279,-366,-2294,-1891,-1871,-649,-466,-864,-2620
-2809,-2099,-1153,-295,474,861,810,472,-295,-1179,-2117,-2816,-3168,-3217,-2821,-2000,-1102,-213,486,877,841,428,-324,-1283,-2194,-2853,-3162,-3214,-2759,-1933,-1078,-100,569,899,838,415,-415,-1332,-2260,-2954,-3259,-3106,-2705,-1932,-980,-60,589,813,820,362,-388,-1351,-2286,-2950,-3250,-3087,-2626,-1868,-960,-94,600,949,808,271
483,1075,724,-446,-1468,-332,2025,4434,3775,1852,534,547,467,710,578,623,-339,-1097,-945,1948,4440,4401,2626,631,231,308,283,700,969,-40,-1201,-1031,1867,3950,4155,2391,920,33,127,445,751,819,33,-1161,-1181,890,3831,4545,3266,999,219,555,599,868,969,579,-930,-1386,285,3722,4707,3294,1504,422
4248,4107,3535,2692,1695,852,75,-469,-626,-414,130,900,1796,2713,3568,4152,4203,4101,3519,2810,1937,998,157,-414,-608,-483,66,809,1727,2643,3510,4007,4251,4190,3692,2942,2011,1037,196,-366,-632,-430,-27,786,1641,2519,3391,3975,4254,4185,3703,2939,2127,1166,281,-321,-614,-504,-84,591,1465,2507,3339,3916
4065,3595,1182,-2135,-3332,-3788,-2893,-2641,-2343,-529,1680,2105,875,-753,-784,1370,3861,4010,1598,-1710,-3443,-3587,-3003,-2952,-2561,-1080,1326,1773,1198,-648,-993,1166,3489,3967,2108,-1277,-3498,-3608,-3223,-3075,-2473,-885,932,2472,1313,-171,-1130,601,3227,4079,2265,-594,-2980,-3779,-3613,-2837,-2356,-1396,726,2244,1522,-471,-1387,193
-1914,-1678,-1384,-1071,-767,-726,-856,-1028,-1380,-1726,-1931,-2064,-1927,-1682,-1468,-1089,-790,-647,-766,-972,-1281,-1581,-1896,-1977,-1971,-1808,-1459,-1121,-837,-683,-727,-924,-1235,-1543,-1817,-2006,-1976,-1815,-1562,-1189,-904,-751,-776,-874,-1232,-1495,-1789,-1971,-2028,-1842,-1568,-1254,-898,-805,-736,-833,-1119,-1502,-1805,-1996,-2037,-1857,-1690,-1296
3465,3686,3886,4010,3285,1193,-151,-539,-91,1134,1760,831,-1087,-3175,-3273,-2135,-104,2117,3020,3289,3847,3826,3961,2340,1031,-22,-324,389,1779,1654,119,-1894,-2801,-3130,-1389,916,2062,3030,3560,3727,3742,3126,1708,370,-291,-144,1093,1554,895,-474,-2866,-3610,-2442,-634,1382,2939,3770,3858,4002,3795,2761,1259,-221,-312
-2052,-1323,-658,-77,270,397,118,-205,-844,-1583,-2307,-2872,-3281,-3504,-3248,-2868,-2349,-1662,-873,-255,216,361,366,-38,-622,-1258,-2057,-2682,-3235,-3486,-3459,-3131,-2635,-1911,-1174,-517,49,402,411,161,-265,-1132,-1780,-2435,-2982,-3384,-3473,-3261,-2825,-2208,-1434,-739,-108,309,412,214,-138,-727,-1470,-2209,-2829,-3260,-3488,-3379
514,2297,3220,2600,1727,1305,1324,1198,783,89,736,1994,2619,1269,-1326,-3958,-5017,-3310,-400,2241,3027,2686,1483,1351,1621,1381,737,286,459,1680,2379,1632,-892,-3567,-4791,-3846,-1115,1617,3189,2751,1809,1408,1663,1334,1007,492,551,1512,2565,2097,1,-3061,-4613,-4303,-1982,1385,2990,3102,2166,1766,1295,1547,1388,480
-2005,-2635,-3164,-3363,-3271,-2931,-2247,-1556,-742,85,662,1062,1236,1048,550,-64,-896,-1705,-2409,-3040,-3394,-3339,-3110,-2569,-1836,-1053,-207,434,976,1163,1142,792,184,-531,-1344,-2101,-2732,-3199,-3409,-3251,-2885,-2157,-1362,-599,179,767,1145,1153,938,528,-152,-929,-1788,-2542,-3059,-3344,-3350,-3000,-2474,-1764,-931,-129,574,980
-382,-1720,-2711,-3019,-2499,-1443,-674,-1178,-1165,-1479,-1381,-1378,-1409,-724,-212,346,731,568,-541,-1917,-2861,-2983,-2010,-933,-712,-1002,-958,-1426,-1548,-1456,-1237,-925,-184,669,1078,408,-523,-2123,-3055,-2801,-2202,-919,-1034,-778,-1278,-1447,-1549,-1477,-1166,-788,-111,422,1021,214,-696,-2280,-2899,-2707,-1863,-1371,-852,-934,-1016,-1428
-2310,-1864,-1109,-391,422,857,970,649,166,-603,-1425,-2088,-2360,-2269,-1966,-1239,-409,264,835,915,820,221,-519,-1202,-1971,-2335,-2323,-1987,-1319,-612,181,729,992,869,275,-314,-1238,-1907,-2334,-2375,-1986,-1507,-718,93,681,896,846,345,-277,-1129,-1833,-2240,-2392,-2129,-1490,-792,-18,653,955,913,443,-223,-1005,-1698
-2978,-1558,21,663,-101,-666,-439,-26,702,1008,1726,2666,3680,3442,1777,-994,-3066,-2940,-1370,69,851,1,-623,-546,12,744,1066,1634,2483,3578,3510,1668,-1093,-3011,-2945,-1501,-4,636,229,-516,-699,-107,755,990,1459,2478,3330,3323,1797,-1071,-2988,-2978,-1567,27,544,156,-476,-615,113,920,1092,1569,2813,3619
-1873,-1085,-223,481,961,1163,1012,515,-202,-1046,-1774,-2437,-2789,-2795,-2439,-1895,-1049,-270,476,996,1211,937,515,-187,-1008,-1799,-2451,-2808,-2838,-2424,-1887,-1016,-215,476,991,1124,1034,538,-251,-1035,-1848,-2480,-2782,-2851,-2417,-1863,-1084,-326,503,978,1069,925,557,-207,-1019,-1818,-2458,-2775,-2740,-2468,-1855,-1022,-158,468
28,1164,2529,3174,2679,2118,1701,1874,2146,2100,2065,1799,1129,664,-357,322,1280,2751,2852,2631,2004,1412,1736,1830,1973,1415,1683,1302,687,-102,461,1404,2655,3196,2701,1801,1566,1566,1822,1935,1784,1505,1371,364,-74,263,1583,2913,3119,2711,1985,1310,1853,1986,1959,1787,1538,800,319,-220,327,1189,2755,3085
-789,-352,52,284,358,259,-35,-417,-923,-1412,-1919,-2386,-2662,-2776,-2764,-2609,-2219,-1742,-1219,-742,-194,107,344,384,220,-80,-520,-1062,-1557,-2078,-2418,-2695,-2816,-2691,-2478,-2110,-1658,-1117,-611,-123,136,375,340,142,-141,-567,-1184,-1671,-2060,-2508,-2774,-2804,-2730,-2468,-1995,-1520,-1001,-491,-86,237,397,276,87,-293
-1527,224,1484,1045,508,133,-820,-2761,-3202,-1486,-122,-659,-1770,-814,790,1713,930,385,-102,-1530,-3307,-2716,-660,137,-1421,-1768,-369,1299,1416,571,340,-548,-2410,-3204,-1920,-136,-370,-1559,-1334,497,1585,851,307,41,-1576,-3149,-3015,-847,86,-894,-1919,-565,1397,1575,682,245,-344,-2264,-3204,-2433,-497,-321,-1494,-1733
-755,-670,-165,602,1590,2408,3104,3545,3683,3255,2662,1830,814,-32,-605,-769,-640,-200,555,1531,2389,3101,3605,3618,3329,2668,1766,849,64,-521,-810,-624,-195,546,1485,2353,3159,3593,3693,3260,2710,1828,915,68,-569,-799,-702,-188,559,1460,2392,3113,3567,3628,3361,2717,1946,956,138,-492,-862,-661,-272,567
1743,1449,2711,4924,5540,3825,898,-693,-378,877,1691,1642,1736,1907,1445,1352,2288,4037,5517,4731,2038,-408,-829,470,1505,1741,1706,1745,1666,1227,1496,3219,5264,5429,3182,422,-888,-32,1336,1596,1542,1606,1665,1626,1510,2433,4706,5460,4237,1179,-617,-469,792,1786,1558,1779,2030,1521,1138,1904,3836,5540,5135,2269
363,571,805,1000,1302,1473,1642,1693,1612,1493,1302,1051,830,533,425,298,311,359,681,829,1117,1366,1513,1641,1707,1621,1481,1272,1054,837,639,391,337,375,474,627,802,1079,1336,1549,1659,1742,1603,1609,1283,1039,782,598,461,356,393,390,594,910,1135,1357,1578,1661,1729,1693,1551,1354,1084,814
-1600,-2214,-3575,-4076,-3572,-2566,33,1237,1652,837,-953,-2004,-1751,-1351,-1059,-1107,-1622,-2077,-2974,-3584,-3904,-2631,-973,1371,1601,1293,-598,-1584,-1673,-1260,-888,-1620,-1594,-2163,-2924,-3508,-4212,-3130,-1293,780,1530,1647,-167,-1713,-1712,-1391,-927,-1341,-1746,-2253,-2539,-3264,-3978,-3350,-1987,329,2093,1623,-123,-1389,-1562,-1650,-1148,-1368
1757,1140,440,-179,-647,-740,-624,-189,475,1130,1832,2231,2369,2252,1848,1196,598,-161,-593,-778,-592,-215,362,984,1665,2139,2295,2243,1829,1335,590,48,-459,-688,-650,-333,206,903,1597,2048,2323,2307,2062,1440,823,100,-401,-673,-694,-428,132,809,1469,1995,2311,2328,2135,1603,933,195,-361,-734,-746,-408
841,965,-368,-2193,-1644,2199,5213,4693,2128,243,-271,-486,235,603,970,-804,-2587,-1234,2595,5405,4452,1813,96,-595,-354,-211,700,852,-1119,-2634,-727,3261,5582,4314,1540,-125,-360,-436,60,939,826,-1293,-2255,-421,3791,5556,3757,1155,-38,-279,-437,131,865,576,-1398,-2257,184,4212,5226,3522,865,-155,-322,-432
1293,1447,1467,1325,1134,916,593,361,88,55,-40,63,217,522,739,1151,1278,1378,1466,1386,1236,1006,701,376,199,-30,-15,52,120,462,714,942,1199,1370,1451,1431,1300,1084,785,451,218,59,-75,25,145,379,628,933,1163,1368,1460,1389,1336,1119,904,605,269,66,-25,36,19,250,527,790
-290,-1244,-2845,-4396,-4827,-4638,-3883,-2697,-1147,799,1981,1884,264,-1693,-2484,-2182,-1159,-671,-1338,-2804,-4136,-4802,-4546,-3866,-2611,-1274,709,2060,1782,154,-1742,-2592,-2490,-1033,-518,-1563,-2658,-4253,-4860,-4567,-3834,-3088,-1091,728,2170,1977,148,-1594,-2668,-2080,-1041,-458,-1163,-2951,-4368,-4809,-4347,-3851,-2921,-1412,1060,2030,1836,277
-1130,-827,-617,-304,-83,205,355,462,364,325,139,-44,-479,-672,-987,-1083,-1187,-1279,-1198,-967,-780,-415,-232,80,325,364,463,387,144,-6,-280,-564,-796,-1052,-1251,-1240,-1201,-1040,-884,-592,-247,-75,186,379,489,379,355,122,-121,-404,-724,-967,-1157,-1222,-1199,-1112,-932,-707,-441,-236,81,269,376,479
-2256,-801,145,-78,-708,-1049,-416,707,169,-814,-1931,-2421,-2664,-2484,-2213,-965,-179,-74,-881,-1186,-551,490,421,-831,-1931,-2452,-2644,-2580,-2174,-1207,-44,102,-615,-1349,-193,306,597,-683,-1848,-2485,-2684,-2700,-2070,-1106,-40,39,-909,-1289,-566,378,242,-797,-1871,-2325,-2630,-2845,-2160,-807,165,37,-717,-1029,-493,471
13,1326,2321,3016,2951,2206,1080,-281,-1413,-2045,-2035,-1427,-299,1070,2290,2836,2933,2309,1293,-30,-1279,-2005,-2149,-1532,-573,800,2056,2820,3013,2562,1515,244,-968,-1865,-2150,-1743,-796,605,1787,2716,3004,2784,1734,513,-774,-1720,-2130,-1829,-967,260,1617,2609,3014,2769,2022,781,-541,-1572,-2134,-2000,-1252,-28,1368,2439
-1863,-1538,-1982,-2666,-2874,-1805,-337,-22,-791,-1372,-2181,-2400,-3537,-3192,-3082,-2051,-1694,-1846,-2898,-2868,-1815,-56,44,-383,-1225,-2232,-2439,-2647,-3371,-2813,-1796,-1301,-1833,-2782,-2536,-1375,10,4,-783,-1628,-2031,-1954,-2576,-3752,-2791,-1521,-1487,-2709,-2809,-2608,-1848,-64,-1,-334,-1196,-1996,-2812,-2653,-3426,-2573,-2017,-1205,-1846,-2753
2815,3228,3303,3083,2796,2160,1436,709,132,-393,-542,-443,-58,479,1080,1750,2462,2985,3264,3273,3063,2495,1922,1183,528,-8,-402,-534,-424,51,640,1319,1995,2698,2954,3306,3176,2917,2420,1704,1002,380,-92,-522,-449,-274,187,839,1538,2182,2758,3144,3292,3137,2770,2217,1583,793,108,-211,-458,-486,-105,332
524,77,879,3079,4483,3941,2777,2448,1614,1214,1010,1272,1553,2567,2360,1130,-96,397,2389,4398,3977,3609,2485,2117,880,959,421,1561,1925,2595,1496,164,98,2248,3879,4487,3524,2786,1924,1637,1059,475,1154,2370,2411,1906,426,-61,908,2922,4349,4380,3585,2633,1790,886,838,823,1878,2707,2530,1085,55,371
-1504,-1183,-814,-501,-296,-128,-94,-127,-280,-630,-860,-1181,-1499,-1726,-1948,-2095,-2004,-1823,-1688,-1363,-1001,-723,-448,-182,-161,-125,-208,-388,-693,-938,-1317,-1638,-1846,-1968,-2060,-1956,-1753,-1559,-1217,-971,-617,-270,-68,-110,-149,-276,-501,-777,-1116,-1394,-1652,-1931,-1997,-2025,-1894,-1686,-1461,-1063,-788,-497,-282,-135,-76,-147
45,458,739,895,1172,2455,4232,5296,4737,2631,45,-1718,-2210,-821,-194,70,-309,-53,284,739,320,931,1168,1802,3898,5217,5530,2782,839,-1278,-2081,-1263,-475,258,-13,522,-312,255,522,780,746,1954,3248,4945,5331,3694,1970,-778,-1920,-1569,-734,58,592,452,-349,201,540,942,670,1177,3253,4274,4883,4547
2432,2282,1883,1222,577,48,-314,-397,1,525,1147,1820,2213,2306,2158,1647,1082,398,-78,-358,-250,111,755,1386,2014,2307,2314,2021,1460,750,151,-236,-317,-62,340,1018,1553,2153,2351,2262,1884,1238,552,-8,-320,-298,-1,611,1239,1808,2321,2412,2153,1619,935,385,-148,-396,-240,178,789,1427,2008,2338
50,-1619,-2374,-2150,-2291,-1946,447,4038,6017,5399,1563,-980,-1075,505,2075,1572,-594,-1717,-2387,-2166,-2052,-1529,1441,4694,6434,5112,1077,-1456,-935,1314,2503,1136,-626,-2093,-2529,-2385,-1973,-954,2242,5060,6432,4043,420,-1262,-567,1874,2304,891,-938,-2236,-2483,-2157,-2071,-413,2729,5454,6161,3828,-9,-1610,-338,1896,2139,320
-697,-674,-575,-335,44,349,552,561,462,254,-149,-401,-668,-689,-661,-428,-68,240,443,636,550,361,0,-344,-599,-767,-715,-455,-175,73,432,636,579,383,153,-189,-487,-702,-799,-623,-323,49,338,503,608,487,190,-50,-351,-653,-731,-639,-424,-124,240,493,652,505,356,76,-318,-519,-745,-729
-1125,2168,1805,690,1052,1700,975,-268,311,501,-1269,-4825,-4945,-854,2229,1932,878,840,1445,892,52,203,644,-1809,-4883,-4845,-734,2499,2310,304,854,1500,823,18,130,942,-1946,-5032,-4823,-685,2355,1974,704,910,1498,937,-123,481,644,-1829,-4887,-4876,-694,2601,2123,976,1199,1755,629,-100,742,581,-1855,-4987
-2135,-2756,-3031,-2978,-2612,-2112,-1440,-827,-444,-451,-725,-1249,-1929,-2555,-2983,-3101,-2782,-2305,-1653,-1029,-534,-396,-581,-1047,-1751,-2355,-2895,-3134,-2911,-2485,-1920,-1274,-685,-375,-458,-885,-1425,-2168,-2661,-3005,-3089,-2736,-2172,-1446,-819,-425,-415,-709,-1224,-1939,-2475,-2879,-3104,-2895,-2320,-1637,-1034,-609,-373,-553,-947,-1664,-2261,-2833
-1450,-1866,-1759,-1153,-594,-552,-467,320,762,678,-148,-613,-28,1397,2377,2536,1395,-610,-1774,-1655,-1153,-622,-535,-479,158,848,793,95,-301,-299,539,1878,2484,2045,293,-1461,-1860,-1605,-884,-634,-671,-435,135,445,769,-42,-459,-240,1107,2407,2947,1512,-72,-1465,-1649,-1586,-698,-303,-367,-250,349,875,603,-159
-316,-14,317,713,1016,1193,1172,1086,709,274,-62,-334,-457,-468,-219,101,462,880,1085,1218,1104,859,502,83,-242,-420,-488,-365,7,287,682,1061,1238,1184,964,715,357,-70,-379,-576,-455,-207,83,529,843,1172,1233,1099,907,500,159,-253,-429,-537,-296,-27,326,685,1008,1142,1225,1076,670,314
1005,1708,2228,2511,1464,530,454,425,879,1995,3167,3215,2434,1529,1074,1851,2370,2065,1054,310,311,524,1697,2878,3571,2844,1656,1394,1775,2160,2114,1441,393,74,512,1410,2364,3270,3318,2231,1394,1641,2401,2228,1761,545,338,422,1073,2099,3198,3143,2513,1546,1218,2274,2696,2294,938,366,174,380,1366,2789
34,-344,-748,-872,-786,-509,29,500,803,998,930,650,196,-242,-635,-885,-782,-567,-129,331,630,991,940,742,369,-85,-519,-868,-914,-695,-324,193,665,926,1057,882,519,30,-443,-751,-875,-741,-413,-12,558,903,1057,901,646,156,-273,-707,-808,-883,-630,-71,260,753,951,1054,712,312,-189,-577
-466,715,58,-1801,-3734,-3571,-2810,-1880,-1642,-1793,-1920,-2090,-1834,-544,687,718,-1060,-3125,-4138,-3275,-2140,-2004,-1859,-2017,-2192,-2148,-1465,219,1124,-348,-2234,-3830,-3748,-2467,-1914,-1703,-1964,-2083,-2079,-1743,-610,567,433,-1651,-3062,-4031,-2781,-2098,-1871,-2023,-1973,-2225,-1985,-826,395,842,-529,-2738,-4148,-3213,-2282,-1697,-1633,-1765
1866,2092,1907,1360,481,-497,-1456,-2150,-2616,-2720,-2365,-1757,-635,231,1119,1757,2081,1988,1528,624,-310,-1233,-2049,-2582,-2620,-2389,-1764,-902,149,978,1649,2090,2037,1556,845,-111,-1081,-1951,-2525,-2738,-2494,-1911,-1082,-128,892,1597,2026,2010,1693,993,17,-923,-1799,-2435,-2700,-2531,-2029,-1234,-295,684,1512,1917,2063,1774
4882,4103,2367,-244,-1812,-1587,1673,4346,3426,1793,1475,2826,4534,4112,2901,559,-2088,-1360,906,3396,3774,1911,1138,2878,4855,4301,2646,281,-1827,-1756,732,3512,3846,1946,1066,2709,4320,4540,3086,460,-1390,-2389,385,3324,3712,2149,1358,2484,4012,4332,3045,1198,-1261,-2237,-6,3160,4070,2315,621,2279,4025,4419,4154,1460
2081,2015,1787,1370,994,744,427,346,390,652,1017,1375,1757,1969,2079,1951,1722,1289,963,557,397,434,504,768,1211,1524,1867,2053,2074,1895,1589,1177,818,470,331,366,562,883,1274,1632,1978,2100,2091,1754,1448,1064,608,380,344,367,667,992,1460,1808,1998,2186,1972,1728,1357,837,570,396,291,446
1910,2093,1674,1046,846,1023,1521,1879,1334,435,40,93,1118,1734,1813,1933,2112,2124,2264,1839,1538,1162,1016,1578,1467,1271,790,-42,522,946,1446,1684,1608,2154,2041,2522,1741,1053,1015,1242,1231,1762,1249,554,116,312,1219,1624,1608,2112,2034,2252,1839,1881,1253,1197,950,1435,1375,1568,720,-45,129,812
-949,-55,870,1846,2363,2604,2524,2020,1325,404,-540,-1446,-1982,-2206,-2095,-1716,-872,-19,871,1823,2329,2634,2530,2048,1283,365,-510,-1376,-1963,-2209,-2085,-1625,-901,27,1039,1892,2370,2645,2553,1992,1218,333,-632,-1407,-2085,-2283,-2120,-1556,-777,161,1038,1878,2373,2624,2475,1950,1148,242,-541,-1425,-2126,-2231,-2092,-1501
1690,1944,1737,1619,1509,1401,1442,2297,3273,4049,3866,2975,1320,7,-463,183,1133,1772,1812,1691,1599,1602,1258,1604,2064,3102,3816,4244,3247,1571,464,-387,75,882,1592,1885,1656,1500,1592,1476,1471,2022,2889,3745,4086,3591,1758,473,-193,4,763,1592,1920,1751,1573,1347,1343,1577,1760,2654,3718,4188,3765,2423
581,403,575,818,1348,1946,2588,3087,3386,3421,3216,2824,2270,1608,1012,762,380,495,800,1282,1937,2568,3111,3312,3486,3256,2861,2363,1759,1081,682,472,517,774,1256,1922,2551,2987,3301,3434,3308,2933,2338,1787,1175,639,506,556,789,1285,1917,2454,2979,3367,3486,3336,2973,2414,1789,1196,764,480,523,820
-202,3951,5420,3414,336,-1831,-2782,-3373,-3102,-1320,1521,1621,-519,-2769,-1416,2528,5014,4609,1570,-909,-2349,-3271,-3317,-2365,362,1995,472,-2161,-2495,558,4266,5105,2806,-140,-1854,-2920,-3789,-2827,-521,1618,1465,-1059,-2707,-873,3111,5436,4143,992,-1093,-2593,-3344,-3221,-1639,1006,1879,116,-2415,-2019,1394,4845,4976,2371,-376,-2149
-122,-373,-400,-334,-146,239,693,1089,1426,1666,1735,1596,1375,1052,626,170,-100,-312,-419,-288,-88,349,716,1100,1429,1618,1719,1580,1344,965,558,169,-229,-431,-402,-299,-74,304,819,1218,1538,1697,1652,1627,1308,905,470,66,-218,-419,-406,-210,42,410,885,1226,1620,1722,1612,1544,1185,773,329,20
812,-794,-151,2068,3923,4172,3178,2031,1272,-97,-508,-2067,-2347,-1028,1021,2439,2130,717,-830,-312,1315,3332,3890,3286,2112,895,323,-602,-1949,-2611,-1256,643,2697,2564,915,-210,-369,1192,3390,3975,3886,2420,1463,470,-609,-1667,-2322,-1951,422,2312,3030,1491,-165,-673,724,2801,4193,3703,3025,1603,768,-196,-1059,-2242
-1520,-2215,-2811,-3245,-3436,-3330,-3100,-2530,-1864,-1093,-515,78,570,746,672,406,-91,-777,-1487,-2165,-2768,-3209,-3359,-3364,-3101,-2539,-1933,-1184,-517,-4,558,733,694,350,-110,-788,-1415,-2133,-2717,-3219,-3449,-3291,-3026,-2523,-1904,-1152,-451,114,522,715,673,386,-108,-749,-1516,-2205,-2839,-3171,-3390,-3395,-3110,-2652,-1878,-1179
-2140,-100,161,-3310,-7511,-7275,-2167,696,734,-377,-134,-1145,-1819,-1040,857,-1861,-6713,-7989,-3623,-186,604,63,-102,-516,-1781,-1602,371,-532,-5357,-8040,-5414,-636,1066,118,-506,-361,-2001,-1785,-34,364,-3483,-7858,-7266,-2170,665,591,-67,-353,-939,-2306,-798,617,-1993,-6765,-7902,-4514,32,607,-257,-511,-839,-1955,-1700,134
72,-100,-210,-46,169,589,1036,1402,1786,2021,2148,2168,1949,1607,1173,772,302,16,-178,-218,-66,273,529,1058,1446,1804,2089,2223,2133,1842,1563,1251,697,288,-18,-172,-197,-51,233,654,1053,1509,1871,2134,2204,2138,1919,1491,1133,720,286,-62,-191,-219,22,268,735,1116,1570,1846,2120,2167,2121,1849
-1799,232,826,765,1115,-315,-145,-191,27,698,1249,997,84,532,69,-1036,-1637,-2041,-2438,-1165,21,1062,799,437,-92,176,326,663,720,1038,560,573,547,-169,-1114,-1967,-2486,-1849,-837,402,1368,1080,529,-208,-366,265,317,1246,713,731,896,203,-244,-1277,-2137,-2458,-1631,-333,641,1317,509,196,-351,-13
1974,1510,988,773,719,966,1451,1941,2479,2805,2935,2867,2522,2084,1572,1053,810,701,865,1264,1874,2277,2744,2984,2930,2598,2132,1638,1198,824,705,821,1222,1759,2189,2712,2908,2927,2735,2258,1806,1257,889,692,783,1142,1494,2136,2643,2882,2947,2716,2431,1912,1366,1039,771,760,1015,1457,2001,2483,2850,2948
-2140,-1107,-1218,-473,107,-252,-720,-1677,-1692,-1283,-490,-882,-1623,-2280,-2439,-1973,-1327,-625,-273,-321,-84,-645,-1315,-1715,-1071,-815,-1167,-1664,-2642,-2766,-1993,-1385,-546,-550,-97,-278,-1061,-1610,-1926,-1436,-714,-428,-1534,-2287,-2773,-2324,-1294,-1219,-620,-169,-150,-826,-1466,-1804,-1342,-666,-716,-1609,-2320,-2287,-1960,-1636,-940,-296
-593,-1153,-1373,-1372,-1090,-643,23,648,1238,1552,1689,1435,985,337,-321,-847,-1251,-1418,-1333,-847,-291,387,1014,1418,1627,1571,1243,650,-9,-591,-1144,-1381,-1394,-1128,-562,119,745,1242,1611,1668,1371,936,270,-306,-932,-1296,-1439,-1216,-830,-171,478,1136,1495,1660,1554,1097,652,-49,-661,-1185,-1383,-1384,-1028,-455
1804,1726,1344,1199,730,2134,3186,3657,3480,2695,2272,1951,1142,1703,1754,1267,1909,1445,1189,913,883,1790,3459,3875,3810,2893,1892,1697,1325,1494,999,1552,1731,1904,1454,596,987,2281,3293,3897,3436,2583,1562,1501,1562,1032,1043,1440,1571,1177,989,1010,1262,2024,3479,3835,3243,2502,1799,1617,1507,1350,1280,1257
695,759,803,609,334,-162,-614,-984,-1291,-1525,-1488,-1320,-1080,-624,-170,196,597,735,814,667,373,23,-459,-885,-1212,-1429,-1473,-1405,-1102,-757,-364,82,438,698,808,718,496,129,-276,-749,-1160,-1364,-1493,-1441,-1202,-962,-463,-24,329,678,855,799,560,266,-153,-610,-992,-1347,-1499,-1487,-1296,-1030,-638,-180
5040,3858,2579,743,-878,-3405,-2977,-679,1788,2152,-841,-3140,-3503,-1416,2806,5322,5068,4175,2664,825,-1093,-2498,-2610,-603,1431,1688,-871,-3077,-3460,-679,3033,5092,4746,3861,2806,1279,-1647,-2913,-3233,-388,1675,1115,-787,-3265,-3372,-296,2847,5192,4871,4083,1863,649,-1181,-3076,-3108,-556,1636,1679,-712,-3263,-3414,-117,3403,5408
-723,-1191,-1374,-1305,-1052,-490,-23,510,677,662,378,-125,-780,-1131,-1408,-1301,-1003,-559,-19,504,690,641,377,-123,-670,-1065,-1408,-1318,-1056,-597,-46,429,738,725,359,-117,-578,-1138,-1371,-1386,-1105,-589,-91,402,728,656,468,18,-654,-1046,-1342,-1360,-1151,-698,-98,333,663,686,416,-19,-484,-1001,-1367,-1391
-237,-274,-1335,-2315,-2897,-2350,-1430,1218,3710,3963,1936,-748,-2167,-1370,-423,-327,-1353,-1965,-2789,-2758,-1707,644,3362,4193,2209,-1022,-2387,-1711,-244,-36,-1468,-2160,-2627,-2574,-1717,702,3266,4294,2534,-572,-2425,-1543,-355,-335,-1285,-1911,-2666,-2606,-1749,393,3016,4264,2537,-374,-2289,-1778,-332,-75,-1000,-2042,-2550,-2823,-1874,293
-1225,-1565,-1991,-2205,-2238,-2096,-1746,-1427,-986,-647,-569,-641,-849,-1205,-1602,-1972,-2180,-2198,-2043,-1796,-1444,-1067,-737,-552,-566,-838,-1148,-1524,-1935,-2172,-2156,-2105,-1868,-1418,-1019,-724,-552,-620,-795,-1128,-1477,-1904,-2168,-2182,-2135,-1887,-1515,-1066,-796,-611,-585,-720,-1146,-1506,-1840,-2136,-2272,-2239,-1910,-1494,-1159,-764,-641,-642
-900,-1823,-3597,-3374,-1257,1257,3113,3220,1905,727,-596,-1229,-1312,-1288,-854,-421,-496,-1573,-2714,-3669,-2688,-90,2568,3751,2502,988,-225,-833,-1068,-1375,-994,-450,-545,-984,-2530,-3425,-3054,-962,1584,3302,3231,1726,466,-881,-952,-1585,-1112,-1028,-223,-624,-1335,-2883,-4169,-1926,688,2492,3278,2281,1165,-611,-1206,-1074,-1351,-1127
-559,-1123,-1624,-2075,-2298,-2316,-2152,-1694,-1099,-615,-275,-159,-219,-542,-1049,-1621,-2037,-2347,-2307,-2035,-1668,-1105,-601,-283,-132,-286,-525,-1079,-1597,-2084,-2292,-2312,-2053,-1694,-1136,-633,-287,-147,-223,-626,-993,-1579,-2004,-2278,-2308,-2062,-1681,-1113,-638,-289,-157,-229,-582,-1059,-1674,-2039,-2305,-2278,-2015,-1701,-1133,-637,-224,-111
712,389,268,250,476,491,172,-746,-232,1231,3216,3449,2265,1445,608,863,736,160,84,462,506,83,-590,-422,1316,2690,3394,2617,1328,1060,740,911,267,156,284,364,154,-562,-388,831,2791,3178,2576,1438,1067,1039,825,227,-114,240,793,257,-448,-665,769,2634,3087,2936,1727,873,703,843,517,-55
712,1099,1346,1600,1558,1379,1006,576,30,-490,-878,-1222,-1344,-1303,-1197,-693,-238,192,700,1125,1482,1595,1552,1341,965,436,-56,-521,-997,-1210,-1336,-1260,-1026,-647,-204,336,854,1250,1435,1535,1512,1274,867,355,-73,-567,-1045,-1235,-1392,-1204,-992,-634,-145,427,871,1307,1465,1576,1520,1260,852,315,-129,-662
814,1445,1486,31,-768,-761,362,1269,1889,1811,1239,-203,-756,-1375,-1861,-2350,-2070,-508,464,1548,1248,403,-447,-924,-133,1257,1868,1897,916,-26,-834,-1506,-2036,-2223,-2053,-1237,51,1420,1370,830,-325,-1014,-76,806,1795,2107,1375,577,-712,-1376,-1910,-2367,-2342,-1268,29,1033,1477,1256,-257,-843,-782,632,1533,2111
2230,2099,1714,1158,555,-148,-620,-949,-1100,-901,-572,-63,620,1221,1751,2187,2191,2162,1793,1198,647,50,-535,-886,-1036,-1028,-661,-123,469,1144,1673,2116,2223,2203,1976,1410,852,231,-423,-832,-1037,-987,-707,-230,282,957,1584,2041,2267,2229,2023,1521,941,255,-311,-811,-952,-1002,-901,-434,230,811,1446,1909
2127,2446,110,-2854,-4420,-5112,-5247,-2520,357,-696,-3512,-3667,206,2886,1545,-1339,-3256,-4678,-5583,-4314,-1069,172,-2428,-4443,-2246,1836,2589,21,-3012,-4079,-5393,-5177,-2489,207,-840,-3713,-4058,79,2566,1360,-1771,-3437,-4995,-5584,-4093,-807,350,-2646,-4399,-2141,2232,2734,49,-2846,-4339,-5337,-5070,-2399,243,-674,-4084,-4144,-25,3202
127,-154,-779,-1514,-2119,-2696,-3110,-3222,-3234,-2916,-2423,-1707,-1022,-468,95,301,300,-38,-423,-1064,-1699,-2373,-2953,-3240,-3271,-3117,-2631,-2080,-1482,-711,-207,159,260,191,-165,-736,-1343,-2024,-2591,-3066,-3307,-3179,-2963,-2501,-1867,-1136,-483,-48,303,239,114,-402,-985,-1638,-2306,-2847,-3256,-3389,-3135,-2760,-2179,-1513,-860,-283
3141,4705,3398,-116,-1853,-2114,-1102,-328,1980,5060,6509,4789,1060,253,2324,4610,3898,712,-1497,-2137,-757,-137,1585,4884,7026,5424,2318,-351,1750,4698,4345,1520,-1098,-2178,-1298,-713,831,3788,6259,5818,3069,37,1002,4129,4980,2883,-902,-2002,-1758,-730,457,3156,5853,6354,3535,387,802,3342,5150,2802,-371,-2301,-1647,-1102
1008,1207,1407,1661,1921,2079,2304,2373,2325,2299,2005,1858,1550,1316,1177,994,981,1045,1172,1406,1639,1853,2098,2225,2379,2403,2300,2129,1844,1583,1371,1157,969,1007,1055,1135,1343,1677,1864,2122,2223,2390,2413,2305,2172,1895,1638,1407,1244,1067,971,1017,1134,1379,1579,1802,2085,2278,2330,2375,2366,2170,1910,1676
-2909,-421,2250,3291,3018,1486,-182,-1815,-2035,-556,566,49,-2647,-3483,-1634,1250,3305,3203,2680,948,-1045,-2369,-1538,499,629,-1325,-3291,-2600,69,2455,3168,2690,1485,-401,-2013,-2057,-144,891,-421,-2838,-3263,-1246,1692,3291,3119,1951,411,-1501,-2064,-1133,679,640,-1575,-3319,-2203,309,2947,3303,2442,979,-616,-2226,-1526,88
-1373,-1274,-990,-603,-76,451,889,1211,1486,1516,1405,1087,613,158,-396,-856,-1174,-1361,-1428,-1251,-903,-534,-22,432,948,1271,1451,1538,1354,978,638,58,-479,-876,-1214,-1333,-1459,-1265,-953,-479,18,615,963,1292,1447,1470,1347,919,609,21,-452,-946,-1289,-1401,-1367,-1243,-871,-519,60,614,1003,1366,1493,1486
2473,1492,752,1716,3189,4493,4499,2842,632,-691,-1725,-1018,-251,526,1124,1982,2049,2028,1423,904,1556,3143,4399,4387,2677,375,-1213,-1601,-1014,-362,174,1033,2174,2869,2143,1298,871,1652,3471,4475,4276,2642,401,-1272,-1638,-1050,-239,691,927,1770,2265,2099,1282,840,1811,3694,4384,4483,2523,213,-1235,-1421,-914,-156
-2242,-1799,-1076,-101,965,1903,2602,2855,2645,2015,1229,82,-899,-1688,-2228,-2250,-1974,-1326,-327,705,1702,2381,2712,2685,2295,1457,393,-620,-1541,-2072,-2322,-2154,-1607,-673,413,1396,2184,2684,2759,2412,1776,678,-315,-1247,-1955,-2358,-2185,-1786,-923,95,1140,2023,2593,2802,2607,1916,1065,8,-972,-1739,-2252,-2317,-1963,-1205
-3852,-3983,-2389,-993,-2143,-4181,-4420,-1739,1987,3260,1348,-963,-2978,-3587,-3392,-1560,-820,-2516,-4715,-3991,-633,2642,2627,805,-1889,-3136,-3859,-3072,-1085,-1200,-3115,-4399,-3091,676,2857,2188,5,-2085,-3336,-3501,-2227,-814,-1684,-3854,-4862,-2190,1682,3038,1596,-626,-2657,-3883,-3423,-1881,-805,-2087,-4657,-4247,-1266,2041,2546,1092,-1412,-2672
-2056,-1454,-850,-382,-145,-46,-412,-833,-1409,-1981,-2369,-2529,-2306,-1953,-1289,-699,-249,-78,-84,-504,-1002,-1615,-2183,-2416,-2477,-2253,-1673,-1209,-576,-202,-63,-179,-547,-1132,-1784,-2222,-2492,-2427,-2120,-1577,-958,-487,-83,-60,-285,-745,-1329,-1953,-2398,-2407,-2371,-1941,-1437,-808,-290,-74,-74,-369,-945,-1564,-2031,-2380,-2517,-2274
-1370,-1420,-1895,-2876,-3380,-2634,-120,919,1475,724,-479,-1622,-2930,-3852,-4254,-3676,-2213,-1192,-1274,-2546,-3699,-3299,-1285,704,1370,920,173,-641,-2524,-3960,-4557,-4050,-2383,-1403,-1307,-2189,-3111,-3321,-2091,374,947,1413,521,-508,-2282,-3097,-3905,-4281,-3353,-2185,-1137,-1501,-3305,-3243,-2122,-1215,1014,1660,1055,-397,-1100,-2910,-3849,-4110
388,-1,20,355,836,1519,2172,2764,3101,3042,2755,2204,1481,772,289,45,132,423,1102,1680,2389,2899,3061,3062,2596,1937,1260,613,133,2,180,562,1241,1894,2519,2993,3100,2928,2475,1773,1071,447,99,-51,247,733,1401,2131,2697,3006,3077,2833,2264,1610,878,318,34,96,306,873,1616,2302,2889,3061
147,-2201,-4939,-4213,-424,2004,418,-957,187,2062,1888,727,278,-637,-3062,-5199,-3125,674,1683,-173,-943,1128,2218,1383,390,239,-1207,-4136,-4901,-1756,1725,1228,-683,-242,1718,2261,1106,370,-67,-2200,-4788,-4077,-505,1775,475,-956,238,2280,1694,540,360,-655,-3097,-5044,-3199,740,1578,-97,-804,1119,2277,1386,274,257
498,420,681,1118,1723,2352,2887,3093,3105,2831,2190,1604,985,622,434,541,1002,1586,2216,2649,3065,3113,2894,2407,1784,1280,715,450,484,792,1282,1929,2495,2934,3049,2982,2648,2125,1468,887,554,460,623,1088,1641,2334,2808,3110,3106,2755,2305,1715,1159,669,483,553,915,1346,2045,2687,2983,3122,2950,2537
1705,1029,1491,2610,1176,-803,-2012,-1062,126,1662,1951,2975,2315,1218,769,1922,2626,925,-1314,-2272,-1054,602,1399,2944,2586,2086,1116,1498,2314,2218,479,-1483,-1904,-499,650,2275,2575,2762,2031,945,1248,2615,2557,-672,-2203,-1713,-432,1528,2270,2843,2600,1751,631,2086,2597,1227,-729,-2203,-1609,-223,1562,2486,2810,2535
697,355,-342,-1282,-2296,-3022,-3496,-3411,-2938,-2112,-1045,-136,524,678,380,-241,-1249,-2158,-3064,-3429,-3439,-2945,-2210,-1159,-223,436,664,383,-196,-1126,-2065,-2883,-3448,-3408,-2955,-2280,-1257,-382,356,620,488,-116,-978,-1972,-2875,-3356,-3515,-3034,-2378,-1371,-445,323,660,539,-39,-923,-1835,-2696,-3338,-3479,-3125,-2476,-1489,-555
-88,-1323,-2464,-2204,-756,1023,1290,698,227,97,175,-102,-27,-131,-1023,-2354,-2643,-998,956,1340,743,228,128,250,261,81,-70,-979,-2118,-2457,-1422,505,1273,981,298,230,98,-193,253,52,-598,-1716,-2614,-1965,172,1485,1015,359,210,274,324,167,-7,-418,-1417,-2490,-2157,-443,1423,1268,475,108,252,304
812,921,832,602,307,-49,-262,-322,-284,-12,263,562,827,959,855,573,235,-35,-233,-309,-296,-43,222,599,782,936,874,588,318,32,-172,-391,-225,-78,147,571,711,911,839,718,414,114,-232,-298,-298,-114,175,476,741,887,887,626,403,69,-157,-362,-339,-115,100,494,752,885,831,765
2931,2324,1343,1672,1211,880,1036,1129,-89,-425,555,2885,3166,1968,1618,1442,1088,462,1217,1151,129,-838,353,2402,3222,2653,1622,1413,1385,447,986,1370,220,-947,28,2252,3435,2359,1696,1932,1295,989,1065,1341,206,-733,-411,2110,3342,2676,1795,1440,1135,1095,859,1229,787,-740,-137,1553,2904,2484,1811,1772
1269,543,42,-231,-5,542,1322,2148,2907,3299,3448,3118,2505,1715,875,196,-206,-112,208,898,1754,2623,3108,3397,3338,2814,2077,1220,442,-66,-188,40,586,1360,2240,2942,3404,3403,3079,2400,1613,838,116,-172,-155,329,1003,1845,2630,3165,3473,3244,2763,1971,1105,470,-114,-190,-29,684,1458,2277,2996,3397
-1436,-3734,-4960,-3232,840,3655,2519,527,-172,376,539,143,-1027,-2983,-4797,-4424,-887,2813,3322,1200,-459,35,739,519,-364,-1813,-4165,-4826,-2569,1867,3515,2202,56,-70,502,324,114,-1194,-3164,-4966,-3894,371,3392,2889,975,-218,261,993,320,-790,-2232,-4720,-4547,-1531,2491,3484,1400,-64,75,458,746,-212,-1673,-3893
-2677,-1885,-921,-53,828,1468,1768,1733,1245,585,-323,-1274,-2201,-2857,-3274,-3309,-2963,-2257,-1480,-498,405,1181,1689,1780,1499,1038,183,-850,-1693,-2540,-3026,-3238,-3175,-2676,-1895,-953,6,839,1448,1770,1719,1318,602,-292,-1294,-2180,-2859,-3236,-3247,-2977,-2359,-1455,-524,425,1174,1647,1717,1568,941,197,-796,-1744,-2503,-3094
438,3327,4566,1532,-938,-1541,-2293,-2339,393,3766,3535,182,-273,2815,4593,2524,-688,-1939,-2195,-2488,-632,3260,4493,1268,-620,1666,4228,3393,583,-1825,-2250,-2246,-1521,2083,4194,2306,-90,1059,3607,4105,1453,-1085,-1591,-3041,-1739,1186,3957,3504,203,336,3035,4578,1663,-763,-1741,-2533,-2317,552,3755,4041,477,-336,1735,4626
397,-152,-738,-1238,-1521,-1659,-1625,-1336,-925,-485,235,741,1248,1486,1576,1500,1228,738,243,-445,-1026,-1363,-1619,-1716,-1547,-1227,-654,-59,465,914,1347,1647,1616,1384,1033,450,-61,-629,-1180,-1557,-1693,-1625,-1447,-990,-446,133,646,1167,1488,1567,1546,1225,774,270,-409,-896,-1265,-1633,-1705,-1615,-1287,-821,-196,414
-2221,-619,840,1279,1846,2098,1253,860,683,32,921,1862,1831,1111,-663,-2294,-2810,-2605,-130,980,1509,1565,2015,2099,1189,300,-174,1013,1430,2320,1188,-864,-2544,-2667,-2092,-620,559,1547,1961,1923,1519,826,531,-21,868,2210,2354,1295,-234,-2371,-3495,-2274,-587,622,1248,2167,1441,1011,1130,398,566,750,1802,2347
1392,1042,488,-164,-846,-1384,-1814,-2096,-2046,-1823,-1401,-750,-99,564,1068,1409,1470,1375,1133,639,-105,-728,-1271,-1760,-1973,-2118,-1814,-1456,-916,-218,469,969,1304,1529,1477,1203,610,52,-602,-1201,-1732,-1997,-2102,-1902,-1509,-1045,-405,318,866,1243,1521,1502,1216,787,200,-454,-1128,-1590,-1868,-2068,-1971,-1619,-1111,-500
3456,2458,1761,1097,634,798,971,1481,1920,1577,682,914,1901,2922,3076,2920,1685,1068,782,498,761,1354,1882,1574,1311,794,1518,2571,3220,3333,2383,1517,870,511,739,743,1554,1878,1656,1115,976,2170,3038,3302,2454,1854,1034,580,543,764,1237,1804,1684,1031,1019,1469,2630,3368,3081,2340,1429,1140,414,575
827,1777,2395,2851,2733,2210,1335,405,-428,-975,-1103,-828,-70,801,1684,2425,2846,2714,2251,1394,488,-335,-981,-1139,-822,-99,789,1673,2398,2770,2769,2245,1442,407,-426,-975,-1112,-838,-214,742,1724,2384,2790,2711,2296,1434,565,-287,-934,-1132,-822,-183,620,1637,2393,2784,2787,2313,1476,565,-309,-903,-1107,-868
-2951,-1498,177,2459,2151,-40,-2054,-2498,-2296,-1626,-1842,-2111,-1738,-2279,-2628,-2226,-59,2203,2963,900,-1286,-2323,-1906,-2340,-2012,-1714,-1252,-1849,-2622,-2298,-258,1522,2272,1474,-1219,-2495,-2378,-1731,-1911,-2344,-1800,-1706,-2431,-2135,-1360,1349,2637,1733,-450,-2158,-2902,-1932,-2252,-2435,-1875,-1671,-2527,-2619,-1176,1293,2337,2117,-89,-1808
744,291,-118,-628,-961,-1328,-1438,-1288,-1103,-685,-288,233,620,948,961,867,521,219,-313,-783,-1186,-1353,-1431,-1238,-930,-510,10,424,702,919,886,713,403,11,-536,-926,-1270,-1373,-1337,-1079,-776,-346,171,588,849,924,909,592,194,-228,-755,-1048,-1371,-1398,-1292,-1017,-533,-116,325,704,951,962,815,499
1069,418,580,-93,-702,-912,-1313,-863,15,787,1458,263,-651,-317,551,847,629,243,-583,-1003,-1228,-1233,-824,62,931,917,618,-464,166,517,1247,827,-119,-678,-943,-877,-1537,-682,634,1196,937,331,-618,176,718,1132,607,-396,-770,-769,-1198,-814,-352,1131,1324,565,-267,-601,139,704,679,3,-735,-634
444,487,219,-284,-964,-1517,-1956,-2047,-1806,-1374,-657,-67,350,476,341,-1,-592,-1267,-1763,-1975,-1960,-1580,-968,-392,84,502,510,224,-312,-920,-1510,-1908,-2023,-1805,-1361,-787,-117,321,498,422,-12,-627,-1223,-1731,-1980,-1957,-1648,-1111,-462,103,508,552,232,-188,-939,-1453,-1888,-2007,-1869,-1435,-800,-196,333,534
2286,2415,1493,1138,1965,2880,515,-1962,-1482,1159,2587,2945,2401,2517,1877,1570,2181,2518,1213,-1584,-1921,425,2266,2359,2471,2450,2012,1310,1290,2454,1114,-1386,-1996,297,2306,2907,2404,2775,1769,1392,1775,2422,1458,-1280,-2029,434,2288,2457,2403,2575,1920,1524,1694,2856,2227,-532,-2291,-134,1955,2381,2626,2301,2351,1284
-1133,-1319,-1618,-1889,-2077,-2275,-2222,-2022,-1818,-1509,-1230,-979,-733,-656,-653,-764,-990,-1171,-1504,-1794,-2105,-2224,-2231,-2159,-1951,-1633,-1383,-1081,-872,-719,-572,-696,-850,-1106,-1343,-1694,-1945,-2142,-2256,-2137,-1980,-1816,-1440,-1202,-914,-699,-634,-544,-768,-1053,-1277,-1546,-1899,-2064,-2225,-2161,-2085,-1894,-1648,-1285,-1002,-774,-697,-622
157,453,1941,2783,2593,1392,208,-686,126,359,462,831,1093,968,275,233,1274,2653,2874,2055,701,78,-103,179,-17,660,1285,1202,630,94,242,1506,2773,3121,1532,515,-305,-297,28,597,701,1391,1203,501,132,377,2129,2749,2338,983,294,-867,97,-5,212,1067,714,1238,87,425,993,2305,3081,2404
-1700,-1370,-792,-239,242,616,785,795,590,137,-396,-961,-1486,-1856,-2180,-2276,-2026,-1704,-1258,-729,-94,402,699,859,723,537,86,-457,-1024,-1508,-1913,-2192,-2135,-2088,-1630,-1165,-672,-94,430,756,820,683,416,1,-513,-1143,-1596,-1972,-2213,-2247,-1944,-1543,-1127,-482,36,459,723,758,779,400,-69,-655,-1158,-1663
424,-24,-159,-104,669,-455,-2511,-2830,-1199,523,1262,743,-45,328,207,-245,-530,73,217,-1326,-2690,-2771,-792,1004,1075,470,114,441,442,-389,-311,130,-137,-1568,-3126,-1862,-67,1202,1078,134,368,104,-411,-267,85,153,-486,-2159,-2920,-1906,610,1732,1011,177,211,406,295,-546,77,85,-673,-2768,-2889,-1126
2929,2182,1423,651,-103,-477,-763,-645,-392,175,924,1713,2474,3079,3514,3730,3631,3317,2822,2093,1300,554,-92,-619,-688,-682,-265,300,1027,1859,2628,3250,3667,3774,3708,3251,2671,1922,1110,331,-174,-623,-757,-526,-158,494,1161,1978,2648,3279,3651,3724,3556,3210,2528,1800,961,243,-322,-658,-678,-541,-83,606
1028,1785,863,-1519,-3816,-3509,-1065,5,-388,-1115,-665,100,694,1303,1543,1260,-1362,-3761,-3869,-1449,-95,-289,-1053,-770,-83,451,940,1975,1496,-1110,-3656,-3982,-1533,-191,-322,-923,-917,29,359,895,1593,1665,-1013,-3684,-4121,-2034,-211,-98,-913,-804,83,713,905,1595,1261,-291,-3092,-4168,-2457,-217,125,-757,-936,-69
-198,-786,-1294,-1806,-2240,-2452,-2536,-2322,-2026,-1578,-1106,-567,-27,400,606,670,558,276,-191,-716,-1282,-1762,-2128,-2491,-2528,-2422,-2064,-1666,-1134,-510,-137,308,580,627,548,257,-210,-647,-1271,-1775,-2169,-2502,-2485,-2405,-2148,-1680,-1124,-662,-112,324,620,642,607,312,-131,-619,-1194,-1660,-2109,-2381,-2390,-2389,-2133,-1721
-2148,-2477,-491,181,-1762,-3358,-3587,-3501,-2846,-374,2108,1133,-2011,-2625,-873,328,-1381,-3016,-3387,-3588,-3189,-762,1980,1641,-1343,-2563,-873,424,-721,-2794,-3519,-3340,-3524,-1537,1518,1676,-943,-2497,-1256,296,-799,-2415,-3532,-3552,-3484,-1875,971,2161,-430,-2738,-1817,-44,-215,-2373,-3333,-3669,-3614,-2410,572,2429,208,-2755,-2023,-19
3175,2816,2166,1397,652,180,-10,205,875,1608,2314,2917,3134,2927,2405,1650,844,161,-21,157,685,1365,2239,2821,3164,2983,2623,1857,1035,321,-45,35,513,1221,2057,2722,3106,3077,2794,1993,1222,514,117,-42,415,959,1840,2576,3010,3131,2828,2223,1450,651,138,-9,249,791,1658,2375,2953,3072,2969,2485
5677,6186,4912,1537,-1082,-1929,-952,789,950,682,528,934,1303,1380,881,963,2453,4806,6388,5667,2944,-163,-1774,-1777,-118,747,757,408,533,1087,1475,1169,1151,1876,3637,5941,6375,4432,1475,-1367,-1798,-778,619,910,570,365,796,1114,1334,1053,1327,2840,5048,6401,5387,2653,-315,-1860,-1467,63,888,794,408,765
69,-508,-831,-789,-337,390,1210,2125,2859,3406,3645,3606,3074,2394,1606,637,-39,-580,-757,-690,-210,509,1293,2174,2953,3470,3632,3502,3085,2281,1418,549,-198,-687,-812,-616,-132,549,1464,2294,2959,3504,3576,3424,2957,2179,1376,489,-260,-674,-839,-596,4,729,1553,2351,3104,3595,3586,3396,2831,2102,1213,372
-1393,-665,1709,4289,4588,2451,-893,-2633,-2575,-1985,-1874,-1248,-572,119,-334,-1028,-1236,805,3565,4977,3426,437,-2036,-2708,-2314,-1921,-1309,-834,-141,-63,-815,-1568,-152,2548,4698,4143,1785,-1039,-2625,-2471,-1688,-1799,-1014,-723,171,-605,-1400,-990,1123,3824,4552,2578,-248,-2290,-2533,-1974,-1538,-1376,-862,59,-131,-997,-1332,272
-1517,-2163,-2537,-2453,-1981,-1185,-407,370,769,799,383,-365,-1203,-1921,-2475,-2518,-2186,-1537,-659,170,687,897,561,-143,-1003,-1863,-2385,-2577,-2331,-1823,-910,-111,569,884,656,120,-698,-1548,-2291,-2557,-2405,-1837,-1158,-370,404,822,772,313,-453,-1286,-1989,-2453,-2489,-2158,-1446,-598,214,703,881,498,-165,-1055,-1865,-2435
-798,-2360,-3734,-1728,774,1793,384,-129,-965,-3687,-6036,-5109,-1689,-215,-1897,-3665,-2634,1,1642,1128,16,-569,-2738,-5499,-5839,-2932,-544,-822,-2936,-3155,-775,1358,1120,375,-543,-1985,-4694,-5487,-4112,-665,-467,-2822,-3581,-1597,1204,1885,249,-191,-1614,-3950,-5896,-5159,-1949,158,-1825,-3459,-2578,34,1116,871,-4,-803,-2775,-5291
1777,1877,1834,1328,761,256,-313,-821,-852,-731,-287,249,884,1370,1746,1884,1776,1401,819,216,-306,-737,-820,-747,-335,268,914,1372,1779,1874,1816,1311,810,173,-400,-759,-815,-721,-317,180,819,1452,1807,1895,1773,1370,786,198,-359,-799,-828,-675,-276,330,901,1459,1825,1876,1773,1324,766,200,-458,-765
1562,1502,1538,1416,892,-78,17,366,731,613,-13,-1624,-3138,-3327,-2856,-1495,-365,645,1317,1843,1682,1493,741,451,-2,51,517,624,-36,-1043,-2520,-3606,-3341,-2269,-710,396,1345,1423,1353,1710,1086,572,131,-285,221,714,471,-523,-1963,-3176,-3374,-2886,-1286,-70,1043,1220,1700,1719,1311,647,312,-14,53,634
-227,290,508,695,621,349,-8,-384,-837,-1018,-1172,-1017,-720,-280,227,477,711,656,500,64,-357,-715,-1002,-1094,-1019,-785,-383,80,419,629,668,516,131,-230,-705,-966,-1125,-1082,-777,-467,17,400,643,742,587,262,-141,-596,-981,-1129,-1181,-974,-505,-143,302,619,629,619,292,-80,-505,-856,-1105,-1106
-3889,-4078,-2579,-857,-1385,-2550,-2969,-1462,519,1311,989,-11,-1823,-3737,-4532,-3056,-1406,-843,-1793,-2812,-2168,-382,1184,908,277,-933,-2827,-4122,-3633,-2333,-875,-1428,-2367,-2700,-796,692,1237,1014,-638,-2243,-3782,-4092,-2830,-1264,-664,-2228,-3199,-1524,176,1101,923,412,-1441,-3179,-4314,-3792,-1679,-936,-1616,-2461,-2266,-697,954,1297
2545,3335,3755,3634,3088,2179,1134,202,-346,-449,-115,670,1723,2656,3390,3777,3548,3024,2043,1119,182,-298,-459,-118,725,1786,2740,3428,3772,3664,2956,2012,1020,6,-490,-439,-7,788,1867,2810,3496,3710,3491,2879,1928,898,102,-418,-405,63,883,1878,2811,3500,3762,3509,2848,1895,887,27,-381,-364,86,993
-758,-1355,-1635,-671,-346,-1243,-2098,-1702,-153,1264,979,272,-254,-603,-1344,-1574,-842,-464,-1250,-2038,-1860,-122,1175,1150,614,-118,-571,-1344,-1334,-824,-669,-1013,-1924,-1870,-122,925,1275,320,149,-546,-1291,-1646,-995,-502,-819,-2116,-1830,-179,1223,1518,505,350,-542,-1120,-1517,-1000,-487,-954,-1998,-1763,-158,1216,1082,466
586,-533,-1619,-2342,-2482,-2202,-1360,-287,890,1646,2063,1913,1279,297,-823,-1841,-2370,-2418,-1974,-1054,-9,1094,1821,2029,1815,969,-44,-1159,-2069,-2489,-2411,-1794,-789,381,1273,1951,1967,1611,690,-389,-1502,-2283,-2500,-2295,-1475,-424,605,1521,2085,1979,1388,431,-732,-1679,-2372,-2515,-2109,-1245,-113,888,1691,2024,1799,1131
1813,-1186,-1030,2046,2282,-303,-2978,-3495,-2810,-2320,-446,3227,4893,3362,-200,-1638,652,2294,656,-1982,-3323,-3095,-2595,-993,1439,4301,4448,1310,-1792,-853,1705,1818,-783,-3258,-3682,-3217,-1688,135,3398,5183,3282,-243,-1735,766,2331,1029,-2358,-3478,-3139,-2716,-1320,1753,4732,4332,1220,-1487,-678,2241,1821,-984,-2989,-3339,-3244,-1845
1357,825,132,-575,-1280,-1840,-2274,-2432,-2324,-2008,-1523,-867,-176,603,1125,1633,1856,1824,1527,1093,492,-210,-959,-1538,-2075,-2424,-2383,-2228,-1820,-1145,-543,239,860,1339,1769,1929,1724,1375,825,140,-571,-1266,-1827,-2223,-2451,-2335,-1992,-1472,-847,-198,504,1148,1656,1736,1870,1572,1108,446,-207,-930,-1518,-2069,-2323,-2367
-6248,-3090,541,2091,1761,839,1120,1535,1905,1087,1059,2065,1919,162,-3167,-6036,-5545,-1737,1720,2047,1460,770,1249,1410,1319,587,1087,2105,1695,-1225,-4286,-6164,-4895,-522,2111,1615,1315,977,1559,1412,925,1039,1651,2351,1779,-1711,-5483,-5903,-3269,444,2333,1840,738,651,1865,1809,951,1024,2068,2897,581,-3452,-6272,-5059
1898,1383,312,-798,-1896,-2707,-2831,-2351,-1517,-361,881,1634,1930,1624,700,-384,-1558,-2440,-2817,-2612,-1850,-710,486,1464,1874,1834,1125,111,-1148,-2172,-2716,-2736,-2172,-1172,48,1218,1820,1948,1459,546,-692,-1759,-2580,-2766,-2401,-1574,-422,689,1564,1970,1662,968,-174,-1377,-2368,-2781,-2750,-1988,-903,311,1289,1846,1873,1320
-1026,-604,-257,-708,-984,-643,-94,542,318,474,269,-424,-1187,-1275,-912,-154,-391,-876,-864,-601,219,393,651,572,-16,-841,-1331,-984,-555,-107,-787,-841,-710,-91,450,603,572,295,-492,-1088,-1119,-577,-361,-563,-1190,-1081,-300,220,380,431,311,-270,-754,-1077,-949,-410,-481,-717,-932,-502,-12,378,505,457
-2736,-2986,-3052,-2981,-2793,-2398,-2066,-1573,-1293,-1038,-946,-981,-1068,-1417,-1672,-2150,-2545,-2779,-2979,-3045,-2867,-2599,-2262,-1905,-1522,-1203,-1001,-892,-984,-1135,-1545,-1890,-2293,-2679,-2855,-3043,-3031,-2858,-2507,-2147,-1768,-1395,-1024,-895,-920,-1033,-1269,-1588,-2018,-2452,-2716,-2930,-2976,-2884,-2740,-2364,-2033,-1610,-1270,-1027,-905,-968,-1064,-1385
1258,291,-1471,-1487,20,1334,1473,505,-1107,-1614,-1915,-2292,-1932,-893,837,1490,1065,-450,-1118,-618,891,1201,823,-408,-1340,-2209,-2257,-2061,-1439,-352,1089,931,117,-1145,-762,87,1134,1284,163,-1170,-1413,-1654,-2360,-1968,-945,586,1395,850,-293,-1080,-503,811,1410,805,-282,-1348,-1859,-2021,-1979,-1421,-91,1284,1013,-288
-494,337,1032,1446,1432,1174,469,-383,-1309,-2211,-2878,-3238,-3306,-2920,-2309,-1556,-546,288,1046,1385,1512,1116,581,-316,-1284,-2104,-2859,-3250,-3326,-2979,-2380,-1513,-598,227,986,1418,1494,1184,629,-229,-1166,-2020,-2765,-3179,-3335,-3135,-2445,-1619,-656,191,889,1367,1485,1185,636,-111,-1058,-1962,-2713,-3175,-3314,-3063,-2546,-1710
-2015,359,-367,-491,-217,434,319,1445,4377,5298,2494,-1930,-3384,-1667,53,-637,-1079,-111,346,809,2035,5038,5752,2442,-2329,-3161,-1525,574,128,-1112,-438,387,332,2274,5316,5405,1169,-2922,-2710,-441,149,-644,-482,17,110,611,2644,5323,4796,682,-3373,-2355,-877,-157,-617,-479,-211,410,624,2880,5850,4383,-36,-2962
-244,480,1050,1637,1820,1918,1771,1379,835,263,-373,-972,-1261,-1390,-1257,-960,-433,131,809,1327,1736,1932,1894,1538,1134,478,-196,-691,-1188,-1439,-1421,-1084,-681,-106,598,1115,1608,1813,1914,1776,1335,849,94,-510,-994,-1304,-1436,-1278,-936,-396,237,886,1409,1808,1902,1843,1557,1062,462,-260,-767,-1188,-1348,-1374
-3509,-3697,-2389,-1593,-2303,-3372,-4146,-2715,-339,846,506,-633,-2006,-3021,-3883,-3509,-2532,-1768,-2308,-3551,-4164,-2804,-455,1074,452,-489,-1665,-2893,-3882,-3309,-2457,-1479,-2148,-3757,-3919,-2124,-176,870,600,-653,-2168,-3198,-3699,-3451,-2225,-1902,-2513,-3723,-3799,-1994,145,1134,288,-702,-2198,-3301,-3792,-3295,-2205,-1501,-2504,-3988,-3738,-1873
363,885,1492,1999,2262,2341,2151,1700,1272,720,221,-176,-293,-143,172,624,1230,1701,2156,2321,2261,1982,1619,1024,470,-33,-251,-223,12,321,889,1430,1996,2191,2394,2217,1875,1333,671,240,-117,-298,-224,108,591,1176,1665,2083,2325,2307,2024,1616,1101,462,65,-249,-232,-73,304,825,1440,1875,2272,2331
1633,728,322,-311,-1666,-1169,2222,6242,8283,5659,1936,-579,-201,1389,1778,1242,623,130,-959,-1617,594,4504,7641,7048,3195,84,-495,886,1834,1428,870,20,-547,-1780,-612,2939,6831,7890,5085,978,-545,-9,1349,1539,691,371,-169,-1265,-1098,1323,5549,8149,6416,2070,-277,-441,1000,1653,1078,632,140,-686,-1296,47
-1246,-1819,-2249,-2246,-2067,-1458,-710,165,1100,1871,2542,2861,2825,2481,2013,1274,413,-554,-1293,-1920,-2253,-2262,-1961,-1408,-614,259,1122,2003,2581,2915,2833,2548,1953,1197,250,-674,-1392,-1982,-2301,-2309,-1956,-1256,-538,466,1370,2044,2617,2866,2793,2510,1805,965,92,-781,-1520,-2073,-2255,-2163,-1822,-1150,-305,491,1377,2162
-2221,-3231,-3080,-573,1394,2075,382,-1076,-2652,-3674,-4830,-4709,-2676,-1208,-1195,-2354,-3446,-2590,-520,1482,1864,342,-1516,-2420,-3904,-5124,-4382,-3061,-1486,-1279,-2502,-4011,-2530,-357,1596,1807,187,-1273,-2512,-3777,-4540,-4589,-3082,-1273,-774,-2627,-3613,-2572,-302,1817,1273,79,-1377,-2626,-3684,-4537,-4490,-2690,-1450,-921,-2390,-3355,-2402,-553
-619,312,1332,2349,2922,3147,2825,2152,1190,120,-784,-1289,-1547,-1184,-384,604,1602,2450,3099,3111,2734,1897,926,-171,-963,-1458,-1465,-999,-170,900,1869,2703,3110,2990,2485,1649,602,-394,-1168,-1510,-1397,-755,180,1180,2163,2873,3174,2935,2267,1350,285,-641,-1305,-1561,-1281,-538,474,1485,2455,3018,3115,2794,2070,1080
-834,423,1299,2096,1900,-833,-3369,-4876,-5460,-3527,-2143,-551,-145,-556,-310,-737,-787,-1045,-273,1084,2379,2030,527,-2439,-4764,-5895,-4622,-2461,-1077,396,-298,-492,-535,-1321,-1239,-539,371,2363,2349,1198,-1262,-3829,-5548,-5025,-3516,-1406,-387,-127,-577,-515,-918,-1505,-1134,-12,1283,2447,2041,-282,-2670,-5159,-5067,-3917,-2370,-706
-3299,-3975,-4031,-3605,-2744,-1753,-669,142,437,332,-450,-1456,-2608,-3536,-4041,-3989,-3500,-2489,-1443,-444,214,476,64,-691,-1720,-2801,-3704,-4085,-3973,-3342,-2324,-1218,-225,391,387,-34,-904,-2000,-3091,-3735,-4126,-3819,-3119,-2071,-964,-49,385,326,-236,-1165,-2258,-3263,-3908,-4061,-3643,-2905,-1853,-769,51,425,330,-374,-1312,-2457
-3098,-390,-388,-948,-2166,-1933,-1223,6,997,1693,-447,-3254,-6387,-6219,-3851,-1196,-140,-640,-1597,-2009,-1469,-158,704,1547,466,-1736,-5052,-6417,-4865,-1798,-238,-127,-1182,-1954,-1209,-538,101,1377,1284,-868,-4651,-6187,-5959,-3105,-480,55,-1143,-1848,-1712,-1333,287,1287,1925,127,-3234,-6389,-6763,-4122,-1667,3,-797,-1992,-1978,-1235
-2233,-2942,-3446,-3432,-3146,-2538,-1734,-987,-460,-259,-398,-832,-1656,-2376,-3014,-3414,-3421,-3022,-2398,-1592,-816,-404,-211,-435,-971,-1721,-2520,-3136,-3393,-3368,-2934,-2242,-1484,-863,-349,-278,-514,-1102,-1883,-2642,-3156,-3445,-3400,-2903,-2149,-1371,-721,-305,-227,-598,-1253,-2001,-2741,-3293,-3463,-3383,-2746,-2042,-1273,-673,-222,-332,-704,-1311
-3249,-4447,-4720,-3871,-2052,-494,-229,-1069,-2393,-2315,-910,800,1745,1514,933,-95,-1201,-1472,-2215,-3256,-4697,-4466,-3219,-1674,-327,-395,-1773,-2397,-2328,-537,1099,1947,1193,630,-366,-978,-1646,-2710,-3652,-4853,-4503,-2804,-935,-107,-723,-1810,-2321,-1726,-133,1453,1578,1369,53,-959,-1019,-1733,-2909,-4078,-5020,-3564,-2178,-544,-73,-706
-1549,-1729,-1519,-980,-183,570,1183,1520,1389,921,273,-647,-1209,-1713,-1609,-1275,-627,217,931,1385,1500,1217,637,-155,-917,-1409,-1683,-1468,-962,-257,550,1144,1523,1419,983,316,-500,-1232,-1606,-1686,-1319,-634,117,865,1361,1498,1231,708,-163,-925,-1432,-1638,-1530,-1053,-311,511,1167,1477,1434,1014,318,-456,-1167,-1592
1320,1438,1022,674,37,239,254,657,507,78,6,18,-170,-200,-1025,-1319,-1286,-283,851,1541,1117,423,338,135,198,679,819,710,381,-145,82,-495,-763,-1008,-1115,-1097,172,776,1554,1168,345,250,287,473,482,514,297,-95,22,-61,35,-1145,-1035,-1142,-452,705,977,1352,735,199,-212,261,548,457
-685,-275,279,912,1463,2000,2208,2306,2051,1682,1123,514,-136,-636,-884,-889,-739,-383,236,900,1456,1945,2194,2262,2040,1664,1141,552,-54,-580,-886,-930,-724,-374,173,805,1434,1927,2196,2250,2100,1691,1179,536,-76,-521,-823,-924,-733,-409,183,800,1396,1865,2236,2324,2099,1709,1175,513,-37,-529,-865,-985
1783,1294,784,-418,-1166,-1447,-81,1815,1631,821,366,1214,1726,1226,658,-133,-1351,-1469,-45,1682,1899,750,440,1085,1623,1303,973,-8,-980,-1527,-434,1417,2120,682,241,1075,1794,1535,826,234,-923,-1761,-550,1453,2187,941,230,737,1597,1381,766,60,-993,-1524,-660,1361,2139,1096,239,604,1577,1493,1069,242
2216,2068,1819,1507,1238,945,839,933,1116,1285,1665,1911,2157,2182,2039,1880,1608,1263,1044,918,860,1023,1214,1571,1785,2107,2201,2126,1994,1726,1426,1154,954,810,994,1111,1395,1690,1985,2183,2202,2145,1824,1551,1203,979,924,878,1025,1320,1603,1922,2148,2164,2192,1967,1651,1374,1125,927,863,1008,1271,1484
-472,1002,1394,581,-1443,-2625,-1940,-51,1812,2611,3080,3148,2498,1394,-105,-2007,-1012,178,2102,1336,-301,-2498,-2479,-695,747,2937,3083,3335,3226,2050,856,-1288,-1307,-762,830,1781,271,-1505,-3055,-1584,188,2142,2964,2691,3128,2412,1458,-132,-1973,-1430,153,1461,1446,-400,-1998,-2419,-1244,655,2252,3095,3202,3229,1853,392
-985,-1546,-2060,-2371,-2480,-2435,-2112,-1555,-999,-388,59,327,386,202,-165,-605,-1254,-1784,-2212,-2393,-2483,-2277,-1885,-1318,-752,-228,164,379,349,101,-260,-862,-1445,-1956,-2396,-2538,-2442,-2180,-1725,-1115,-506,-33,263,420,260,15,-482,-1114,-1684,-2134,-2354,-2531,-2281,-1983,-1440,-944,-381,130,381,371,237,-181,-713,-1341
-1713,-2368,-1534,671,3403,4378,2839,1179,1506,3525,5126,4971,3268,1956,663,8,-937,-2366,-1988,276,3151,4421,3391,1308,1298,2415,4663,5306,3818,2122,609,416,-1016,-2131,-2442,-274,2441,4300,3797,1858,822,2079,4421,5590,4492,2220,1163,344,-576,-2172,-2512,-1041,2048,4162,3923,1963,992,2153,4236,5238,4512,2810,1317,770
-3395,-3372,-2895,-2000,-861,67,732,1099,958,305,-626,-1651,-2661,-3267,-3466,-3105,-2417,-1417,-326,594,1049,1061,554,-289,-1306,-2273,-3092,-3453,-3283,-2680,-1730,-648,220,950,1139,855,131,-874,-1937,-2850,-3399,-3384,-2963,-2168,-1089,-75,763,1116,1022,465,-518,-1570,-2479,-3228,-3474,-3123,-2509,-1486,-445,479,1030,1060,731,-220
3108,2694,1127,-59,1076,2276,2660,865,-1689,-2775,-2201,-1363,520,2034,2657,2688,1662,302,535,1468,3012,1742,-1002,-2879,-3072,-1965,-465,1266,2674,2814,1855,1110,288,1558,2719,2471,226,-2506,-3247,-2428,-433,756,2544,2778,2821,1153,72,729,2510,2944,1030,-1748,-3655,-2652,-1119,73,2043,2585,2712,1349,159,401,2025,2344
-600,-964,-1139,-1081,-802,-271,264,879,1305,1701,1969,2000,1755,1350,724,134,-308,-745,-1034,-1103,-955,-572,-87,519,1027,1572,1872,1987,1863,1605,1093,525,-101,-562,-915,-1120,-1098,-868,-401,106,715,1249,1651,1933,1976,1803,1342,914,261,-291,-720,-1038,-1117,-987,-734,-170,373,978,1462,1842,2017,1935,1654,1170
3045,2743,2022,665,655,1050,1702,1755,458,-1135,-1256,-169,2310,4344,5448,4566,3478,2646,2965,2699,1843,1112,202,701,1740,2013,697,-500,-1217,-982,1681,3791,5449,5070,3503,2701,3156,2970,2376,1482,652,641,1577,1964,1097,-545,-1448,-635,924,3656,5281,4910,3880,3005,2648,2822,2588,1540,789,306,1489,2059,1727,710
2377,2065,1554,818,74,-667,-1345,-1783,-1924,-1932,-1550,-999,-305,481,1213,1878,2268,2429,2276,1961,1318,689,-51,-902,-1454,-1879,-1992,-1834,-1461,-934,-181,631,1377,1958,2357,2458,2275,1842,1231,481,-238,-1028,-1580,-1909,-1980,-1796,-1343,-733,26,832,1436,2045,2310,2413,2220,1776,1085,294,-436,-1163,-1632,-1904,-1948,-1695
2170,1834,1252,534,-786,-1156,-347,2334,3099,2291,1044,1016,1884,2400,1969,1339,682,-177,-1177,-570,1496,2870,2739,1311,872,1575,2145,1859,1292,835,60,-985,-1037,885,2749,3019,1834,889,1588,1997,2184,1519,1291,673,-544,-1191,345,2263,3262,2022,762,1319,1731,2129,1703,1072,606,-425,-1105,-354,1724,2996,2641,973
-2710,-1564,-458,431,639,189,-673,-1836,-3100,-3945,-4277,-3985,-3113,-1927,-791,136,646,379,-353,-1485,-2730,-3688,-4280,-4130,-3419,-2294,-1028,-26,603,544,-95,-1130,-2420,-3487,-4144,-4260,-3735,-2629,-1476,-308,425,619,181,-831,-2039,-3161,-4037,-4321,-3937,-3027,-1778,-623,301,575,353,-425,-1645,-2887,-3797,-4226,-4087,-3346,-2186,-1021
-2259,-3060,-2912,-1790,-396,943,1179,609,95,-362,-708,-899,-1253,-1707,-1592,-1163,-1021,-1101,-1881,-2564,-3058,-2310,-821,436,1078,1152,200,-203,-762,-1121,-1085,-1507,-1660,-1441,-1105,-912,-1465,-2407,-3010,-2719,-1521,-90,1083,1104,604,39,-524,-689,-830,-1272,-1765,-1747,-1397,-916,-1448,-2085,-2767,-2815,-2115,-627,706,1232,855,90
-3019,-3182,-2731,-1854,-637,501,1366,1704,1502,669,-435,-1589,-2591,-3163,-3120,-2504,-1553,-376,711,1513,1677,1358,425,-718,-1891,-2806,-3247,-3103,-2309,-1242,-52,1005,1626,1698,1183,240,-1045,-2095,-2939,-3214,-2900,-2099,-967,193,1114,1708,1545,907,-95,-1317,-2383,-2949,-3189,-2703,-1808,-661,568,1329,1720,1489,713,-424,-1588,-2592
1970,2229,1413,846,1100,1868,2886,2172,-1104,-4003,-3410,-653,1684,2560,1854,1273,821,1503,2681,3341,1436,-2474,-4075,-2694,-95,1720,2299,1720,821,948,1346,2887,2533,240,-3223,-3890,-1455,1190,2375,1882,1705,820,793,1831,2881,2000,-904,-3962,-3381,-368,1986,2015,1689,1538,716,1502,2570,3332,1151,-2692,-4228,-2419,213,2014
1357,757,-20,-703,-1311,-1547,-1428,-1042,-390,353,1115,1529,1586,1320,815,74,-693,-1234,-1603,-1454,-1076,-398,378,979,1517,1593,1389,846,34,-658,-1286,-1587,-1457,-1125,-449,325,988,1482,1647,1376,889,108,-691,-1227,-1515,-1461,-1143,-451,271,928,1431,1628,1361,773,188,-557,-1134,-1522,-1553,-1131,-446,220,992,1484
-532,-1235,-1878,-1583,-1242,-225,729,0,-1192,-2107,218,3214,3686,2427,260,-877,-1859,-1321,-1922,-926,441,1036,-413,-1989,-1732,830,3131,3100,1410,-211,-1053,-1682,-1795,-1674,-975,475,59,-652,-2074,-506,2176,3838,2843,1127,-975,-1522,-1682,-2159,-1645,-334,1164,188,-1766,-1541,829,3313,3843,2473,88,-1391,-1887,-1705,-1993,-1083
2432,2315,2153,1935,1579,1350,1082,943,899,1107,1204,1532,1864,2039,2249,2382,2377,2185,1930,1661,1345,1202,923,882,1005,1162,1405,1780,2104,2261,2403,2405,2168,1977,1749,1374,1118,1049,890,1028,1215,1438,1769,2034,2303,2357,2353,2267,2062,1803,1450,1191,986,967,1030,1192,1432,1764,1954,2173,2360,2355,2304,2028
-544,1177,2368,2013,915,337,-201,-622,-486,-96,-283,-932,-1940,-1873,139,1662,2413,1782,981,112,-666,-580,-471,-466,-272,-1345,-2146,-1178,355,2365,2273,1353,467,-220,-483,-740,-503,-285,-362,-1787,-1991,-893,881,2245,1911,1103,220,-439,-647,-606,-384,-193,-793,-2031,-1660,-472,1866,2120,1759,687,174,-538,-515,-323
2336,1449,272,-648,-1381,-1632,-1322,-595,417,1461,2276,2847,2673,2150,1220,138,-810,-1457,-1586,-1229,-461,602,1702,2487,2883,2621,2019,1043,-50,-997,-1583,-1516,-1138,-270,798,1875,2617,2820,2567,1714,851,-224,-1133,-1625,-1462,-953,-8,1024,2027,2565,2792,2404,1610,635,-425,-1277,-1537,-1478,-751,186,1297,2197,2735,2748
1225,2338,4395,4320,1326,-2639,-4324,-2612,-102,-20,-1362,-2168,-1337,-103,814,1177,2401,4393,3925,1183,-2572,-3757,-2069,290,-208,-1508,-2129,-1460,139,885,1405,2816,4399,4453,1226,-2782,-3951,-1562,195,-37,-1474,-2286,-1174,194,1350,1159,2417,4370,3813,609,-2439,-4026,-1963,286,48,-1458,-2191,-1075,-338,1296,852,2705,4515,4145
-3044,-2560,-1755,-904,92,850,1335,1493,1209,619,-265,-1135,-2093,-2791,-3063,-3148,-2685,-2009,-1122,-153,619,1177,1476,1310,816,97,-840,-1800,-2595,-3003,-3161,-2842,-2303,-1439,-508,361,1114,1564,1408,1036,340,-537,-1497,-2358,-2860,-3172,-3095,-2461,-1719,-740,98,882,1340,1507,1147,603,-298,-1253,-2161,-2860,-3148,-3065,-2663,-2046
-4561,-5450,-4270,-2075,-400,446,469,-75,-945,-1605,-1358,-318,749,84,-2324,-4773,-5487,-3902,-1837,-323,457,569,-31,-1039,-1826,-989,149,873,-413,-2896,-5060,-5211,-3725,-1590,-96,506,407,-223,-1266,-1780,-1096,433,737,-516,-3414,-5334,-5150,-3302,-1142,48,637,366,-536,-1318,-1798,-843,606,890,-859,-3685,-5243,-4836,-2820,-1124
-292,-388,-692,-976,-1441,-1823,-2123,-2419,-2476,-2404,-2261,-1913,-1576,-1111,-803,-465,-326,-384,-473,-709,-1079,-1505,-1916,-2221,-2395,-2495,-2326,-2145,-1784,-1463,-1002,-681,-394,-296,-415,-550,-860,-1176,-1663,-2030,-2344,-2463,-2478,-2265,-2065,-1689,-1285,-837,-523,-379,-327,-433,-605,-936,-1331,-1804,-2166,-2374,-2438,-2401,-2275,-1916,-1591,-1165
-4428,-5277,-3536,-550,2190,3564,3546,2224,1043,-838,-2621,-2627,-745,501,-232,-1840,-4614,-4923,-4039,253,2064,3649,3353,2259,1079,-1067,-2689,-2635,-1652,276,-261,-1931,-4539,-5090,-3141,-405,2003,3885,3122,2242,1054,-1298,-2608,-2322,-880,317,160,-2187,-4505,-5019,-3153,-56,2628,3881,3654,2586,660,-1242,-2322,-2436,-790,-90,-127,-2430
-650,-1027,-1606,-2181,-2727,-3054,-3106,-2885,-2436,-1812,-1236,-714,-518,-690,-987,-1527,-2183,-2687,-2986,-3096,-2942,-2440,-1840,-1269,-810,-578,-630,-908,-1491,-2069,-2650,-3006,-3132,-2955,-2525,-1927,-1292,-750,-542,-601,-923,-1418,-2063,-2611,-3070,-3119,-3026,-2553,-2006,-1344,-820,-635,-601,-848,-1368,-2111,-2551,-2988,-3157,-2977,-2571,-2010,-1382,-918
1527,1470,1384,1064,89,-582,-727,-634,395,490,-509,-2062,-3468,-3953,-2707,-585,1068,1705,1735,1347,1069,1016,611,-395,-1006,-967,-123,835,424,-764,-2526,-4092,-3293,-2032,-106,1353,1788,1518,1227,1051,1100,380,-373,-854,-412,75,913,-144,-1876,-3251,-4019,-3270,-1385,532,1613,1681,1156,1252,984,1002,407,-576,-906,-478
-1950,-1513,-607,449,1515,2464,2962,3001,2618,1723,636,-570,-1383,-1927,-1917,-1371,-496,599,1613,2584,3109,3049,2484,1512,482,-596,-1488,-1902,-1873,-1287,-397,726,1882,2616,3135,2988,2425,1516,378,-783,-1579,-1919,-1847,-1175,-262,857,1936,2692,3114,2996,2292,1322,214,-865,-1580,-1917,-1751,-1215,-141,999,2075,2825,3162,2873
-4098,-4221,-4286,-2831,511,2632,166,-2624,-1156,2298,3314,-482,-3504,-4487,-4721,-3898,-1087,2013,1798,-1408,-2551,506,3172,1738,-2240,-4069,-4390,-4593,-2994,663,2353,390,-2434,-1500,2294,3029,-306,-3184,-4434,-4211,-3879,-1770,2035,2248,-1570,-2468,357,3104,1995,-2000,-4009,-4418,-4178,-3397,434,2458,691,-2615,-1376,2190,3141,160,-3343,-3945
-813,-899,-501,7,789,1631,2641,3402,4064,4300,4315,3889,3290,2501,1549,683,-74,-641,-875,-720,-382,277,1217,2061,2963,3706,4197,4331,4151,3662,3011,2029,1138,341,-384,-734,-845,-584,-46,687,1612,2539,3231,3922,4249,4313,3959,3420,2518,1669,784,34,-510,-797,-775,-384,264,1043,1959,2891,3629,4114,4322,4160
608,-1685,-3641,-5492,-5294,-3906,-1668,-1409,-1524,-2106,-2972,-2231,-1788,-661,422,961,1584,958,-599,-3399,-4957,-5734,-4387,-2173,-1224,-1431,-2149,-2504,-2702,-1679,-900,68,743,1357,1118,235,-2362,-4715,-5434,-5070,-2913,-1583,-1393,-2600,-3189,-3067,-1783,-778,-390,1085,1505,1528,668,-1823,-4573,-6037,-5399,-3303,-1788,-857,-1693,-2561,-2890,-2628
130,1357,2456,3268,3375,3050,2087,881,-360,-1306,-1586,-1354,-631,532,1883,2850,3351,3338,2742,1745,422,-703,-1402,-1582,-1159,-149,982,2240,3163,3481,3225,2397,1212,-62,-1080,-1605,-1538,-823,230,1501,2600,3284,3392,2898,1920,713,-439,-1405,-1623,-1394,-454,746,1954,2894,3420,3387,2689,1514,244,-863,-1563,-1563,-1053,-130
1120,1703,2737,3803,3151,1446,-48,39,1796,1834,625,-995,-1044,49,1149,1983,2797,3495,2879,1477,-14,225,1606,1731,201,-797,-767,235,1122,1976,3357,3384,2925,1115,-67,501,1414,1724,238,-986,-838,204,1493,2269,3237,3373,2396,1052,-251,855,1714,1495,272,-953,-762,374,1566,2321,3048,3785,2850,400,25,1066
549,355,102,-263,-802,-1181,-1521,-1822,-1923,-1958,-1829,-1473,-1148,-631,-284,121,367,644,570,490,265,-158,-557,-1020,-1404,-1680,-1951,-1958,-1896,-1625,-1321,-890,-461,-36,305,561,648,555,388,-17,-349,-780,-1248,-1520,-1828,-2023,-1893,-1759,-1447,-1118,-603,-223,95,518,571,675,509,242,-183,-601,-1015,-1362,-1725,-1947
-4795,-4895,-4288,-2402,193,1242,-841,-2827,-3117,-209,2225,1818,-507,-3064,-4446,-4305,-4856,-4150,-2729,-176,886,-592,-2754,-2843,-438,2061,2164,68,-2740,-4238,-4877,-4766,-4655,-2741,-241,946,-400,-2698,-3091,-1019,1960,2318,67,-2563,-4224,-4726,-4835,-4252,-3060,-395,826,-122,-2375,-2943,-1129,1743,2494,421,-2707,-4033,-4605,-4954,-4414,-3121
-2227,-2375,-2294,-1961,-1532,-875,-289,234,574,741,695,446,-59,-624,-1175,-1725,-2160,-2408,-2392,-2047,-1622,-1061,-497,73,528,727,723,504,182,-472,-1023,-1573,-2055,-2307,-2349,-2132,-1751,-1230,-634,-29,394,683,769,588,204,-302,-880,-1444,-1998,-2277,-2390,-2256,-1846,-1402,-856,-187,320,657,718,669,376,-150,-772,-1303
2180,-1254,-5531,-6455,-3378,-283,63,-1190,-1533,-649,125,1855,2373,-494,-4766,-6549,-3838,-388,355,-1121,-1340,-1081,346,1446,2699,413,-4179,-6856,-4432,-739,479,-1133,-1439,-911,30,1619,2619,851,-3682,-6401,-4906,-1323,507,-776,-1321,-790,-77,1343,2527,1325,-2721,-6203,-5718,-1764,174,-194,-1527,-911,-284,924,2333,1799,-1909,-6239
1713,2354,2607,2474,1876,1149,119,-759,-1557,-2025,-2044,-1697,-956,-64,905,1735,2323,2583,2397,1914,1035,105,-822,-1695,-1984,-2018,-1701,-962,-79,969,1742,2412,2625,2454,1873,1003,2,-878,-1584,-2056,-2075,-1556,-941,-4,970,1776,2369,2567,2437,1834,966,-8,-877,-1644,-1990,-2052,-1597,-949,11,975,1800,2436,2657,2365
100,1358,1453,1003,179,-41,925,2213,3622,3213,2126,1020,424,-24,-456,-611,450,1328,1489,1281,-69,-44,816,2392,3659,3325,2500,1127,538,-252,-438,-439,305,1162,1640,1167,41,-149,710,2427,3342,3479,2076,922,368,-267,-726,-292,426,1253,1683,1118,119,-295,536,2334,3433,3469,2240,1458,510,145,-592,-517
-2841,-1594,-453,313,643,273,-617,-1850,-2902,-3897,-4297,-4196,-3477,-2526,-1247,-136,437,532,-16,-939,-2115,-3242,-4039,-4369,-4055,-3207,-2087,-869,30,500,462,-279,-1259,-2470,-3483,-4184,-4290,-3865,-2907,-1684,-568,217,540,326,-485,-1660,-2800,-3812,-4337,-4314,-3589,-2593,-1360,-259,404,566,119,-822,-1947,-3162,-3976,-4366,-4115,-3398
-382,1312,1300,2013,1999,1428,1749,810,604,718,868,967,-144,-1130,-1673,-1139,289,1308,1485,1997,1669,1080,1457,847,595,898,881,1054,-42,-1564,-1397,-778,470,1682,1584,1620,1624,1191,882,712,436,1120,870,755,-754,-1354,-1685,-366,1255,1849,2146,1321,1834,1523,1113,443,600,869,972,465,-939,-1368,-1705,81
216,-366,-1114,-1797,-2315,-2693,-2639,-2253,-1726,-1041,-284,252,659,578,277,-181,-896,-1670,-2289,-2606,-2652,-2411,-1884,-1143,-467,176,550,666,416,-154,-850,-1531,-2215,-2558,-2633,-2445,-1925,-1303,-576,45,473,644,400,-30,-669,-1389,-2141,-2578,-2693,-2530,-2078,-1493,-704,-21,445,632,521,75,-513,-1281,-1928,-2481,-2669,-2589
1301,1719,1796,2410,5033,6523,5041,1282,-1045,-1296,605,1313,815,948,1433,1919,1453,2523,4318,6384,5573,2421,-670,-1149,443,1315,841,925,1210,1730,1435,1782,3676,6118,6283,3586,-337,-1305,-191,1195,1330,706,1168,1666,1651,1827,3310,5440,6502,4368,357,-1343,-499,1123,1561,783,949,1785,1743,1872,2701,5023,6405,5048
570,753,1126,1663,2321,2811,3041,2971,2598,2085,1463,930,600,620,867,1298,1933,2535,2976,3060,2889,2403,1881,1298,816,561,608,1003,1526,2165,2649,2986,2962,2745,2169,1658,1034,645,567,744,1190,1810,2389,2864,3084,2983,2577,2005,1527,899,579,581,830,1425,1956,2511,2934,3033,2888,2391,1824,1187,833,562
1302,-1108,-2982,-2390,-933,745,1295,285,-1145,-1728,-1471,-307,164,892,1881,3074,4313,4577,2917,270,-2164,-2675,-1767,-86,1110,699,-350,-1317,-1495,-810,-250,477,1048,2648,3497,4524,3832,1718,-1100,-2598,-2282,-876,762,1255,465,-958,-1678,-1525,-808,451,981,1485,3215,3976,4366,2803,116,-2100,-2888,-1634,-185,1314,686,-126
265,-365,-873,-870,-591,-44,729,1599,2386,2888,3177,3086,2596,1875,1033,182,-434,-773,-927,-600,8,892,1735,2454,2964,3162,2969,2527,1843,1087,193,-428,-847,-897,-538,82,842,1687,2464,2995,3175,3042,2527,1778,951,73,-469,-840,-899,-434,160,962,1835,2526,3045,3134,2929,2494,1796,840,79,-584,-897,-849
1952,66,-627,1032,2309,2196,550,-438,-1153,-1938,-3056,-2493,23,2556,2909,628,-512,283,2171,2390,1553,-64,-971,-1659,-2814,-3010,-1191,1720,2859,1631,-573,-388,1377,2500,1631,357,-795,-1299,-2437,-2877,-1807,845,2908,2378,85,-937,648,2260,2335,814,-288,-962,-1978,-2921,-2819,-250,2140,2602,865,-906,99,1972,2450,1465
1258,333,-967,-2007,-2613,-2513,-1992,-931,287,1387,2064,2141,1668,644,-571,-1665,-2374,-2677,-2253,-1441,-265,973,1766,2153,1934,1112,-29,-1211,-2195,-2637,-2474,-1780,-716,543,1573,2158,2005,1476,451,-781,-1833,-2521,-2677,-2177,-1148,94,1153,1959,2163,1794,913,-235,-1455,-2336,-2673,-2387,-1593,-488,797,1713,2220,2027,1275,135
-457,93,137,-1641,-4346,-3791,-657,2305,1836,337,327,870,319,-693,-257,265,-1385,-4000,-4345,-1215,1736,2245,866,199,827,462,-182,-319,161,-1018,-3525,-4546,-1999,1493,2308,929,303,821,341,-416,-376,327,-535,-3162,-4727,-2670,816,2381,1338,245,552,582,-129,-553,18,-372,-2475,-4589,-3306,369,2364,1645,427,635
2142,1563,681,-365,-1035,-1328,-1288,-690,158,1072,1947,2313,2431,1895,1130,199,-724,-1270,-1403,-1053,-313,596,1433,2235,2443,2238,1623,752,-176,-996,-1379,-1336,-778,66,911,1867,2331,2383,2028,1302,307,-553,-1171,-1375,-1192,-449,491,1390,2115,2451,2298,1762,903,-93,-856,-1311,-1331,-885,-83,836,1762,2390,2468,2026
-2379,-1046,965,2354,2551,3065,1530,2283,1616,577,-991,-2064,-1380,-168,387,400,-886,-2256,-2778,-2285,439,1489,2988,2743,2323,1978,2048,1112,98,-1661,-1574,-713,677,928,-150,-1547,-2881,-2287,-1070,1285,2111,2692,2774,2048,2493,1309,45,-1150,-1704,-1410,79,903,839,-918,-2111,-2202,-1426,484,2333,2223,2618,2719,2819,1965
-1128,-1396,-1448,-1427,-1174,-911,-556,-297,-116,-142,-317,-607,-904,-1258,-1478,-1420,-1345,-1068,-779,-381,-173,-52,-194,-447,-825,-1055,-1394,-1447,-1389,-1269,-908,-548,-259,-121,-135,-323,-585,-922,-1295,-1370,-1494,-1354,-1087,-706,-392,-222,-143,-227,-444,-755,-1092,-1349,-1378,-1381,-1284,-875,-549,-304,-139,-136,-274,-644,-890,-1264
531,905,1149,656,-54,-445,-544,-357,497,1346,1436,792,467,495,1184,766,262,-213,-646,-533,-220,676,1562,1334,618,402,937,1131,778,113,-414,-551,-443,337,1217,1389,947,495,555,1007,1107,575,-9,-521,-467,-86,664,1459,1245,568,472,762,1017,711,207,-302,-445,-362,160,1005,1505,1086,353,375
3715,3222,2400,1513,618,-95,-669,-950,-853,-531,231,1045,1956,2791,3471,3946,4076,3809,3341,2649,1796,873,148,-593,-867,-928,-567,24,776,1675,2546,3351,3896,4008,3955,3483,2811,1903,1015,208,-448,-840,-939,-707,-49,654,1557,2424,3195,3672,4020,4007,3681,2995,2163,1203,410,-330,-812,-941,-717,-233,411,1354
-1166,-1452,-767,430,735,840,1590,1550,-13,-3490,-6225,-6264,-3302,-287,660,-487,-1482,-1144,76,526,601,1152,1631,908,-2262,-5711,-6661,-4520,-1197,616,88,-1206,-1444,-572,486,535,827,1522,1538,-715,-4470,-6835,-5812,-2551,215,405,-782,-1586,-851,88,450,717,1271,1867,573,-2825,-6172,-6672,-3892,-674,448,-350,-1248,-1223
-365,43,119,-91,-589,-1351,-2109,-2899,-3344,-3499,-3222,-2745,-1937,-1151,-421,-12,172,-60,-587,-1282,-2111,-2850,-3343,-3475,-3265,-2653,-1949,-1134,-518,-13,187,-94,-590,-1301,-2066,-2779,-3312,-3475,-3313,-2716,-1983,-1184,-500,-20,174,-2,-528,-1273,-2064,-2792,-3273,-3464,-3269,-2736,-2067,-1214,-481,-44,176,-33,-496,-1182,-2018,-2738
-1575,-1373,985,3263,4086,2679,1686,196,-594,133,1994,1305,-417,-1820,604,3257,4375,3445,1630,676,-442,-240,1392,1760,-265,-1654,-369,2514,4711,3488,1915,982,-298,-453,963,2040,626,-1526,-995,1823,4067,3956,2656,677,21,-747,92,1408,938,-1216,-1501,1367,3690,3914,3186,1290,4,-742,9,1314,1125,-1188,-1527,857
-345,-178,132,519,789,972,1180,1212,1220,995,684,391,81,-302,-489,-482,-535,-453,-232,112,366,788,955,1156,1196,1195,977,765,458,174,-200,-388,-516,-486,-475,-221,18,298,618,908,1067,1201,1109,1065,820,501,180,-96,-321,-455,-578,-468,-273,-30,275,662,809,1102,1227,1205,1045,847,529,226
1851,1786,206,-1117,-3648,-5266,-4175,-591,1248,669,-1129,-875,1350,1959,1417,-602,-3245,-4867,-5164,-2179,1073,1204,-580,-1141,814,1728,1595,530,-1856,-4188,-5631,-3541,-226,1082,220,-1135,-285,1742,2296,1057,-257,-3083,-5243,-4883,-1646,1123,1082,-996,-1218,850,2248,1326,-150,-2186,-4586,-5153,-3369,635,1430,-252,-799,230,1655,1427
-1849,-1768,-1331,-820,-261,205,384,293,23,-593,-1081,-1617,-1858,-1862,-1536,-1059,-534,66,307,424,233,-293,-809,-1393,-1771,-1864,-1667,-1348,-851,-246,150,354,373,25,-573,-1063,-1537,-1794,-1842,-1578,-1039,-471,6,323,433,173,-197,-816,-1361,-1770,-1836,-1743,-1297,-800,-273,131,344,300,-42,-552,-1079,-1570,-1861,-1853
1807,-1238,-2554,-3378,-3174,-2769,-2996,-1764,39,1073,-266,-1537,-2070,-4,2690,4190,3072,739,-2075,-3033,-3260,-3427,-3117,-2450,-769,828,763,-1078,-2217,-1283,1070,3670,3719,2074,-842,-2346,-2603,-3115,-3208,-2585,-1770,302,946,9,-1562,-2058,-402,2434,3599,3497,824,-1621,-3149,-2897,-2982,-2817,-2076,-845,836,605,-471,-1932,-1439,1141
-364,-790,-1415,-2149,-2792,-3357,-3599,-3491,-3091,-2431,-1772,-1106,-605,-228,-348,-605,-1229,-1942,-2654,-3177,-3530,-3501,-3249,-2744,-2017,-1303,-626,-323,-307,-574,-1046,-1772,-2429,-3066,-3453,-3582,-3343,-2873,-2196,-1398,-795,-393,-250,-455,-869,-1628,-2275,-2984,-3402,-3573,-3353,-3009,-2343,-1566,-980,-532,-236,-371,-790,-1413,-2194,-2768,-3357,-3576
2666,1602,-21,461,1592,1105,-206,-1133,-859,-481,375,1589,2817,1751,216,160,1493,1184,223,-1373,-1301,-765,-417,1524,2956,1976,466,-70,1449,1897,609,-936,-1121,-753,-383,689,2690,2553,1189,-152,592,1535,1191,-536,-854,-688,-575,165,2035,2838,1542,200,628,1524,1723,-38,-1095,-852,-792,-220,1357,2648,2307,334
-334,-814,-969,-775,-175,628,1654,2554,3452,4016,4239,4019,3601,2913,1909,963,30,-522,-920,-841,-544,208,1100,2122,3036,3721,4107,4250,3876,3202,2401,1404,532,-348,-791,-930,-716,-143,589,1588,2585,3401,4052,4203,4099,3550,2798,1911,923,79,-638,-897,-827,-533,211,1087,2032,3014,3750,4203,4191,3894,3260,2396
1577,452,-1733,-1951,305,1333,1957,1612,22,-3322,-6241,-5839,-3219,495,1077,-155,-1736,-1342,182,1714,2366,2056,-702,-3531,-6758,-5670,-2135,879,1056,-715,-1403,-1076,386,1584,1632,1270,-825,-4505,-6639,-5226,-1478,1479,659,-1123,-1881,-999,1389,2285,2368,905,-1971,-5512,-6569,-4790,-297,1498,1062,-1759,-1645,-654,1059,2304,2099,311
-885,-1619,-2202,-2241,-1851,-1294,-322,469,1050,1360,1220,552,-168,-1061,-1769,-2157,-2195,-1749,-1024,-183,579,1163,1358,1025,376,-406,-1200,-1932,-2255,-2109,-1590,-891,83,774,1294,1349,935,387,-522,-1459,-1962,-2280,-2006,-1391,-638,229,943,1253,1252,881,67,-737,-1607,-2103,-2209,-1969,-1365,-425,356,999,1331,1208,717,-130
-420,-724,-1031,-736,89,333,-741,-2247,-2816,-2295,-1376,-1341,-921,-492,-562,-1168,-898,3,580,-558,-2063,-3031,-2279,-1427,-1533,-990,-546,-381,-968,-909,-236,438,-40,-2000,-2686,-2455,-1748,-1197,-1143,-667,-438,-760,-1075,-364,230,-44,-1633,-3036,-2776,-1663,-1113,-1163,-800,-641,-1035,-965,-384,462,186,-1590,-2843,-2748,-1768,-1221
23,-253,75,769,1733,2757,3545,3847,3658,3000,2080,1006,245,-165,-109,457,1324,2277,3224,3757,3802,3347,2567,1445,506,-42,-213,130,954,1917,2791,3543,3802,3603,2858,1906,866,104,-261,-49,585,1448,2464,3295,3771,3720,3190,2330,1272,393,-127,-208,268,1037,2113,3041,3624,3831,3408,2720,1728,747,59,-247
-2375,-606,-74,493,1591,1654,-395,-2530,-1925,345,590,-2292,-5040,-5278,-2669,-295,-38,459,1937,2012,-181,-2548,-2010,-459,587,-2106,-5221,-5096,-2545,-835,-694,707,2003,1410,-406,-2453,-1896,-136,275,-2253,-4971,-4956,-2909,-618,-113,590,2025,1752,-279,-2737,-2418,-17,95,-1778,-5021,-4762,-2615,-667,-162,194,2336,1896,-346,-2597
-3749,-3873,-3585,-2764,-1703,-589,404,1020,1263,952,213,-784,-1994,-2930,-3643,-3912,-3632,-2945,-1926,-846,230,945,1317,1020,443,-561,-1634,-2766,-3455,-3938,-3764,-3172,-2173,-1057,-19,775,1232,1185,590,-301,-1480,-2498,-3460,-3871,-3876,-3389,-2411,-1340,-259,666,1185,1227,753,-140,-1212,-2325,-3185,-3757,-3879,-3493,-2703,-1618,-495,512
-2754,-3117,-1294,573,1722,178,-579,-344,312,606,154,92,-607,-1571,-2899,-3623,-1803,436,1128,612,-585,-750,-214,552,103,-268,-917,-1774,-2731,-3362,-2231,214,1404,1071,-465,-1273,-9,597,61,-182,-450,-1803,-2670,-3892,-2279,7,1066,681,-856,-579,-492,720,337,229,-675,-1393,-2588,-3559,-2714,-636,990,1325,-390,-565
-749,-1012,-1140,-1145,-1128,-886,-586,-201,120,391,589,632,475,406,3,-273,-622,-901,-1070,-1151,-1127,-938,-736,-390,-63,336,506,598,680,503,180,-86,-401,-676,-991,-1175,-1165,-991,-816,-509,-175,182,423,602,667,540,369,-13,-216,-597,-949,-1159,-1182,-1135,-967,-732,-327,33,310,511,613,686,533,219
-1620,-2669,-2894,-1160,-189,-32,-348,167,-582,-3192,-4623,-4072,-1750,-759,-1614,-3080,-2365,-754,-318,228,-78,297,-1070,-3717,-4345,-3593,-1693,-1197,-2088,-3098,-2300,-904,139,-449,-292,18,-1617,-3860,-4713,-3604,-1142,-1165,-2171,-3314,-1884,-545,-49,-300,-52,218,-1937,-4191,-4675,-2701,-1769,-996,-2436,-2418,-1738,-422,-328,258,-144,-277
618,978,736,24,-859,-2098,-3013,-3824,-4128,-4004,-3408,-2394,-1290,-235,620,961,778,234,-742,-1834,-2873,-3778,-4191,-4017,-3482,-2584,-1442,-398,475,958,854,380,-508,-1764,-2855,-3619,-4092,-4061,-3620,-2749,-1616,-474,381,867,909,494,-398,-1497,-2619,-3564,-4148,-4117,-3674,-2852,-1793,-636,302,862,915,555,-268,-1340,-2491,-3430
-521,-1248,-452,850,1714,1926,1652,1354,1003,-66,-1883,-3181,-3788,-2086,-158,832,200,-849,-645,147,1519,2130,1764,1564,1456,700,-674,-2838,-3917,-3213,-985,696,760,-441,-1070,-611,1003,1868,2131,1664,1227,1095,133,-1880,-3396,-3616,-2107,-57,683,140,-879,-993,180,1468,2124,1882,1585,1353,682,-888,-2923,-3653,-2862,-881
-3422,-3336,-2875,-2301,-1529,-911,-330,-144,-142,-552,-1138,-1829,-2514,-3140,-3469,-3510,-3168,-2727,-2059,-1249,-698,-271,-158,-297,-691,-1341,-2081,-2802,-3219,-3541,-3442,-3071,-2453,-1789,-1058,-537,-203,-149,-395,-958,-1632,-2348,-2968,-3341,-3472,-3304,-2892,-2198,-1534,-824,-379,-119,-202,-569,-1161,-1882,-2578,-3069,-3501,-3527,-3199,-2606,-1962,-1240
1659,871,1559,2227,1926,491,-1228,-1728,-1159,438,1494,1026,1012,1399,1214,1223,1919,2487,1171,-660,-1865,-1845,-490,1086,1339,908,1466,1432,1256,1712,2071,2315,-1,-1562,-2046,-649,618,1249,1297,1556,1170,1293,1400,1802,2062,992,-1103,-1813,-1052,-82,936,1439,1272,1519,1463,1306,1580,2384,1815,-130,-1656,-2412,-134,1035
88,-423,-1246,-2129,-2997,-3727,-4166,-4238,-3931,-3164,-2388,-1412,-600,86,306,172,-317,-988,-1921,-2904,-3615,-4091,-4183,-3975,-3397,-2562,-1616,-739,-103,216,188,-167,-807,-1743,-2679,-3468,-3980,-4189,-4153,-3583,-2807,-1859,-925,-271,212,351,-33,-628,-1454,-2432,-3264,-3917,-4177,-4142,-3693,-2909,-2002,-1203,-427,128,318,97,-443,-1362
4870,4860,1422,-1689,-2627,-3239,-2372,-581,4020,5855,4524,937,-687,1967,4528,3958,1210,-1669,-2813,-3107,-2419,405,4474,6084,3900,-93,4,2616,4953,3710,402,-1842,-2757,-3069,-2253,1281,4922,5501,3299,-326,-33,2878,5082,3515,165,-2224,-2854,-3066,-1642,1551,5369,5691,2694,-42,-12,3270,4972,3346,-415,-2272,-3427,-3129,-1426,1706
1645,1556,1155,515,95,-357,-537,-454,-144,415,939,1411,1643,1679,1422,889,381,-170,-490,-556,-352,99,687,1170,1535,1608,1605,1200,621,156,-302,-520,-475,-98,343,870,1325,1618,1636,1384,1036,395,-93,-453,-547,-345,52,562,1111,1479,1602,1554,1232,699,56,-295,-582,-483,-255,311,810,1362,1635,1731
1269,2353,1976,-22,-1957,-2243,-2233,-2746,-3153,-2485,-777,771,1264,375,-744,-968,299,1820,2289,1249,-532,-1951,-2631,-2731,-3064,-2820,-1458,26,1103,1337,-437,-822,-280,910,2361,1820,58,-1606,-2239,-2378,-3059,-3316,-2748,-1082,687,1342,557,-810,-979,128,1813,1958,1241,-628,-2171,-2431,-2886,-2858,-3183,-1801,-162,1206,1115,308
-1810,-2612,-3067,-3229,-2951,-2350,-1446,-833,-98,141,79,-426,-1144,-1938,-2631,-3034,-3102,-2851,-2177,-1401,-647,-117,162,-45,-514,-1261,-2099,-2682,-3156,-3126,-2809,-2072,-1325,-567,-22,192,-54,-550,-1346,-2120,-2847,-3145,-3121,-2641,-2016,-1262,-512,-11,178,-95,-693,-1441,-2199,-2880,-3152,-3064,-2599,-1856,-1156,-416,93,165,-237,-747
1453,3961,3905,2106,410,-406,-1043,-3190,-4386,-3533,-127,2383,2565,268,-1255,-629,2180,4043,3633,2463,-29,-193,-1453,-3555,-4609,-3127,34,2977,2500,70,-1445,-188,2766,4404,3866,1741,592,-484,-1847,-3908,-4255,-2874,960,3188,2175,-235,-1450,876,2716,4057,2884,881,314,-632,-2302,-3918,-4626,-1899,1270,2695,1699,-634,-1126,503
-2347,-2663,-2684,-2562,-2239,-1829,-1276,-820,-437,-286,-245,-446,-745,-1294,-1799,-2225,-2509,-2721,-2704,-2467,-2030,-1601,-1090,-733,-415,-224,-277,-605,-973,-1507,-1952,-2380,-2663,-2687,-2596,-2290,-1927,-1329,-952,-498,-270,-284,-448,-692,-1165,-1655,-2084,-2466,-2652,-2664,-2500,-2187,-1691,-1126,-747,-416,-246,-315,-529,-933,-1313,-1853,-2243,-2552
-3855,-3070,-1466,-337,-234,-1782,-3534,-3363,-1794,179,1824,2211,1481,1098,894,826,-456,-2156,-3481,-3870,-1983,-723,-297,-922,-2845,-3385,-2412,-893,1259,1867,1787,1285,940,715,-85,-1559,-3305,-3825,-2688,-977,-32,-418,-2472,-3559,-3078,-1390,823,1936,1823,1677,1291,920,601,-1081,-2537,-3678,-3418,-1977,-371,-8,-1680,-3209,-3598,-2212
981,1331,1729,2077,2507,2720,2959,2950,2809,2494,2142,1739,1388,996,834,849,885,1166,1532,1982,2414,2628,2952,2975,2893,2624,2284,1935,1466,1154,866,820,913,1030,1354,1782,2176,2487,2891,2962,2910,2775,2433,2026,1641,1361,986,790,845,987,1209,1619,2008,2359,2719,2944,2934,2842,2626,2216,1811,1479,1101,856
-730,-290,-455,-1626,-2512,-652,1374,2264,1509,635,-82,-836,-1072,-516,-355,-1513,-2361,-1361,865,2030,1823,553,-91,-656,-1147,-799,92,-930,-2147,-1832,247,2266,1906,806,443,-474,-1287,-779,-9,-492,-1748,-2053,-18,1513,2058,1188,486,-287,-1341,-830,-232,-394,-1736,-2281,-592,1724,2168,1577,477,-235,-842,-883,-42,-12
1508,1717,1544,1423,1253,1087,779,473,277,116,137,147,357,504,700,971,1216,1404,1571,1608,1522,1427,1266,1026,691,477,234,89,107,75,287,538,823,1074,1261,1518,1572,1608,1529,1378,1199,863,686,410,238,88,54,171,319,648,780,1082,1321,1527,1661,1610,1536,1322,1139,856,575,356,125,134
-434,2475,3501,2811,2309,1768,1233,1379,2438,1594,-781,-2441,-1154,1734,3437,2852,2329,1999,1361,1441,2096,2107,-245,-2315,-1827,884,3251,3178,2435,1965,1552,1390,1911,2213,432,-2068,-2278,376,2988,3482,2639,2177,1597,1323,1840,2161,1148,-1593,-2351,-262,2543,3817,2936,2225,1592,1242,1639,2278,1567,-1040,-2540,-1018,1873,3194
-2128,-2160,-2096,-1961,-1692,-1328,-1078,-748,-532,-504,-573,-798,-1048,-1343,-1677,-1968,-2119,-2187,-2032,-1864,-1575,-1167,-905,-620,-486,-342,-614,-831,-1183,-1466,-1853,-2049,-2154,-2145,-2011,-1762,-1361,-1034,-780,-546,-524,-498,-739,-956,-1438,-1676,-1959,-2102,-2174,-2046,-1905,-1557,-1262,-895,-668,-515,-478,-555,-863,-1115,-1456,-1799,-2032,-2160
1027,-722,-2420,-2993,-2659,-1815,-1073,-615,-869,-516,-181,-187,-378,-649,338,908,2060,1271,-521,-1646,-2726,-2962,-1574,-1262,-1214,-535,-478,-220,-538,-739,-541,-12,426,1662,1159,-49,-1603,-2487,-2318,-2369,-1680,-334,-683,-800,-644,-317,-115,-788,-71,470,1415,1807,394,-1419,-2512,-3384,-2319,-1218,-925,-454,-644,-509,-190,-851
826,954,925,707,154,-388,-1088,-1617,-1911,-2046,-1951,-1605,-1037,-460,171,597,934,991,826,414,-164,-748,-1353,-1684,-2026,-2110,-1779,-1382,-773,-201,354,784,969,901,646,171,-414,-1103,-1568,-1942,-2078,-1926,-1701,-1030,-504,98,639,912,1003,777,460,-82,-741,-1334,-1728,-2020,-2010,-1789,-1335,-793,-244,344,781,1013
2436,1186,33,-731,-1181,-1797,-409,2845,4554,4001,2086,1485,2545,2784,1885,272,-495,-1023,-2018,-1410,1222,4320,4390,2829,1115,1944,2763,2329,823,-243,-730,-1499,-1909,28,3044,4998,3715,1638,1348,2435,2818,1500,135,-170,-1162,-2001,-907,1753,4247,4432,2316,1203,1951,2661,2128,797,-25,-800,-1535,-1560,226,3314,4806,3805
-46,-54,-363,-886,-1511,-2099,-2594,-2921,-2982,-2839,-2425,-1838,-1223,-736,-155,-42,-75,-426,-912,-1590,-2180,-2616,-2918,-3017,-2785,-2404,-1798,-1160,-605,-177,-38,-163,-478,-971,-1566,-2167,-2734,-2974,-2985,-2762,-2354,-1764,-1124,-578,-202,-12,-128,-453,-1042,-1600,-2271,-2782,-2960,-2989,-2658,-2368,-1715,-1063,-560,-136,17,-113,-518,-1098
-986,498,2290,2635,1783,731,464,41,-23,444,971,204,-928,-605,1414,2474,2194,1147,486,225,33,32,917,727,-302,-835,361,2094,2535,1681,512,255,355,11,645,901,141,-864,-754,1210,2660,1871,1300,390,-65,-142,192,751,682,-356,-1071,57,2339,2853,1332,460,189,87,67,367,934,265,-1098,-535
2148,2467,2525,2296,1887,1410,1047,778,582,721,1099,1556,1960,2316,2481,2385,2146,1644,1239,838,666,661,910,1284,1734,2145,2445,2487,2281,1824,1382,976,696,641,838,1100,1646,1985,2394,2483,2420,2048,1596,1199,856,663,618,983,1348,1855,2181,2491,2462,2321,1799,1336,948,682,685,815,1146,1656,2081,2353
-2609,-620,-46,-781,-1880,-1520,-886,-470,-970,-1611,-2599,-3702,-3863,-2489,-753,-170,-879,-1806,-1627,-807,-479,-843,-1649,-2714,-3755,-3872,-2589,-715,-236,-1186,-2005,-1508,-804,-194,-855,-1683,-2570,-3770,-3954,-2703,-815,-338,-866,-1777,-1702,-675,-262,-877,-1679,-2794,-3470,-3719,-2787,-721,-494,-896,-1831,-1468,-865,-213,-543,-1761,-2689,-3698
1489,1654,1351,863,169,-705,-1570,-2343,-2846,-3170,-3143,-2783,-2259,-1426,-632,219,936,1466,1572,1464,1063,410,-421,-1290,-2052,-2674,-3045,-3161,-2954,-2475,-1776,-895,-137,768,1289,1574,1517,1235,667,-116,-934,-1825,-2482,-2960,-3197,-3064,-2647,-1985,-1176,-267,497,1178,1506,1639,1430,915,149,-649,-1517,-2387,-2868,-3099,-3121,-2799
1129,-612,-2445,-2689,-997,664,805,-208,-134,789,2050,2108,1983,1656,228,-1372,-2747,-1804,294,1204,187,-528,172,1529,2237,2154,2013,1188,-725,-2414,-2569,-748,576,715,-220,-232,893,2000,2097,1909,1384,288,-1627,-2665,-1501,378,994,264,-206,595,1769,2607,2206,1942,744,-1044,-2622,-2440,-646,838,541,-241,-169,944
474,-140,-478,-283,213,1096,2088,2946,3672,3898,3685,3106,2296,1279,399,-290,-520,-262,357,1261,2253,3131,3771,3901,3609,2956,2021,1076,199,-337,-549,-154,470,1352,2390,3152,3823,3918,3530,2831,1916,936,96,-360,-443,-49,625,1535,2523,3380,3846,3873,3458,2700,1717,776,-26,-376,-498,19,753,1775,2731,3453
-752,-906,-205,410,-96,-1456,-3009,-4430,-3890,-2519,-1512,-1062,-1541,-2192,-2012,-1650,-1139,-889,-721,-298,107,-127,-1329,-3141,-4446,-4307,-3027,-1819,-1292,-1483,-1948,-2229,-1654,-1141,-970,-615,-425,117,309,-857,-2750,-4014,-4222,-3348,-2063,-1132,-1614,-2072,-2360,-2037,-1428,-897,-1029,-599,-161,199,-515,-2193,-3478,-4486,-3489,-2163,-1183,-1300
998,825,313,-294,-1087,-1884,-2428,-2674,-2817,-2436,-1951,-1139,-420,238,810,997,868,420,-247,-1022,-1720,-2351,-2783,-2792,-2464,-1962,-1263,-365,233,774,989,897,523,-167,-881,-1713,-2322,-2680,-2700,-2532,-2004,-1271,-427,206,709,984,948,532,-135,-823,-1645,-2282,-2635,-2838,-2553,-2055,-1309,-573,172,714,1003,949,548,-45
-7,337,378,1205,2352,2541,489,-1069,-1470,-411,375,-64,-463,238,2,300,1154,2477,2552,1293,-721,-1272,-474,-180,-479,-343,304,203,471,1021,1519,2873,1051,-1375,-1704,-585,235,166,-388,166,370,336,594,1507,2898,1743,-161,-1519,-1023,-149,-242,-25,174,117,226,787,1906,2722,2093,-120,-1320,-1211,-122,-29
1882,1936,1518,778,14,-889,-1412,-1629,-1504,-1002,-333,549,1310,1748,1969,1686,1204,389,-406,-1093,-1569,-1629,-1302,-680,80,912,1557,1988,1928,1540,823,-5,-839,-1411,-1636,-1503,-1008,-306,523,1270,1818,1913,1719,1102,375,-453,-1135,-1584,-1665,-1301,-694,153,939,1594,1985,1938,1470,770,-94,-858,-1427,-1619,-1488,-1029
149,-758,-115,1411,2878,3606,3253,2630,-36,-2895,-4955,-4399,-1807,1255,2730,1593,-254,-857,25,2088,3150,3600,3246,1882,-639,-3650,-5449,-4393,-1173,1985,2557,897,-774,-660,540,2065,3455,3811,2971,1538,-1285,-4184,-5268,-3637,-130,2326,2318,678,-1001,-719,861,2425,3652,3738,2472,924,-1938,-4709,-5181,-3079,460,2413,2238,269
755,1229,1474,1516,1365,946,349,-193,-793,-1279,-1684,-1787,-1694,-1404,-857,-292,261,837,1215,1512,1464,1285,950,413,-289,-839,-1359,-1683,-1876,-1673,-1390,-928,-334,280,893,1265,1513,1493,1299,902,350,-280,-829,-1307,-1656,-1756,-1698,-1318,-841,-293,332,833,1293,1501,1497,1294,829,321,-325,-871,-1418,-1671,-1783,-1694
-569,-1159,-870,-961,-795,-789,-1105,-1267,-922,12,1147,1714,884,388,-399,-986,-476,-146,-758,-1161,-1497,-1327,-671,-931,-1060,-1374,-1112,239,835,1481,804,290,-799,-606,-443,-521,-556,-1060,-846,-1069,-826,-844,-1354,-1467,-830,45,1128,1597,732,114,-658,-741,-1269,-586,-623,-788,-1029,-1131,-909,-1018,-963,-1133,-958,-245
2971,2805,2465,2005,1596,1087,793,541,470,689,970,1462,1908,2304,2632,2887,2950,2814,2500,2091,1633,1097,786,553,486,686,920,1416,1856,2357,2700,2889,2967,2798,2502,2097,1629,1224,777,560,537,644,973,1390,1829,2350,2675,2912,2906,2777,2474,2077,1557,1187,794,598,527,659,951,1354,1855,2345,2590,2901
-1579,-3797,-3491,-1201,647,1017,614,792,444,-633,-704,391,-34,-2339,-3969,-3224,-344,935,975,740,850,80,-847,-176,279,-347,-2822,-4193,-2347,-20,975,931,608,625,-280,-845,-316,796,-971,-3210,-3841,-1849,361,944,748,893,529,-372,-680,254,339,-1458,-3779,-3382,-970,964,826,591,868,346,-527,-528,108,13
3362,3792,3898,3757,3311,2657,1903,1075,362,-95,-368,-230,166,734,1567,2297,3054,3579,3908,3940,3624,3010,2245,1470,718,123,-198,-282,-153,418,1118,1850,2681,3337,3791,3897,3765,3420,2757,1903,1136,458,-74,-295,-232,122,767,1420,2213,3014,3549,3880,3842,3673,3092,2352,1565,794,168,-184,-242,-144,327,1009
1079,2455,2368,1699,-524,-3350,-4072,-3330,-2014,-391,-420,-1031,-2535,-2038,-2594,-1630,-85,-158,1186,1931,2842,2532,1349,-1791,-3148,-3731,-2567,-595,-257,-602,-1640,-2244,-2701,-1742,-476,-767,728,1615,2681,2378,1321,-12,-2733,-3854,-3763,-2186,-272,95,-1185,-1993,-3020,-1797,-2072,-243,210,1277,2334,2992,2763,890,-1523,-3595,-3912,-3049
1146,1132,991,866,587,321,178,-23,-226,-236,-218,-88,74,300,614,840,899,1038,1180,1068,999,827,564,363,48,-33,-228,-299,-170,-88,46,333,569,808,974,1177,1140,1134,972,814,558,359,105,-62,-174,-231,-225,-97,117,296,522,772,963,1118,1119,1040,987,813,616,355,122,-72,-202,-266
1264,1626,1933,1387,849,850,1035,1297,2039,2686,3001,3456,3563,3066,2703,1418,609,508,1041,1426,1915,1796,1181,1055,810,1236,1721,2139,2776,3170,3593,3361,2858,1914,1158,415,525,1081,1607,1744,1543,825,614,953,1580,1904,2414,2718,3306,3506,3226,2585,1767,947,311,351,1388,1731,1865,1548,1015,802,1159,1664
461,549,382,150,-307,-727,-1004,-1046,-895,-629,-219,202,434,462,396,82,-212,-650,-976,-1093,-998,-734,-295,118,413,644,441,194,-184,-626,-966,-1070,-980,-713,-304,92,402,524,530,160,-261,-663,-905,-1120,-982,-761,-341,92,375,473,486,208,-221,-617,-862,-1048,-1080,-781,-325,37,394,582,495,191
32,-97,-1037,-1905,-2586,-3005,-2420,-2719,-2319,-1171,-1104,-2008,-1983,-1587,-369,-202,-560,-1975,-2420,-2377,-2924,-2861,-2126,-1185,-1119,-1649,-2320,-2276,-692,-66,-474,-1569,-1835,-2525,-2812,-2989,-2295,-1453,-1043,-1565,-1857,-2087,-1531,-419,-513,-755,-2118,-2802,-2410,-2470,-2635,-1930,-1452,-1149,-1468,-1875,-1716,-767,15,-327,-1314,-2865,-2765,-2643
-1014,-1793,-1856,-1524,-738,391,1329,2120,2448,2259,1469,366,-621,-1453,-1931,-1751,-1141,-44,966,1921,2325,2362,1762,858,-201,-1207,-1759,-1893,-1444,-588,492,1524,2249,2410,2098,1291,207,-794,-1604,-1915,-1675,-925,129,1180,1992,2415,2235,1617,689,-436,-1315,-1842,-1821,-1262,-336,802,1691,2277,2324,1951,1079,7,-994,-1677
-4483,-1095,2197,3143,2633,2475,1233,-458,-784,1139,840,-2402,-4637,-2265,1506,3347,2797,2523,1609,79,-737,897,1547,-1441,-4294,-2889,805,2873,2753,2871,2036,161,-1048,298,1534,-669,-3788,-3774,8,2966,3360,2791,2229,698,-821,-2,1217,289,-3064,-4478,-1132,2269,2848,2746,2270,1241,-609,-747,1211,859,-2283,-4323,-2299,1592
-3723,-3769,-3738,-3478,-2962,-2330,-1741,-1166,-684,-293,-99,-219,-422,-898,-1448,-2058,-2598,-3134,-3574,-3832,-3763,-3599,-3212,-2691,-2081,-1367,-851,-422,-176,-127,-271,-592,-1180,-1758,-2426,-2981,-3422,-3689,-3816,-3694,-3314,-2883,-2331,-1683,-1083,-618,-268,-79,-174,-478,-954,-1499,-2138,-2782,-3236,-3627,-3751,-3746,-3528,-3140,-2565,-1944,-1295,-789
2244,2245,2348,2229,1888,982,227,292,933,1428,1952,1263,866,908,1527,2342,2477,2159,2494,2348,1785,1114,390,-47,621,1488,1702,1189,954,755,1849,2029,2624,2478,2148,2315,2196,1170,587,-40,518,1313,1729,1167,802,615,1018,1995,2407,2365,2285,2207,2025,1310,82,109,585,1217,1981,1345,531,791,1106,1649
313,291,598,1163,1923,2676,3154,3456,3365,2922,2266,1539,824,449,279,396,920,1664,2366,2971,3282,3427,3088,2586,1829,1024,542,284,256,767,1354,2079,2786,3272,3444,3257,2814,2133,1389,749,379,226,552,1054,1746,2534,3115,3420,3364,2981,2375,1705,1014,456,239,361,870,1504,2258,2906,3357,3435,3200,2699
1076,101,-771,236,733,1324,461,-710,-1667,-1434,459,3173,4693,5298,4766,4567,3583,2502,1386,304,-1021,65,879,1290,414,-486,-1759,-1459,357,2346,4514,5269,4642,4387,3486,2699,1822,277,-564,21,481,1469,1684,-425,-1896,-1641,-126,2328,3990,5117,5162,4162,3598,2800,2309,123,-47,-632,269,1525,1209,665,-1043,-2163
1481,1525,1032,278,-639,-1600,-2265,-2614,-2544,-1983,-1259,-350,585,1268,1549,1422,956,97,-829,-1724,-2345,-2604,-2499,-1858,-1031,-144,799,1316,1498,1418,785,-56,-1035,-1849,-2475,-2697,-2375,-1712,-935,66,901,1451,1529,1340,602,-279,-1247,-1992,-2499,-2548,-2277,-1558,-710,245,968,1427,1539,1191,504,-552,-1379,-2152,-2568,-2566
3092,847,-325,599,1937,1054,-632,-2164,-2897,-3070,-1201,1640,3389,2147,60,-554,1054,1521,511,-978,-2476,-3336,-2701,-443,2110,3368,1586,-351,-191,1617,1401,-87,-1515,-2890,-2923,-1925,513,3171,3204,941,-266,398,1708,1322,-447,-2080,-3044,-3043,-1332,1354,3628,2406,235,-427,959,1956,821,-983,-2664,-3292,-2688,-547,2146,3460
4336,4359,3974,3308,2342,1373,467,-183,-541,-492,-53,781,1763,2747,3573,4219,4346,4184,3689,2843,1932,900,207,-378,-541,-285,314,1169,2161,3109,3813,4252,4385,4037,3233,2465,1455,528,-139,-486,-489,-77,652,1622,2615,3483,4134,4348,4233,3786,2912,1911,996,191,-293,-506,-343,260,1119,2121,3062,3794,4234,4349
-2767,-2132,-742,131,214,-188,-772,-1750,-3262,-4086,-4450,-3728,-2314,-1341,-1765,-2355,-2719,-2068,-708,127,291,-270,-1173,-2200,-3300,-4386,-4471,-3298,-1975,-1612,-2281,-2462,-2494,-1631,-196,-50,221,-419,-1344,-2108,-3649,-4311,-4340,-3205,-1866,-1510,-2136,-2771,-2624,-1692,-7,259,397,-354,-1593,-2409,-4129,-4464,-4208,-2690,-1718,-1492,-2165,-2845
-878,-1134,-1094,-892,-428,132,746,1238,1558,1595,1414,986,455,-141,-616,-1096,-1173,-1065,-714,-172,439,1012,1378,1600,1454,1241,754,128,-461,-830,-1186,-1094,-946,-434,151,776,1250,1593,1615,1513,1018,528,-73,-615,-952,-1173,-1044,-679,-148,386,955,1394,1582,1594,1235,782,252,-389,-810,-1114,-1120,-937,-457,143
-1578,994,4019,4809,3208,2746,362,-2149,-2211,560,2319,268,-880,633,3483,4650,2944,2618,550,-2006,-2385,643,2802,527,-1881,-59,3353,5286,3348,2678,707,-2172,-2880,38,2716,897,-1433,-301,3146,4726,3668,2813,1354,-1957,-2235,-38,2255,1212,-1258,-716,2732,4473,4012,2871,1357,-1143,-2799,-717,2450,1597,-1125,-720,3011,4324
300,-24,-311,-445,-383,-218,81,341,664,910,1061,1106,989,725,412,84,-190,-376,-336,-315,-80,256,597,826,1094,1120,1098,863,499,193,-146,-359,-384,-290,-146,192,513,831,976,1097,1059,855,561,324,-86,-287,-447,-395,-236,111,302,657,949,1081,1080,942,754,451,77,-209,-344,-391,-266,-75
3042,2414,1668,1012,-122,-1026,-1459,-173,1990,3269,3476,2864,2117,1811,2481,3093,3142,2519,1942,1319,365,-629,-1417,-996,1310,2977,3776,3295,2171,1806,2344,2947,3093,2821,2043,1249,408,-656,-1265,-875,227,2397,3893,3912,2595,1530,2062,2835,3062,2897,2006,2040,758,386,-1032,-1133,-396,1937,3662,3669,2961,2482,2195,2513
978,643,441,450,590,921,1429,1722,2031,2283,2198,2046,1584,1277,909,594,446,479,641,1006,1458,1887,2141,2283,2182,1940,1593,1106,778,458,427,536,796,1149,1586,1983,2177,2271,2094,1834,1385,1005,683,476,379,601,851,1343,1657,2039,2267,2280,2062,1698,1297,929,600,406,463,601,978,1442,1842,2160
1538,191,-612,-710,1425,3135,4558,5128,3723,2583,1774,1770,2099,2379,2062,1846,1588,1578,1449,988,-27,-562,311,1596,3696,4871,5010,3515,1365,1927,1970,2452,2151,1847,1891,1214,1461,1041,676,-574,-294,0,2861,4220,5198,4569,3248,1883,1718,1864,2295,2201,1037,1395,1066,1221,822,346,-326,-268,1346,3063,4688,5177
-1027,-855,-745,-798,-947,-1268,-1470,-1792,-2159,-2346,-2344,-2315,-2161,-1882,-1452,-1229,-1017,-826,-677,-883,-981,-1296,-1623,-1845,-2201,-2319,-2398,-2334,-2029,-1796,-1500,-1129,-947,-730,-761,-835,-1074,-1373,-1695,-2013,-2236,-2441,-2408,-2192,-2065,-1748,-1433,-1107,-876,-783,-765,-830,-1136,-1398,-1779,-1990,-2246,-2391,-2305,-2238,-2001,-1637,-1346,-1093
-1081,-728,185,2357,2915,464,-3745,-5016,-4226,-1762,-1080,-1774,-1556,-1588,-591,931,2360,2344,-2,-3948,-5591,-3457,-1650,-1216,-1416,-1472,-1443,-535,1112,2550,1952,-1228,-4363,-4891,-3496,-1752,-1491,-1648,-1523,-1134,-371,1569,2611,1559,-1793,-4602,-4837,-2582,-1329,-1202,-1909,-1591,-723,624,2091,2695,1663,-2573,-5130,-4467,-2392,-1094,-1816,-1472
-743,-86,981,2032,2961,3565,3573,3032,2233,982,20,-698,-925,-718,62,1147,2247,3091,3563,3515,3007,2021,858,-111,-771,-930,-626,270,1331,2439,3208,3634,3439,2861,1819,714,-227,-873,-923,-541,444,1530,2554,3352,3611,3381,2713,1652,540,-407,-949,-859,-343,641,1702,2703,3415,3657,3306,2534,1447,307,-523,-871
1587,1518,1904,1962,1597,1108,428,310,287,756,1609,1043,575,255,-607,369,835,1624,1588,2182,2383,1887,1923,2075,967,786,465,786,843,1567,1017,742,454,-279,-136,987,1099,2075,1530,1944,2216,1566,1325,743,586,-105,611,1286,1211,572,422,-49,31,334,1387,1646,2117,1800,1958,2175,2036,1645,836,366
-856,-1020,-433,699,1967,3182,3962,4149,3558,2496,1159,-57,-809,-1034,-479,567,1934,3095,3966,4128,3701,2547,1341,102,-709,-1035,-564,470,1791,3033,3840,4195,3670,2708,1418,136,-760,-1142,-717,384,1616,2914,3775,4144,3816,2783,1456,249,-632,-1015,-728,248,1508,2820,3774,4109,3873,2921,1662,297,-623,-1097,-765,105
-1907,-3819,-5351,-5572,-4232,-1768,72,859,1308,1356,778,-753,-2663,-3419,-3490,-2617,-972,-1356,-2325,-4247,-5577,-5133,-3456,-1174,76,908,1370,820,-8,-1323,-2872,-4182,-3047,-1943,-704,-1306,-3059,-4412,-5300,-4673,-2677,-570,454,1057,1005,495,-275,-1912,-3337,-3640,-3382,-1405,-1075,-1685,-3573,-5065,-5277,-4178,-2192,-113,1063,1179,1326,746
-1207,-1002,-648,-236,58,264,271,113,-221,-583,-990,-1191,-1259,-1162,-948,-566,-216,100,285,221,133,-301,-683,-1086,-1250,-1295,-1223,-836,-453,-97,176,314,220,-31,-330,-719,-1111,-1274,-1329,-1091,-810,-454,-25,234,266,242,-36,-402,-812,-1154,-1286,-1199,-1050,-635,-307,-1,250,333,121,-141,-497,-885,-1152,-1316
588,2386,4636,5166,2921,-312,-2267,-2372,-1412,-738,-54,472,815,912,271,215,1781,4256,5343,3681,94,-2175,-2526,-1663,-913,-301,128,630,876,212,-14,1422,3838,5313,4176,940,-1783,-2646,-1831,-866,-295,69,680,1056,482,134,868,3330,4992,4643,1749,-1335,-2583,-1931,-1270,-529,-277,810,948,884,192,676,2753,4796
2932,2324,1558,823,332,-12,-6,211,754,1369,2166,2807,3270,3501,3370,3025,2396,1713,948,434,-36,-11,191,609,1223,1976,2691,3257,3477,3420,3148,2578,1875,1139,482,103,-108,100,558,1190,1867,2608,3116,3400,3494,3182,2718,2013,1216,576,86,-34,41,426,1012,1754,2480,3020,3468,3473,3243,2794,1996,1420
2121,3411,2533,703,-2201,-3022,-1208,1701,3284,4516,4665,4978,4377,2978,2230,-526,-294,1634,2587,3123,1490,-1443,-2534,-2446,276,2559,4188,4937,4828,4071,3640,2671,660,-171,460,1918,3310,2688,-193,-2506,-2393,-1222,1717,3842,4697,4834,4621,3955,3705,1958,111,-204,1209,2983,3381,1515,-1238,-2790,-2471,391,2300,4013,4409,3961
-2095,-2268,-2410,-2183,-1942,-1466,-922,-430,69,524,747,788,768,481,31,-459,-1026,-1500,-2011,-2283,-2371,-2312,-2135,-1683,-1232,-732,-104,295,688,821,850,618,286,-113,-729,-1228,-1762,-2087,-2298,-2402,-2211,-1881,-1513,-943,-415,78,500,689,852,753,485,39,-455,-908,-1478,-1872,-2205,-2398,-2377,-2050,-1736,-1277,-687,-91
2770,3314,3500,2776,1681,1068,1269,2165,2814,1309,-1498,-3476,-3470,-1575,755,1937,1993,2368,3091,3504,3711,2319,885,894,2904,3140,1915,133,-2619,-3451,-2092,67,1545,2176,2647,2991,2920,3416,2187,1131,736,1651,2705,2725,95,-2622,-3294,-2858,-496,1712,2438,2179,2790,3047,3346,2488,1144,1155,1579,2807,3016,1568,-1239,-3260
-839,-1309,-1796,-2308,-2467,-2723,-2748,-2481,-2059,-1677,-1267,-756,-497,-233,-289,-430,-744,-1185,-1671,-2130,-2439,-2645,-2787,-2593,-2265,-1849,-1371,-880,-501,-303,-162,-345,-597,-1050,-1500,-1923,-2383,-2633,-2687,-2705,-2383,-1965,-1529,-1035,-684,-324,-219,-233,-521,-839,-1473,-1770,-2262,-2584,-2745,-2710,-2577,-2174,-1684,-1211,-794,-429,-188,-208
-601,-2475,-2593,-757,1990,2019,-316,-3071,-4330,-4977,-4301,-2536,-302,-74,-1719,-2777,-1175,1135,2747,457,-1760,-4280,-5149,-5036,-3098,-739,-57,-1049,-2729,-2028,806,2144,1086,-1412,-3725,-5035,-5138,-3737,-1148,-164,-1004,-2207,-2105,-219,2328,2122,-361,-2596,-4358,-5016,-4039,-2299,-144,-15,-2248,-2728,-735,1535,2148,705,-2050,-4083,-5022,-5039
-370,420,1110,1473,1479,1246,681,-217,-1071,-1832,-2398,-2700,-2577,-2181,-1493,-641,213,926,1403,1531,1307,786,89,-841,-1607,-2246,-2653,-2598,-2310,-1676,-873,-40,768,1323,1486,1380,959,343,-646,-1440,-2097,-2546,-2691,-2415,-1865,-1090,-262,582,1215,1480,1484,1137,509,-307,-1235,-1925,-2490,-2721,-2574,-2082,-1305,-475,352,1059
1249,2552,2480,1663,219,-561,-1182,-901,-335,279,235,491,696,89,7,62,972,1799,2998,2143,973,-839,-925,-1050,-498,113,414,959,1111,629,305,79,364,2040,2510,2731,1397,-52,-1036,-1200,-1025,315,203,1130,1043,324,-128,219,495,1471,2679,2466,1359,-145,-653,-731,-631,-188,168,396,922,512,751,33
-527,-1108,-1613,-1814,-1766,-1338,-855,-191,382,632,550,304,-226,-882,-1368,-1760,-1789,-1476,-1004,-384,191,542,706,504,-24,-665,-1256,-1646,-1822,-1667,-1240,-664,-78,427,644,579,198,-382,-1038,-1523,-1829,-1760,-1462,-921,-364,275,613,585,320,-123,-722,-1393,-1690,-1860,-1643,-1075,-501,101,531,673,502,108,-524,-1143
-1992,973,2644,1645,-1723,-4958,-5359,-3100,-791,885,2310,3595,3898,2514,-500,-2142,-1031,1279,2697,935,-2834,-5523,-5081,-2920,-261,1317,2666,3448,3331,1760,-694,-2563,-711,2321,2379,251,-3613,-5606,-4434,-1420,547,1489,2725,3559,3281,847,-1753,-1674,218,2492,2415,-1478,-4571,-5714,-3776,-1228,1005,1813,3105,3489,2614,672,-1584,-1714
-3458,-3726,-3744,-3562,-3139,-2512,-1840,-1217,-512,-125,78,25,-349,-750,-1491,-2214,-2885,-3417,-3678,-3716,-3560,-3202,-2643,-1975,-1152,-549,-138,66,36,-316,-758,-1484,-2216,-2825,-3335,-3661,-3723,-3625,-3226,-2614,-1925,-1173,-678,-188,94,8,-276,-685,-1372,-2069,-2780,-3341,-3659,-3823,-3601,-3210,-2693,-2030,-1343,-753,-227,85,-21,-218
-1115,-256,864,1446,675,-86,727,2564,3123,1447,31,-1331,-1485,-389,-41,1381,1161,807,152,1260,2250,2694,1860,13,-1118,-1261,-799,204,716,1157,733,254,1055,2481,2961,1336,-660,-1130,-1097,-399,-327,1172,1237,846,42,1284,2476,3108,1318,-424,-1438,-1104,-528,-69,1133,1539,750,95,1354,2866,2555,1227,-591,-1395
-1763,-1138,-390,315,783,1023,940,666,124,-516,-1365,-1943,-2526,-2783,-2799,-2571,-2001,-1265,-539,157,689,926,1007,786,310,-401,-1201,-1894,-2436,-2704,-2824,-2563,-2049,-1440,-718,-35,554,962,1097,784,379,-207,-960,-1667,-2275,-2694,-2714,-2608,-2298,-1611,-919,-89,479,969,1091,957,496,-100,-766,-1533,-2197,-2652,-2806,-2762
1756,-1635,-2087,48,1691,2365,3235,3776,2899,999,1600,4065,4011,833,-2088,-1716,671,1707,2866,3722,3794,2549,676,1786,4148,3731,126,-2453,-1356,774,1883,2893,3996,3428,2118,896,2447,4404,2863,-1009,-1997,-1015,1251,2309,2991,3864,3621,1834,1038,2984,4487,2469,-1072,-2200,-314,1502,2353,3433,4243,3238,1060,1374,3401,4130
-339,-273,-422,-873,-1531,-2221,-2830,-3246,-3452,-3362,-3011,-2493,-1861,-1282,-716,-345,-270,-428,-921,-1491,-2173,-2760,-3230,-3442,-3370,-3080,-2508,-1915,-1245,-661,-341,-246,-435,-903,-1531,-2147,-2764,-3268,-3464,-3347,-3120,-2549,-1936,-1292,-736,-381,-241,-491,-879,-1441,-2130,-2740,-3199,-3426,-3387,-3132,-2692,-1937,-1291,-767,-368,-359,-415,-821
-2214,-2154,-1923,-1375,-1302,-582,-179,1535,2249,1722,217,-1344,-1092,-17,564,179,-1196,-2100,-2120,-1700,-1143,-970,-288,740,1796,2145,909,-580,-1117,-385,374,388,-199,-1757,-2264,-1977,-1478,-1700,-786,-27,1107,2155,1718,502,-805,-987,-243,86,332,-739,-1738,-2276,-1769,-1585,-1049,-615,74,1288,2041,1321,-80,-930,-931,248
2745,1940,972,189,-354,-460,-170,366,1280,2248,3042,3668,3743,3508,2894,2005,1057,201,-356,-466,-213,368,1306,2266,3036,3515,3791,3543,2961,1980,1077,316,-334,-545,-248,397,1234,2234,3048,3575,3785,3549,2918,2132,1104,292,-247,-539,-293,360,1155,2106,2991,3565,3850,3578,2985,2142,1193,335,-253,-493,-249,310
-156,544,169,-863,-1348,-1743,-2132,-1165,1070,4367,6612,6353,3326,-656,-2316,-2498,-656,706,471,95,-1096,-1671,-2039,-1771,43,2856,6106,6769,4825,1182,-2107,-2749,-1198,50,592,13,-576,-1321,-1788,-1973,-1316,1431,4379,6756,6310,2812,-1027,-2785,-2206,-504,375,253,-353,-1277,-1568,-1980,-1748,323,3436,6187,6684,4169,400,-2245
324,-369,-741,-551,27,985,2051,2933,3528,3650,3292,2452,1414,430,-388,-688,-637,43,997,1998,2908,3521,3641,3281,2441,1464,382,-393,-719,-554,40,899,2020,2952,3531,3612,3296,2500,1473,367,-302,-692,-629,51,914,1963,2862,3557,3648,3266,2491,1546,509,-379,-778,-608,-35,877,1966,2936,3529,3599,3255,2521
254,172,-501,-1074,-1207,-136,187,-957,-2768,-4344,-2415,420,3000,3247,1790,838,295,14,-787,-987,-500,346,-133,-2060,-3941,-3640,-1232,2229,3576,2590,1048,103,97,-232,-939,-922,-172,307,-1230,-3284,-3946,-2058,843,3037,3103,1671,485,189,-377,-737,-1035,-747,120,-282,-2544,-4128,-3528,-396,2290,3365,2407,613,307,40
1792,1420,1111,804,661,633,772,1034,1364,1719,1964,2091,2070,1872,1521,1212,900,682,532,653,897,1198,1617,1875,2113,2059,1927,1713,1324,1023,717,608,676,736,1107,1415,1772,2042,2094,2031,1789,1536,1169,843,653,599,729,938,1289,1660,1955,2108,2070,1872,1651,1283,991,738,637,631,855,1176,1536,1723
-1698,-2121,-2408,-2247,-986,696,1610,1560,314,-1059,-1172,-721,-219,-472,-1030,-1658,-1842,-1717,-1747,-2091,-2323,-1926,-292,822,1772,988,-192,-856,-1189,-478,-194,-620,-1236,-1827,-1898,-1537,-1821,-2281,-2345,-1468,70,1378,1684,842,-372,-1082,-882,-439,-310,-729,-1477,-1846,-1733,-1637,-2083,-2259,-2182,-1098,314,1546,1435,473,-845,-1247
-555,300,823,1092,949,556,-136,-977,-1853,-2813,-3527,-3945,-4100,-3715,-3136,-2325,-1394,-505,320,882,1117,998,488,-178,-1045,-1983,-2904,-3472,-3917,-3982,-3680,-3070,-2276,-1350,-374,416,913,1100,959,509,-229,-1151,-2048,-2882,-3563,-3932,-3990,-3653,-3013,-2215,-1259,-346,452,883,1030,988,427,-246,-1213,-2153,-3021,-3659,-3909,-4008
-628,-47,319,846,746,72,-339,-9,1438,2853,3710,3574,1438,-39,-968,-1079,-269,133,462,625,688,484,-109,-568,893,2436,3601,3587,2319,528,-1026,-795,-879,-236,363,628,721,498,-301,-513,25,1700,3471,3934,3012,1083,-724,-1164,-1065,-359,167,591,869,819,-53,-434,-203,1021,3070,3924,3382,1736,-93,-1385
-1287,-2318,-3213,-3737,-4003,-3745,-3158,-2349,-1441,-402,358,741,713,283,-465,-1483,-2424,-3261,-3774,-4010,-3718,-3150,-2254,-1187,-277,358,725,601,227,-492,-1538,-2504,-3326,-3875,-3978,-3684,-2983,-2119,-1125,-246,416,735,676,98,-703,-1679,-2613,-3399,-3857,-3973,-3616,-2984,-2045,-1105,-209,532,677,626,100,-799,-1695,-2724,-3449,-3900
202,-124,-311,1265,2583,1852,-1106,-4546,-6758,-5350,-2352,-370,-335,-1504,-1621,-631,-237,-239,-345,544,2385,2618,302,-3858,-6324,-5835,-3602,-1033,-401,-1089,-1602,-1200,-228,-272,-313,418,1570,2395,953,-2548,-5980,-6523,-4118,-1256,-427,-834,-1720,-1185,-272,41,-201,-37,1389,2581,1575,-1288,-5299,-7028,-5123,-1834,-550,-535,-1539,-1233
2596,2592,2130,1387,454,-565,-1423,-1807,-1955,-1497,-709,226,1231,2059,2540,2601,2293,1495,484,-463,-1300,-1844,-1949,-1536,-819,119,1105,1964,2516,2670,2263,1610,622,-326,-1237,-1739,-1925,-1652,-1047,-21,1038,1823,2406,2651,2404,1659,795,-257,-1122,-1712,-1928,-1690,-1040,-164,853,1819,2419,2656,2423,1880,923,-63,-1057,-1661
-600,-293,-1231,-2672,-4076,-3715,-1955,375,2751,2689,2256,1168,948,516,-228,-1418,-2464,-2591,-1422,-624,-87,-1858,-3645,-4282,-3295,-1426,1147,2559,2524,2085,1075,902,205,-453,-1954,-2589,-2133,-1131,-170,-231,-1741,-3655,-4321,-3228,-902,1405,2658,2557,1910,1303,868,117,-758,-2085,-2660,-1798,-835,-1,-344,-2217,-4308,-4276,-2864,-445
1117,710,411,344,490,824,1291,1800,2183,2407,2389,2227,1909,1382,1003,614,287,333,627,1009,1424,1929,2297,2510,2413,2158,1736,1269,796,470,323,453,728,1157,1721,2109,2385,2479,2396,2019,1563,1094,665,398,339,552,833,1358,1797,2157,2379,2375,2273,1852,1390,879,620,364,359,619,1032,1542,1941,2264
1460,-2206,-3909,-2304,-116,635,270,383,-88,171,989,3299,4528,3081,-974,-3470,-3313,-1013,512,383,692,331,213,87,2225,4416,4000,957,-2654,-3807,-2156,-42,821,813,427,242,-102,1284,3778,4685,2303,-1144,-3801,-3055,-758,576,498,413,12,-166,738,3008,4567,3686,231,-2987,-3445,-1619,87,792,812,384,-480,399
1563,1333,1058,697,427,92,-116,-210,-235,-8,92,392,710,1055,1383,1561,1724,1726,1647,1436,1168,826,447,143,-68,-203,-162,-120,44,404,672,968,1345,1598,1723,1742,1653,1444,1166,885,478,257,-38,-168,-205,-150,-24,296,650,937,1352,1446,1664,1704,1673,1487,1197,927,561,232,-1,-225,-253,-127
1956,1091,632,79,561,938,989,885,575,273,601,229,186,496,1114,2097,2645,2758,2456,1194,334,489,310,385,942,906,557,562,62,357,335,341,973,1909,2861,3100,2528,1369,608,481,318,1029,921,1132,632,358,356,140,83,410,919,2042,2419,3119,2569,1836,633,346,546,491,1015,912,970,277
-1163,-780,-648,-795,-1170,-1609,-2177,-2583,-2773,-2689,-2312,-1852,-1226,-865,-643,-775,-1124,-1626,-2142,-2541,-2764,-2688,-2279,-1764,-1327,-833,-607,-675,-1118,-1631,-2172,-2608,-2800,-2646,-2384,-1867,-1402,-850,-690,-705,-1040,-1562,-2064,-2496,-2780,-2648,-2440,-1861,-1372,-908,-684,-712,-1047,-1501,-2057,-2510,-2715,-2667,-2511,-1969,-1400,-881,-691,-608
-2065,-783,186,358,865,611,-2476,-5999,-6196,-3046,256,196,-1590,-2145,-1316,-248,66,905,691,-1137,-5308,-6785,-4704,-737,494,-949,-2009,-2101,-261,60,338,734,-481,-4289,-6103,-5732,-1621,235,64,-1917,-2057,-877,-13,579,753,492,-2412,-6123,-6429,-3440,-305,297,-989,-2095,-1141,-166,63,442,596,-1414,-5249,-6873,-4435,-1075
498,152,-228,-536,-823,-854,-865,-700,-315,-3,445,795,1040,1203,1206,1093,802,501,86,-294,-584,-826,-844,-802,-537,-269,133,531,822,1074,1189,1209,1028,734,383,7,-340,-667,-860,-903,-768,-512,-196,187,593,892,1164,1244,1153,956,668,315,-65,-457,-694,-862,-844,-707,-419,-81,263,728,974,1232
-17,1115,2066,1224,-191,-1873,-3531,-5211,-3723,-995,1891,1454,-336,-1430,-242,1791,1933,1199,-427,-2151,-4560,-4942,-4090,-700,1564,1098,-676,-1032,248,1965,2073,851,-589,-2004,-3842,-4797,-3044,287,1322,876,-565,-978,869,2082,1761,938,-816,-2248,-4736,-4903,-3238,159,1793,651,-776,-1037,887,1810,1738,165,-794,-2373,-4439,-5287
3102,3396,3314,2988,2315,1655,1019,549,312,476,908,1541,2173,2807,3192,3316,3185,2589,1924,1297,770,349,367,660,1221,1873,2573,3083,3351,3287,2870,2301,1616,943,431,282,460,936,1640,2251,2881,3261,3260,3078,2598,1910,1212,684,328,342,669,1246,1996,2581,3166,3338,3283,2856,2273,1582,897,457,344,514
-349,1177,1344,-580,-1699,-1891,-1452,-1060,-1032,-1616,-1801,-1815,-2298,-3111,-3433,-2524,-799,624,1063,247,-1117,-2012,-1627,-909,-1361,-1256,-1844,-1631,-2329,-2762,-3343,-2789,-1541,508,1555,703,-999,-2104,-1893,-1380,-988,-1308,-1742,-2033,-2143,-2563,-3325,-3452,-1807,-8,1146,1297,-461,-1901,-2058,-1488,-989,-988,-1836,-2064,-2332,-2396,-3183,-3286
-2864,-2157,-1119,-84,707,1225,1302,942,217,-759,-1737,-2599,-3147,-3316,-3091,-2345,-1473,-412,455,1029,1273,1061,513,-436,-1420,-2326,-3050,-3378,-3218,-2631,-1744,-735,180,888,1261,1174,649,-128,-1163,-2104,-2876,-3286,-3316,-2842,-2008,-1101,-71,737,1205,1261,918,152,-820,-1786,-2645,-3150,-3314,-2947,-2365,-1438,-377,505,1078,1270
-5160,-4683,-1230,1217,1626,1447,1034,946,689,1246,1961,656,-2882,-4836,-4350,-913,1878,1477,1417,932,787,788,1583,1744,-123,-3100,-5638,-3589,-325,1777,1489,944,962,745,335,1497,1665,-652,-3979,-5362,-3127,257,1634,1210,838,1058,471,764,1434,1386,-1480,-4744,-5134,-2359,775,1577,1357,1022,1143,718,829,1787,1149,-1808
1434,2440,3269,3907,4232,4107,3656,2923,1992,929,193,-273,-426,-239,402,1183,2179,3114,3801,4218,4173,3835,3131,2154,1206,342,-183,-502,-279,310,978,2020,2968,3680,4144,4313,3932,3270,2418,1445,456,-132,-493,-385,17,888,1803,2761,3546,4023,4247,4047,3419,2604,1608,673,-20,-442,-414,-32,695,1561,2540,3381
2811,2310,2058,1336,-575,-942,243,1287,574,-1376,-509,1449,2751,2600,2442,2072,677,-998,-750,882,1048,-172,-1196,261,1851,2799,2702,2393,1737,-182,-952,-440,1194,804,-993,-998,778,2630,2535,2505,2162,1032,-455,-891,346,1408,122,-1184,-277,1588,2510,2546,2368,1834,349,-938,-689,1021,869,-430,-1183,585,2293,2530
-3637,-3003,-2244,-1290,-401,333,606,474,87,-666,-1548,-2521,-3279,-3766,-3941,-3704,-3143,-2290,-1290,-471,220,570,446,115,-579,-1594,-2437,-3229,-3792,-3908,-3663,-3097,-2320,-1320,-421,199,585,527,135,-619,-1496,-2427,-3233,-3756,-3970,-3716,-3125,-2286,-1407,-438,158,565,508,157,-494,-1410,-2330,-3209,-3744,-3930,-3704,-3136,-2370,-1444
394,522,-749,-3009,-3288,-1560,-624,-2303,-4081,-3291,-1766,-410,202,959,291,-2167,-3546,-2521,-716,-1231,-3372,-4015,-2381,-1128,-280,321,741,-954,-3314,-3425,-1420,-771,-2409,-4005,-3470,-1649,-595,79,561,93,-2197,-3560,-2369,-552,-1367,-3504,-3746,-2489,-839,-359,594,629,-980,-3125,-3095,-1216,-758,-2518,-4071,-3144,-1420,-587,-10,741
-2513,-2540,-2320,-1984,-1650,-1275,-934,-684,-611,-523,-852,-1132,-1511,-1917,-2236,-2398,-2553,-2502,-2194,-1921,-1573,-1169,-852,-602,-596,-755,-928,-1299,-1621,-2035,-2210,-2468,-2516,-2434,-2200,-1819,-1506,-1073,-777,-613,-601,-751,-952,-1321,-1727,-2046,-2413,-2550,-2450,-2389,-2194,-1708,-1357,-1035,-776,-579,-579,-712,-1037,-1413,-1795,-2152,-2373,-2508
-2465,-2525,688,2693,172,-3010,-4342,-5149,-5773,-3992,147,1478,-1294,-2892,-358,2497,1263,-2068,-3786,-4643,-5863,-5203,-1525,1564,-49,-2824,-1540,1674,2173,-843,-3549,-4496,-5604,-6012,-2847,906,882,-2261,-2779,632,2579,206,-2744,-4299,-4992,-5978,-4141,6,1761,-1205,-3008,-902,2400,1494,-2013,-3848,-4705,-5895,-5329,-1421,1430,100,-3013,-1855
2266,2729,2952,2839,2516,1965,1281,699,296,124,266,615,1096,1804,2415,2759,3010,2883,2401,1899,1207,620,251,90,247,696,1220,1895,2474,2806,2883,2852,2359,1799,1104,602,269,123,302,706,1314,1927,2457,2857,2937,2723,2307,1739,1036,524,201,165,409,827,1450,2057,2632,2866,2923,2651,2267,1583,1018,418
1899,3524,3243,2129,399,-452,-962,-1085,-561,337,1261,428,-658,-963,671,2884,3768,3041,1278,-5,-730,-1014,-900,-171,1004,1042,-190,-1009,-523,1999,3383,3401,1933,164,-415,-804,-1027,-725,237,1355,476,-529,-852,469,3012,4027,2988,1078,23,-611,-1002,-938,40,859,1172,94,-1015,-168,1643,3684,3688,2181,401,-340
159,620,820,926,695,320,-222,-697,-1217,-1458,-1619,-1512,-1130,-678,-176,358,746,879,801,594,94,-432,-922,-1359,-1627,-1574,-1402,-946,-484,96,639,798,854,731,365,-47,-632,-1135,-1416,-1637,-1520,-1184,-685,-178,291,666,904,805,545,212,-417,-923,-1312,-1548,-1572,-1356,-959,-401,127,511,819,945,732,427
-960,-663,1042,2786,3071,2609,2336,1542,-207,-1915,-2744,-295,654,287,-1322,-1147,1162,2803,2893,2737,2278,1321,-1043,-2492,-1797,283,982,-291,-1313,-535,1653,2824,2347,2371,2286,608,-1643,-2723,-1550,395,753,-114,-1128,-701,2155,3032,2815,2669,2098,772,-1945,-2360,-1187,898,694,-1178,-1483,596,2344,3242,2979,1930,2107,628
2154,1108,154,-631,-1067,-907,-327,533,1643,2553,3299,3594,3437,2919,1960,915,-118,-769,-1052,-813,-215,673,1819,2695,3353,3549,3389,2777,1748,708,-271,-864,-1093,-811,-3,912,1937,2906,3481,3594,3301,2507,1552,485,-442,-917,-1012,-711,164,1162,2147,2994,3568,3596,3092,2284,1345,304,-514,-985,-1092,-488,303,1317
-1825,-3178,-1343,335,-371,-2272,-4019,-3684,-2085,-1002,1222,2709,2284,-485,-3186,-2425,-336,337,-1225,-3447,-4034,-2770,-1647,544,2472,3139,1208,-1863,-3170,-1344,-34,84,-2718,-4288,-3582,-2166,-617,1363,3151,2250,-640,-2788,-1966,-591,-393,-1360,-3800,-3748,-2712,-1322,375,2550,2674,792,-2283,-2770,-1167,104,-465,-2797,-4170,-3370,-2213,-521
-104,-239,-626,-997,-1391,-1739,-1887,-1800,-1546,-1183,-729,-372,-111,-68,-188,-540,-960,-1316,-1707,-1892,-1830,-1658,-1265,-862,-496,-183,-23,-147,-429,-782,-1243,-1583,-1864,-1804,-1690,-1498,-1006,-637,-263,-129,-107,-332,-638,-1040,-1501,-1766,-1913,-1797,-1514,-1089,-658,-310,-37,-85,-298,-553,-965,-1402,-1731,-1905,-1766,-1564,-1205,-767
216,-862,-4135,-5996,-5558,-927,1913,1654,-100,-1121,-793,96,135,802,-1368,-4461,-6659,-4610,-306,2332,1238,-559,-1540,-580,65,248,-39,-1958,-5487,-6578,-3785,847,2695,773,-711,-969,153,2,355,-563,-2908,-5872,-6310,-2846,1647,2099,622,-907,-1282,-298,158,184,-902,-3563,-6313,-6175,-1588,1833,1694,-119,-1044,-974,-359,334
64,-249,-650,-1215,-1674,-2173,-2459,-2570,-2479,-2247,-1943,-1458,-963,-422,-71,149,299,244,-9,-417,-841,-1373,-1762,-2213,-2464,-2534,-2432,-2160,-1748,-1324,-820,-292,32,265,290,243,-172,-519,-1055,-1475,-1904,-2321,-2527,-2512,-2373,-2073,-1674,-1152,-675,-257,131,293,356,123,-229,-688,-1171,-1643,-2062,-2412,-2478,-2484,-2310,-1938
-730,-812,-1532,-1522,-588,1255,2588,3018,2632,1399,826,-43,-747,-864,-1043,-1387,-496,-260,-539,-905,-1150,-1150,-648,631,1703,2449,2869,2235,706,435,133,-745,-958,-699,-1257,-713,-432,-543,-564,-1287,-1482,-276,1111,2548,2705,2300,1745,390,191,-309,-587,-761,-1058,-935,-227,95,-587,-1194,-1303,-714,349,1668,2643,2594
828,540,105,-585,-1224,-1713,-1988,-1919,-1528,-880,-232,341,777,819,604,119,-591,-1294,-1720,-1930,-1860,-1457,-868,-196,419,798,825,579,52,-551,-1191,-1688,-1945,-1895,-1436,-914,-161,358,741,830,498,65,-662,-1162,-1737,-1990,-1865,-1450,-864,-260,340,746,802,630,28,-552,-1232,-1718,-1918,-1851,-1435,-866,-223,375
-4321,-3489,-1501,-291,-806,-2721,-3500,-2832,-1121,1027,1809,1404,559,-5,-1175,-2813,-4162,-4128,-2742,-627,-484,-1432,-3139,-3276,-2039,101,1523,1739,1190,440,-335,-1510,-3685,-4218,-3693,-2040,-410,-553,-2189,-3517,-3026,-917,864,1714,1251,893,-14,-1214,-2630,-4141,-4134,-2869,-880,-307,-1182,-2940,-3384,-2247,-199,1298,1615,1207,206,-341
1172,969,505,-113,-868,-1462,-1938,-2049,-1848,-1410,-645,-46,647,1055,1095,911,393,-263,-1009,-1637,-1895,-2031,-1860,-1282,-595,125,661,1084,1138,822,375,-408,-1101,-1662,-1942,-2034,-1795,-1195,-501,176,746,1111,1073,797,220,-490,-1144,-1751,-2073,-1993,-1672,-1114,-392,291,853,1106,1087,755,52,-566,-1224,-1829,-2129,-1998
1742,-427,-1634,-1749,-884,686,1865,2497,2829,2253,1848,346,-464,-271,1195,1862,682,-1412,-1981,-1483,260,1403,2339,2417,3440,2826,982,98,118,1091,1637,559,-1112,-2040,-1882,227,1141,2178,2517,2760,2246,929,-260,-246,1200,1770,550,-638,-2030,-2117,-143,1324,2010,2610,2600,2549,1043,-270,-409,825,1032,1516,-118,-1748
-1270,-1441,-1645,-2035,-2194,-2471,-2552,-2640,-2590,-2475,-2085,-1804,-1611,-1357,-1243,-1304,-1396,-1507,-1796,-2078,-2359,-2510,-2621,-2604,-2469,-2280,-2057,-1772,-1513,-1293,-1200,-1282,-1397,-1661,-1861,-2225,-2418,-2575,-2623,-2591,-2418,-2164,-1883,-1569,-1413,-1333,-1225,-1355,-1555,-1672,-1967,-2232,-2453,-2584,-2610,-2514,-2340,-2110,-1822,-1562,-1323,-1243,-1260,-1308
-386,-203,155,797,1178,949,-414,-1824,-2661,-2290,-1037,-280,-897,-1468,-1565,-1164,-218,140,568,808,1213,797,-573,-2200,-2875,-2061,-794,-488,-789,-1709,-1814,-966,-25,322,402,794,995,921,-815,-2384,-2678,-1781,-700,-374,-1142,-1725,-1569,-767,-188,200,407,1104,1280,558,-990,-2431,-2583,-1782,-556,-469,-1113,-1866,-1519,-750
-381,20,465,914,1231,1371,1375,1193,868,405,-15,-448,-699,-790,-651,-391,4,427,855,1235,1420,1389,1217,904,493,10,-364,-709,-742,-744,-445,-121,312,789,1223,1352,1439,1306,1000,592,131,-308,-616,-787,-734,-493,-172,310,698,1106,1311,1419,1346,1088,572,207,-222,-615,-821,-714,-639,-309,204,659
-1733,-3111,-1313,2157,4120,5317,5383,3769,1585,-25,1901,3382,2338,-923,-3175,-1952,1846,4151,5245,5429,4004,1747,-44,1562,3301,2947,-460,-3452,-2410,857,4145,5019,5493,4642,2262,277,1187,3027,3191,-224,-2877,-3198,305,3367,4729,5621,5041,2868,389,688,2871,3865,1037,-2237,-2696,-582,2894,4742,5100,5312,3011,756,792,2142
737,1141,1333,1371,1141,770,227,-302,-839,-1246,-1346,-1321,-1059,-710,-124,392,1015,1301,1441,1335,988,537,-42,-548,-1063,-1300,-1435,-1184,-896,-447,196,729,1073,1292,1410,1159,751,247,-279,-883,-1215,-1393,-1331,-1085,-658,-99,483,909,1234,1420,1289,1009,574,-34,-519,-1041,-1267,-1398,-1269,-900,-387,119,649,1082
-2333,-2840,-3318,-3844,-3867,-2549,212,1638,1042,-983,-2009,-1999,-1114,-1141,-1934,-2422,-2913,-3175,-3940,-3687,-1965,886,1552,521,-1503,-2431,-1825,-858,-1661,-1923,-2615,-3123,-3685,-4235,-3484,-894,1215,1458,26,-2107,-1830,-1470,-786,-1562,-2286,-3098,-3073,-3733,-4173,-2979,-146,1370,1331,-689,-2191,-2248,-1379,-1052,-1468,-2368,-3025,-3604,-3925,-4130
-2727,-1998,-992,49,1068,1835,2144,1977,1400,512,-588,-1551,-2407,-2941,-2931,-2482,-1590,-601,583,1495,2022,2167,1866,1063,16,-1102,-1991,-2720,-2940,-2726,-2173,-1212,-67,959,1766,2128,2111,1525,598,-471,-1464,-2360,-2790,-2913,-2624,-1703,-770,431,1332,2013,2086,1854,1216,223,-943,-1844,-2602,-2984,-2783,-2229,-1234,-276,873,1677
1334,785,396,340,954,1446,2477,2590,2164,2246,1733,793,1259,1349,1410,1345,1549,424,-432,177,854,2193,2791,2798,2016,1508,1623,1304,1158,1129,1746,1413,1073,118,-236,504,1816,2339,2514,2135,1594,973,1611,1236,1109,1211,1282,951,352,316,673,810,2073,2273,2513,1641,1205,1187,1497,946,1287,1597,1532,915
-1078,-253,457,986,1049,819,110,-544,-1308,-1893,-2060,-1819,-1252,-488,248,828,1086,958,381,-343,-1152,-1724,-1966,-1973,-1506,-784,95,676,1087,1086,530,-92,-934,-1604,-2053,-1997,-1717,-911,-120,543,981,1071,754,105,-655,-1433,-1918,-2117,-1716,-1201,-354,362,916,1138,904,318,-419,-1214,-1772,-2020,-1858,-1332,-605,181
421,489,1491,2015,1494,-233,-1122,-898,7,-321,-763,-495,597,788,39,395,1440,2108,1178,-415,-1102,-919,-123,-206,-142,-56,250,203,440,401,1292,2217,559,-383,-1020,-935,3,-210,-311,-325,385,82,566,661,1645,2054,574,-827,-1249,-629,-180,-120,-237,-142,295,255,396,583,1659,1729,367,-1147,-1098,-578
1741,2054,1976,1608,871,-37,-1033,-1990,-2653,-3116,-3087,-2778,-2185,-1229,-282,664,1439,1947,2068,1787,1222,396,-601,-1597,-2421,-2944,-3107,-2981,-2453,-1679,-682,241,1182,1772,1991,2011,1468,753,-139,-1085,-2037,-2783,-3143,-3053,-2660,-2062,-1145,-109,764,1544,1960,2083,1768,1145,305,-724,-1674,-2412,-3025,-3100,-2954,-2319,-1533,-555
2017,1596,1430,1385,847,1732,1914,1000,520,502,1742,3063,3266,2790,2094,1885,1531,1431,1079,920,1798,1746,1149,826,264,1745,3204,3827,2662,2461,1699,1695,1270,1319,1242,1247,2004,1434,800,858,2009,3194,3627,2819,1843,1990,1790,1345,1181,1682,1792,1728,1296,1151,525,1964,2825,3356,2962,2370,1296,1284,1289,1308
1334,609,-75,-494,-635,-381,260,912,1633,2231,2410,2286,1758,1104,354,-203,-603,-578,-165,436,1245,1891,2367,2432,2068,1492,833,131,-444,-627,-383,74,773,1505,2107,2343,2339,1971,1261,462,-88,-543,-564,-241,336,1028,1751,2167,2410,2228,1738,917,261,-345,-576,-510,-119,560,1429,1990,2382,2450,2095,1405
3285,3460,590,-2608,-3630,-821,1699,2307,1819,1636,2426,2495,1990,1965,3213,3300,1528,-1687,-3325,-2197,991,2523,1767,1508,2160,2672,2409,1632,3212,3742,2920,-238,-3125,-2970,-30,1995,1699,1241,1959,2467,2239,1784,2024,3282,3327,802,-2208,-3408,-1163,1699,2431,1804,1584,2280,2199,1931,1768,2918,3559,1915,-1712,-3509,-2274,856
1580,2002,2322,2325,1943,1451,940,407,119,87,325,909,1484,1958,2324,2322,2095,1592,947,455,161,85,306,776,1376,1875,2270,2314,2161,1686,1084,564,180,72,237,626,1270,1857,2233,2288,2176,1753,1214,578,152,78,154,600,1200,1734,2234,2365,2205,1874,1273,697,221,105,207,534,1117,1683,2136,2336
1094,-604,-2092,-1830,-336,1464,3006,3578,3675,3027,1580,275,-429,282,1684,2026,616,-1595,-1987,-1166,688,2038,3633,3481,3498,2392,917,-518,-263,1105,2036,1594,-387,-1766,-1944,-544,1379,2901,3393,4010,3244,1638,231,-612,243,1051,2007,1235,-711,-2023,-1641,-21,1668,3473,3954,3375,2932,1526,-512,-484,312,2019,2093,54
149,-76,-391,-741,-996,-1144,-1137,-957,-679,-377,-102,145,412,223,160,-170,-409,-744,-1022,-1154,-1165,-985,-654,-414,-35,206,315,316,149,-121,-407,-774,-982,-1061,-1089,-927,-671,-385,-19,154,346,361,161,-140,-527,-758,-1003,-1106,-1101,-956,-635,-425,-86,250,296,263,98,-160,-509,-785,-1001,-1170,-1117,-923
-2021,-3766,-3253,-772,-193,-2397,-5097,-4461,-1649,1397,2122,1783,1027,-346,-3133,-3958,-2471,-321,-1012,-3626,-5379,-3343,-315,1712,2526,1657,655,-1669,-3747,-3827,-1140,251,-1748,-4659,-4815,-2211,655,2072,1854,1420,300,-2417,-3726,-2931,-449,-92,-3060,-5168,-4276,-698,1706,2261,1957,1285,-1185,-3180,-3537,-1921,128,-1116,-4094,-5433,-2720,546
-1292,-998,-802,-739,-868,-1144,-1470,-1829,-2100,-2208,-2202,-1996,-1706,-1406,-1057,-770,-738,-897,-1090,-1449,-1698,-2057,-2219,-2200,-2037,-1768,-1410,-1064,-801,-818,-816,-1088,-1428,-1716,-2035,-2173,-2160,-2113,-1784,-1421,-1121,-879,-840,-805,-1103,-1326,-1725,-2055,-2183,-2218,-2096,-1823,-1413,-1152,-941,-699,-823,-1056,-1326,-1664,-1979,-2195,-2219,-2048
-1857,-1355,-1295,-1518,-2408,-2503,-2423,-1536,-567,-203,-95,0,-864,-1712,-2383,-2424,-1685,-1259,-1230,-1759,-2520,-2646,-2175,-1190,-660,-66,-52,-374,-1549,-2184,-2581,-1923,-1193,-819,-1405,-2472,-2624,-2404,-1668,-992,-418,137,-154,-652,-1589,-2308,-2196,-1870,-903,-1391,-1893,-2319,-2395,-2103,-1411,-513,-91,43,-192,-1316,-2208,-2465,-2225,-1220
3506,3963,3997,3571,2935,1899,918,117,-326,-362,98,895,1891,2930,3610,4023,3979,3461,2735,1608,668,10,-318,-261,273,1193,2158,3043,3780,4057,3908,3343,2424,1337,568,-135,-321,-174,428,1378,2402,3272,3877,4069,3820,3089,2205,1207,313,-248,-303,-34,635,1637,2642,3411,3986,4057,3632,2970,1983,1046,219,-261
-1339,189,807,-626,-1209,-698,155,1478,1995,943,45,-1083,-1815,-681,310,598,-810,-1025,-17,1111,1562,1812,1121,-881,-1533,-1280,-594,705,-337,-1272,-942,829,1469,1457,1216,-54,-1080,-1447,-667,479,220,-666,-1239,-318,1462,1963,1507,853,-667,-1773,-1559,-30,879,-40,-1189,-1188,391,1739,1676,1390,-112,-1004,-1518,-748
441,150,173,604,1191,1849,2418,2885,2910,2703,2119,1396,733,285,163,314,718,1382,2091,2578,2949,2923,2419,1825,1156,560,214,145,472,1071,1686,2363,2823,2961,2691,2150,1534,881,298,134,275,658,1413,2041,2551,2932,2849,2581,1957,1193,556,202,139,389,928,1597,2224,2816,2959,2801,2296,1651,993,468
-1495,-1345,-1401,-2306,-2335,-1359,637,694,-606,-1241,-1134,-1397,-1455,-1911,-1406,-1616,-2309,-2113,-964,332,449,-828,-1474,-1565,-1412,-1668,-1728,-1452,-1467,-2453,-2150,-913,884,655,-853,-1200,-1165,-1420,-1925,-1746,-1207,-1635,-2338,-1595,-538,973,585,-907,-1463,-1170,-1252,-1871,-1251,-974,-1790,-2347,-1878,-456,385,266,-993,-1430,-1101,-1463
-1089,-459,176,958,1361,1632,1445,954,344,-315,-928,-1316,-1451,-1067,-570,179,875,1360,1615,1437,954,398,-336,-971,-1354,-1399,-1079,-572,186,782,1356,1613,1405,1033,416,-323,-896,-1330,-1383,-1168,-581,225,841,1324,1622,1478,1027,413,-303,-962,-1318,-1389,-1146,-648,87,776,1358,1576,1520,1085,414,-337,-960,-1278
375,-2290,-4278,-4116,-2143,-468,501,1178,1075,1373,832,-887,-2015,-1508,151,1080,-182,-2782,-4213,-4137,-2497,-354,212,1017,1741,1324,910,-1139,-1812,-804,144,881,140,-3071,-4387,-4018,-2165,-278,1009,1331,1589,1222,585,-927,-2237,-1178,286,550,-699,-3021,-4523,-4338,-2140,-688,443,844,1790,1651,448,-1083,-2270,-955,321,963
1544,1162,726,125,-241,-696,-1047,-1090,-1083,-874,-520,-66,473,956,1355,1552,1677,1568,1350,842,366,-76,-509,-864,-1051,-1076,-946,-653,-260,243,748,1156,1441,1651,1627,1433,1042,635,182,-294,-763,-1047,-1101,-1023,-800,-435,5,498,972,1369,1591,1644,1537,1246,934,394,-102,-553,-882,-1036,-1117,-1001,-595,-186
1121,2287,2776,2141,368,200,1211,3357,5648,6003,4796,3077,1809,596,-844,-1070,-795,1026,2401,2439,1665,468,104,1308,4060,5432,5917,5003,3920,1565,551,-498,-868,-634,742,1857,2579,1877,294,223,1336,3617,5523,6106,5069,3190,1757,370,-664,-1073,-888,667,2257,2864,2060,484,164,1398,3503,5055,5909,5429,3059,1264
-2698,-3466,-3593,-3412,-2703,-1722,-565,376,1199,1513,1373,697,-175,-1329,-2345,-3183,-3617,-3518,-3049,-2153,-1049,33,926,1413,1436,984,203,-788,-1916,-2890,-3488,-3610,-3389,-2591,-1577,-488,521,1270,1481,1268,637,-365,-1394,-2564,-3267,-3616,-3464,-2947,-2065,-994,126,877,1488,1437,953,37,-954,-2075,-2966,-3526,-3631,-3259,-2405,-1331
2076,3158,4468,4157,2169,-171,-1985,-1693,-165,1605,993,593,-598,-282,361,902,2152,2014,2806,3803,4662,2904,149,-1518,-2239,-685,1016,1910,901,11,-512,-96,1103,2106,1895,2621,3726,4695,3589,1221,-1681,-1996,-1087,1026,1800,1329,36,-842,343,1242,1347,2230,2577,3802,4533,3774,1863,-889,-2404,-1238,619,2005,1115,400
-255,-175,11,302,584,858,1084,1213,1329,1219,1133,887,660,397,97,-149,-304,-303,-246,-103,44,294,561,874,1120,1190,1320,1192,1117,882,644,413,61,-67,-280,-319,-253,-163,49,326,583,878,1081,1128,1282,1250,1196,890,627,380,126,-44,-223,-259,-256,-124,30,335,590,890,1135,1152,1269,1263
-2210,-2395,-1679,110,1265,1193,141,-246,193,545,48,-483,-536,-1026,-1723,-2455,-1909,-485,1206,1213,61,-44,127,368,15,-502,-749,-938,-1513,-2054,-2473,-1004,474,1143,640,-514,-307,189,291,-407,-703,-810,-1320,-2006,-2364,-1535,145,1199,589,-107,-218,132,563,-141,-432,-790,-1268,-1638,-2582,-2151,-385,931,1084,-117
-1615,-1023,-357,196,522,479,233,-159,-771,-1446,-1940,-2266,-2358,-2056,-1672,-993,-406,116,469,511,282,-184,-855,-1466,-1967,-2343,-2378,-2148,-1659,-970,-356,229,481,493,233,-230,-738,-1453,-1953,-2233,-2302,-2147,-1649,-1020,-414,198,499,540,357,-228,-771,-1382,-2009,-2228,-2315,-2098,-1645,-1014,-374,200,464,566,279,-147
-2963,-796,1615,2397,2046,1463,673,-10,-440,-1021,-2183,-2039,-1400,-427,-245,-1420,-2775,-4473,-4252,-1676,507,2077,2487,1898,1173,68,-191,-1021,-1185,-1849,-1428,-648,-340,-472,-2147,-4222,-4092,-3047,-1242,1316,2287,2340,1393,910,-92,-466,-1251,-1969,-1909,-1100,-131,-417,-1393,-3475,-4274,-3891,-2088,309,2030,2308,1953,953,513,-394
-4106,-4266,-4171,-3738,-3095,-2252,-1386,-517,141,668,919,815,407,-230,-1032,-1884,-2823,-3349,-3999,-4327,-4254,-3916,-3285,-2458,-1610,-760,37,543,864,786,508,-45,-854,-1662,-2600,-3358,-3831,-4248,-4349,-4006,-3441,-2706,-1889,-937,-162,381,812,876,692,163,-600,-1461,-2332,-3236,-3785,-4156,-4284,-4129,-3567,-2870,-2161,-1195,-416,341
1178,1991,1913,699,-636,-1347,-942,264,1171,489,366,651,1073,1145,858,596,1216,1490,1881,849,-318,-1097,-858,76,990,620,658,810,643,1021,966,671,1116,1326,1898,908,-535,-1192,-910,-390,539,807,485,661,999,1087,936,959,691,1341,1569,1333,-406,-1459,-1086,-326,577,836,852,369,886,1122,910,893
-1184,-1398,-1148,-710,-34,743,1557,2122,2475,2508,2268,1686,994,284,-452,-1090,-1284,-1273,-924,-367,413,1098,1776,2275,2510,2470,2006,1358,657,-150,-797,-1235,-1326,-1111,-710,7,735,1470,2107,2431,2479,2262,1706,997,276,-432,-1047,-1340,-1313,-920,-373,426,1134,1825,2310,2564,2417,2053,1408,640,-87,-718,-1186,-1360
1730,4431,6028,6232,5489,4301,2602,388,-1234,-2667,-1336,355,2127,2675,1073,-1192,-2448,-1692,994,3694,6184,6303,5635,4731,3172,1320,-1020,-2134,-1796,96,2025,3008,1521,-1073,-2325,-2093,221,2956,5293,6134,6169,5243,3423,1919,-580,-2273,-2079,-539,1713,3012,2247,221,-1846,-2289,-52,2450,5275,6126,6179,5338,3817,2018,-166,-1568
607,299,20,-10,-109,85,318,615,1004,1370,1692,1990,2128,2107,2001,1825,1508,1121,785,430,171,63,-62,-48,197,533,778,1141,1520,1904,2031,2133,2093,1989,1733,1397,923,563,318,68,-79,-47,35,330,640,1004,1358,1695,1936,2103,2201,2068,1878,1581,1183,781,460,167,-102,-48,-18,137,381,827
-2316,-416,1103,1772,2075,2814,3159,1678,-521,-599,1217,1727,114,-2313,-2057,-278,1238,1941,1939,2896,3286,1857,-625,-234,1081,1254,9,-2219,-2233,-439,1363,1922,1569,2933,2990,1745,-98,-674,1556,1932,76,-2135,-2045,-162,1300,1739,2052,3054,3255,1764,-186,-17,1603,1836,-356,-2259,-2448,-29,1928,1903,2317,2849,2931,1669
2763,2958,2898,2646,2116,1600,1016,410,82,77,230,620,1157,1682,2299,2759,2959,2951,2753,2140,1589,934,451,131,14,128,656,1221,1773,2314,2748,2950,2863,2661,2171,1474,899,395,168,47,183,643,1113,1892,2333,2796,2997,2850,2563,2143,1503,1002,439,52,-43,210,659,1169,1803,2402,2810,2881,2872,2612
745,899,1320,1926,1646,1063,558,435,1156,1920,2667,2899,2684,2737,2725,2095,1636,1243,887,831,1474,1869,1848,965,349,465,1106,2096,2741,2895,2755,2803,2596,2303,1668,1050,812,1201,1558,1713,1767,1143,453,271,1273,2115,2737,3171,2849,2615,2432,2266,1420,977,899,980,1554,1832,1595,1010,469,485,1165,2292
-532,-313,-377,-519,-881,-1152,-1642,-1998,-2347,-2491,-2408,-2145,-1826,-1478,-1113,-649,-442,-275,-429,-680,-1006,-1309,-1767,-2118,-2390,-2460,-2283,-2131,-1695,-1287,-962,-650,-370,-324,-448,-717,-984,-1484,-1901,-2241,-2405,-2408,-2293,-1962,-1600,-1247,-801,-568,-443,-368,-469,-841,-1150,-1609,-1974,-2268,-2442,-2385,-2225,-1925,-1524,-1115,-709,-477
62,-33,-307,601,398,797,655,175,166,-174,-1236,-1107,-1763,-994,-152,263,511,727,667,48,-216,119,876,666,229,598,-556,-82,-1031,-1201,-1300,-1201,-1007,-39,1068,894,661,280,-208,-333,873,668,596,387,345,-337,-405,-701,-1269,-1496,-965,-402,645,1158,723,6,-151,-6,211,181,1262,308,346,-98
848,961,508,-479,-1601,-2693,-3403,-3637,-3253,-2506,-1315,-213,624,1093,848,62,-960,-2090,-3079,-3581,-3547,-2847,-1905,-767,263,893,980,462,-378,-1601,-2720,-3344,-3581,-3268,-2497,-1419,-272,594,998,790,106,-1060,-2168,-3136,-3594,-3545,-3006,-1981,-770,271,839,1058,501,-449,-1569,-2684,-3446,-3709,-3286,-2402,-1331,-228,635,985
281,222,-770,-397,132,922,726,448,375,682,824,1419,1241,496,667,127,-234,-680,-239,446,855,878,216,-78,689,1439,1243,1431,892,363,-66,-421,-769,151,664,731,749,430,393,979,1122,1246,908,735,124,-524,-866,-284,277,944,595,288,591,1013,1166,1111,958,1037,105,-112,-718,-631,380,330
-1920,-1429,-760,70,764,1281,1522,1474,1026,347,-398,-1104,-1638,-2063,-2031,-1670,-1012,-293,524,1122,1535,1579,1193,680,-199,-825,-1486,-1919,-2074,-1787,-1274,-539,233,905,1373,1587,1403,915,252,-581,-1309,-1808,-2065,-1900,-1454,-839,-101,617,1232,1542,1468,1134,514,-208,-1096,-1677,-1973,-1958,-1724,-1191,-366,348,1034,1475
856,205,557,1122,1286,721,-25,-227,-54,269,834,1318,1467,2240,2245,1504,373,373,638,1334,1144,309,-103,-252,107,750,748,1249,1739,2365,1622,704,604,340,1026,1152,732,62,-194,21,829,581,1324,1555,2058,2131,1158,584,529,559,1006,1125,29,-93,104,470,1038,1080,1412,1848,2234,2053,851,40
-2140,-1459,-594,231,954,1419,1534,1323,690,-25,-924,-1711,-2345,-2696,-2772,-2468,-1781,-971,-163,653,1198,1447,1438,1057,364,-508,-1309,-2110,-2581,-2708,-2578,-2111,-1414,-559,295,966,1396,1521,1259,710,-95,-898,-1685,-2354,-2780,-2683,-2346,-1722,-925,-129,659,1223,1504,1381,997,297,-457,-1399,-2059,-2613,-2702,-2582,-2058,-1327
-3393,-3203,-2228,-808,-1052,-2978,-4080,-2898,-322,1971,1530,817,-80,-796,-1848,-2480,-3210,-3597,-1677,-910,-1306,-3022,-3952,-3040,-689,1641,1919,671,-269,-807,-1374,-2524,-3642,-3705,-2131,-665,-1451,-2914,-3855,-2704,51,1712,2320,450,-206,-1156,-1748,-2378,-3657,-3319,-2138,-858,-1183,-3387,-3856,-2530,-11,1944,1757,439,-516,-711,-1761,-2413
-1402,-1318,-909,-340,210,895,1464,1812,2029,2052,1745,1351,811,197,-432,-974,-1291,-1443,-1382,-1019,-585,25,655,1228,1696,1961,2056,1909,1479,1000,431,-272,-763,-1166,-1453,-1468,-1202,-770,-203,387,1037,1593,1907,2059,2026,1723,1224,671,-1,-517,-1097,-1333,-1364,-1274,-972,-440,243,792,1363,1792,2056,2115,1849,1390
910,1832,3570,2964,1932,1456,1472,1280,1276,1197,1845,1329,493,1020,2855,3205,2852,1681,1699,1756,1231,1595,1437,1952,988,519,1933,2971,3273,2460,1917,1449,1133,1700,1345,1702,1184,1070,835,2104,3200,3296,2143,1475,1458,1315,916,1701,1997,1275,729,765,2560,3660,2980,1618,1759,1373,1198,1253,1766,1870,1049,1045
2408,2382,2026,1451,608,-159,-678,-811,-581,152,871,1658,2218,2427,2217,1591,811,-25,-578,-882,-713,-103,658,1448,2095,2421,2401,1838,1080,231,-484,-777,-779,-277,518,1281,2038,2380,2429,1925,1235,426,-305,-770,-812,-461,242,1083,1809,2333,2489,2105,1508,734,-182,-618,-847,-606,37,796,1668,2194,2360,2305
3827,1718,-1261,-2802,-4066,-5344,-4989,-1272,2332,2467,-871,-2993,-871,3030,3916,1617,-1000,-2680,-3987,-5413,-5161,-1703,2226,2411,-773,-3059,-478,2932,4228,1733,-1215,-2592,-4033,-5401,-5185,-1543,2484,2390,-832,-2998,-880,2765,3984,1774,-1292,-2697,-3874,-5540,-5195,-1505,2363,2480,-771,-2904,-974,2890,3851,1814,-1108,-2743,-4185,-5676,-4816,-1578
-1295,-2013,-2605,-3077,-3483,-3516,-3429,-3037,-2483,-1864,-1175,-532,-77,177,175,-55,-435,-1030,-1820,-2363,-2943,-3376,-3619,-3459,-3194,-2759,-2049,-1405,-744,-212,57,237,121,-320,-817,-1500,-2150,-2779,-3179,-3484,-3570,-3382,-2922,-2407,-1690,-971,-415,60,263,175,-124,-563,-1308,-1884,-2523,-3059,-3383,-3559,-3409,-3135,-2557,-1955,-1238,-660
-1344,-2046,-635,3320,5790,3505,-176,-1416,-489,-584,-1524,-1515,-1234,-1780,-1316,2229,5453,4420,477,-1522,-379,-36,-1261,-1649,-1253,-1821,-1977,1014,5078,5182,1510,-1091,-790,-91,-809,-1580,-1157,-1410,-1769,-35,4094,5736,2880,-1036,-1166,-260,-341,-1429,-1340,-1318,-1850,-911,3053,5771,3814,-208,-1368,-403,-235,-1261,-1418,-1091,-1690,-1522
-843,126,1071,1839,2333,2396,2077,1467,479,-549,-1288,-1800,-1890,-1579,-839,100,1070,1773,2362,2418,2060,1384,410,-577,-1366,-1794,-1922,-1519,-774,238,1132,1860,2364,2460,2073,1291,442,-562,-1391,-1822,-1865,-1490,-749,186,1133,1868,2351,2403,2020,1311,334,-619,-1419,-1852,-1839,-1381,-661,269,1198,1960,2384,2401,1986,1313
3107,3150,2538,1241,-904,-2821,-2586,-627,640,892,-989,-3038,-4617,-3502,-1074,1457,3302,3404,2909,2916,3210,2343,340,-1760,-3042,-1950,-483,922,359,-1706,-3759,-4357,-2697,188,2397,3154,3220,2946,3272,2864,2234,-199,-2273,-2776,-1405,238,1328,-253,-2561,-4454,-3888,-1476,930,2735,2994,3195,2612,3307,2860,1150,-1140,-2766,-2403,-805
1792,1011,46,-1038,-1990,-2650,-3006,-2876,-2281,-1469,-355,651,1481,2044,2236,1886,1178,185,-867,-1900,-2626,-3014,-2836,-2417,-1553,-529,521,1368,1982,2198,2021,1322,377,-723,-1695,-2496,-2965,-2940,-2495,-1744,-761,356,1286,1947,2183,1975,1391,507,-556,-1524,-2360,-2877,-3024,-2595,-1842,-923,202,1173,1904,2193,2084,1578,624,-387
-3318,-3065,-1190,-203,-1539,-3126,-3516,-2784,-1299,-639,96,827,1153,-403,-2485,-3475,-2475,-556,-640,-1766,-3445,-3258,-2361,-1207,-355,554,1127,650,-952,-3240,-3350,-2405,-656,-748,-2570,-3469,-3495,-1817,-1101,-192,400,1029,161,-1525,-3477,-3284,-1597,-370,-1244,-3036,-3472,-2731,-2163,-1131,131,1213,1473,162,-2355,-3772,-2985,-1104,-410,-2082
-1079,-807,-179,135,550,698,592,381,6,-490,-907,-1111,-1387,-1349,-1143,-815,-404,51,405,612,583,405,119,-323,-849,-1162,-1339,-1390,-1258,-911,-503,-39,314,504,662,557,182,-134,-661,-1121,-1241,-1401,-1288,-1006,-678,-180,211,482,617,549,331,-11,-563,-882,-1226,-1382,-1309,-1092,-817,-306,154,478,626,651
1258,1404,1178,1269,1217,1065,-10,-2213,-4543,-4475,-2703,-320,1886,2070,1441,1145,1324,1447,1110,1316,1121,838,-1095,-3527,-4501,-3836,-1115,1070,2063,2047,1055,1354,1507,1617,1284,1387,1226,3,-1979,-4046,-4591,-2830,-146,1793,2251,1475,1275,1569,1386,1142,1448,1304,951,-722,-3152,-4543,-3924,-1684,756,2181,1643,1153,1444,1417
254,1266,2365,3376,4074,4256,3946,3175,2114,1062,5,-741,-842,-601,163,1195,2280,3381,4004,4234,3962,3201,2183,1061,103,-623,-887,-551,99,1099,2254,3245,3965,4244,4030,3340,2283,1086,99,-553,-891,-625,22,1093,2176,3274,3963,4252,4045,3372,2287,1202,161,-506,-903,-652,-7,991,2068,3149,3943,4218,4009,3450
2548,3770,4146,2307,1030,210,2025,3704,3213,935,-1692,-2613,-2263,-737,825,1894,3467,3756,3125,1153,327,1269,2999,3834,2432,-772,-2583,-2560,-1063,801,1751,2792,4152,3909,1314,431,773,2808,3995,3037,161,-1646,-2705,-1839,-249,1525,2760,3506,3793,2048,184,59,1812,3549,3860,1397,-1672,-2459,-2174,-624,1172,2463,3924,3850
1031,1415,1671,1801,1662,1359,961,583,74,-413,-775,-1044,-1139,-1087,-952,-467,-7,489,881,1269,1596,1721,1685,1519,1175,780,334,-289,-714,-958,-1153,-1146,-981,-676,-202,215,621,1176,1523,1625,1760,1671,1387,989,514,26,-415,-864,-1079,-1118,-1074,-813,-449,37,422,1018,1311,1656,1758,1712,1479,1130,678,220
595,655,-477,-661,55,714,916,40,-1081,-1509,-1298,-739,-1040,-893,-393,209,134,-269,-478,178,244,1035,26,-641,-1248,-1344,-1187,-828,-994,-449,242,562,100,-526,-447,204,1008,646,-357,-951,-1669,-1373,-1172,-773,-639,-16,108,185,-322,-372,82,775,707,27,-1257,-1437,-1566,-1327,-1050,-963,-280,289,235,-242
-424,47,628,1074,1407,1431,1280,839,270,-259,-724,-1027,-1074,-933,-507,19,641,1109,1433,1478,1232,777,295,-342,-818,-1110,-1200,-939,-493,11,643,1088,1374,1486,1311,844,328,-261,-741,-1116,-1140,-968,-600,2,528,967,1350,1440,1291,790,330,-260,-774,-1115,-1207,-967,-598,-11,523,1044,1346,1448,1273,947
847,1497,2150,2460,2577,2127,810,-472,-304,486,1348,973,231,-889,-1128,-44,804,1436,2162,2547,2425,1991,580,-257,-449,968,1645,902,-70,-1103,-704,-53,818,1741,2211,2861,2259,1373,250,-389,170,1066,1339,561,-465,-941,-1011,378,1039,1526,2129,2525,2198,1135,-88,-346,-3,1090,1577,655,-509,-771,-390,242
1162,1338,1127,508,-398,-1446,-2359,-3150,-3455,-3280,-2794,-1950,-919,49,843,1334,1294,827,43,-984,-1967,-2745,-3256,-3520,-3106,-2442,-1500,-467,429,1152,1345,1135,564,-361,-1403,-2338,-3120,-3470,-3424,-2843,-1956,-1035,27,765,1243,1348,972,134,-864,-1852,-2783,-3305,-3508,-3175,-2456,-1490,-490,468,1083,1331,1161,589,-376,-1383
-1497,-1618,-2426,-2629,33,3336,4988,1211,-2057,-2966,-1702,-2132,-3036,-2756,-845,-1906,-2936,-1616,2589,5011,3508,-747,-2942,-2439,-2246,-2659,-2833,-1275,-1418,-2439,-2479,411,4365,3851,1302,-2319,-2318,-2203,-2066,-2991,-2147,-1448,-2203,-2590,-633,2853,4762,2919,-422,-2759,-2382,-2158,-3061,-2382,-1427,-2001,-2550,-1967,1066,4611,4147,324,-1987,-2665
153,-539,-1342,-2069,-2702,-3187,-3345,-3245,-2919,-2317,-1601,-777,-125,330,604,573,271,-230,-964,-1688,-2413,-2929,-3284,-3312,-3089,-2582,-1989,-1165,-525,144,551,650,462,56,-563,-1279,-1965,-2716,-3200,-3391,-3238,-2810,-2273,-1526,-780,-98,393,592,583,302,-323,-977,-1639,-2467,-2968,-3286,-3299,-3106,-2587,-1913,-1145,-444,173,520
-668,217,1213,873,-1182,-2219,-1498,-679,-1031,-2685,-3256,-2493,-1634,-813,278,1048,841,-366,-1514,-1695,-590,-1017,-1966,-3354,-2632,-1794,-720,155,403,1008,411,-1276,-2199,-1396,-457,-1393,-3169,-3112,-2010,-1077,-76,655,1159,1035,-660,-2017,-1496,-580,-680,-3041,-3339,-3124,-1874,-701,-241,652,1273,-549,-1694,-1829,-284,-449,-1720,-3112
-1964,-1450,-566,346,1375,2099,2436,2344,1669,873,-136,-1122,-1747,-2132,-1973,-1381,-541,484,1407,2104,2381,2278,1677,893,-154,-1148,-1788,-2157,-2006,-1385,-481,582,1409,2135,2461,2282,1680,753,-208,-1151,-1767,-2098,-1973,-1410,-503,490,1450,2151,2363,2244,1646,849,-226,-1095,-1787,-2145,-1938,-1355,-484,578,1472,2180,2328,2250
-528,143,1042,1447,232,-1208,-1971,-1405,-156,405,-1160,-2641,-2750,-1935,-1107,-204,705,1313,1330,-187,-1954,-1938,-478,38,-252,-1842,-2808,-2396,-1453,-660,-54,1041,1580,667,-1164,-1835,-1523,-268,70,-1141,-2459,-2893,-1848,-1162,-409,637,1353,1329,-109,-1734,-2268,-803,267,-225,-1760,-2723,-2582,-1782,-931,40,799,1625,788,-1105
-47,3,-346,-947,-1733,-2528,-3054,-3391,-3365,-2898,-2228,-1406,-561,-129,38,-120,-784,-1504,-2381,-3052,-3359,-3340,-2954,-2361,-1468,-809,-136,93,-83,-663,-1388,-2158,-2912,-3276,-3405,-3099,-2390,-1757,-902,-328,-48,-65,-427,-1249,-1989,-2742,-3307,-3462,-3258,-2631,-1872,-1061,-394,38,33,-357,-1041,-1872,-2590,-3198,-3419,-3284,-2706,-1989
-5890,-6875,-5100,-1836,-196,-775,-819,-1126,-359,-139,-495,-184,165,-1068,-4038,-6791,-7077,-4046,-1294,-177,-731,-1446,-1256,-236,-272,-382,-134,397,-1456,-4631,-7056,-6459,-3407,-870,190,-879,-1424,-750,-55,-222,-242,-98,-311,-1696,-5238,-7069,-5899,-2774,-627,-419,-1038,-1392,-529,-445,-248,-153,460,-244,-2664,-5931,-7315,-5060,-2016,-389
2461,2524,2309,1835,1094,386,-392,-1003,-1465,-1654,-1696,-1408,-824,-122,575,1329,2024,2373,2511,2405,2070,1484,682,-67,-731,-1312,-1683,-1715,-1646,-1140,-414,259,1034,1742,2230,2550,2546,2267,1738,1045,306,-473,-1031,-1583,-1769,-1650,-1398,-797,-83,716,1493,2072,2419,2558,2399,1960,1399,654,-146,-854,-1444,-1676,-1768,-1585
2628,2047,1250,294,36,-1031,-2040,-2562,-1358,-577,-560,-2359,-3890,-4436,-2100,888,2744,2704,1454,703,2,-419,-1642,-2386,-2116,-858,-166,-1621,-3460,-4485,-2961,112,2049,2472,1595,812,-28,-161,-1348,-2052,-2167,-1229,-213,-962,-3044,-3925,-3833,-1310,1771,2647,2039,1465,211,-147,-626,-1773,-2285,-1648,-698,-348,-2141,-3826,-4281,-2146
1320,1610,1763,1486,1212,761,273,-86,-310,-406,-217,247,633,1142,1447,1629,1682,1411,991,479,50,-361,-416,-265,42,471,942,1335,1677,1680,1547,1163,765,227,-141,-369,-364,-148,275,790,1166,1465,1680,1615,1370,949,366,-111,-331,-362,-318,19,506,1030,1470,1645,1610,1459,1071,594,115,-288,-417,-396
265,-1217,-1464,-1098,-435,296,2414,4081,2761,-752,-2922,-1470,443,182,-1278,-1518,-721,-262,1204,3371,4147,1971,-1907,-2503,-656,865,-295,-1309,-1472,-461,-37,1826,3744,3580,288,-2660,-2102,255,915,-645,-1212,-909,-151,516,2485,4214,2905,-1159,-2792,-1416,767,250,-1036,-1339,-582,-108,1019,3431,4018,1718,-2216,-2620,-612,479
-1347,-1394,-1119,-405,447,1517,2523,3134,3538,3559,3062,2275,1293,404,-535,-1176,-1432,-1314,-886,12,996,1962,2855,3418,3605,3361,2728,1823,816,-117,-888,-1447,-1488,-1069,-413,512,1530,2477,3164,3556,3561,3078,2277,1304,285,-665,-1219,-1420,-1323,-848,90,1057,2076,2883,3538,3596,3352,2682,1811,796,-133,-927,-1382,-1436
1019,451,172,-90,122,412,1822,1242,498,680,2069,3091,3324,2824,929,263,508,-192,374,334,1129,1289,318,516,1841,3271,3038,2956,957,-7,-124,-95,170,653,1336,738,418,671,1827,3395,3531,2327,966,325,-60,64,-100,764,1066,1026,256,683,2348,3359,3270,2267,865,436,18,283,90,536,1433,984
606,104,-753,-1812,-2891,-3698,-4247,-4341,-4057,-3215,-2198,-1150,-271,398,560,267,-469,-1335,-2491,-3424,-4131,-4423,-4154,-3557,-2600,-1510,-521,175,521,389,-157,-1048,-2110,-3155,-3899,-4329,-4306,-3837,-3009,-1980,-937,-30,446,534,146,-633,-1686,-2722,-3647,-4268,-4362,-4088,-3361,-2369,-1247,-330,321,582,364,-354,-1269,-2392,-3386,-4172
-2196,-832,2424,5646,4834,3443,1515,1883,1752,821,484,493,302,-732,-2079,-1624,1065,4632,5162,3858,2013,1694,1084,1635,559,371,682,-77,-1422,-2101,-438,2775,5234,4535,3299,1242,1761,1649,1108,610,626,406,-752,-2394,-1506,1632,4831,5284,4162,2237,1865,1384,1570,447,358,901,-102,-1680,-2024,-64,3523,5287,4428,2907
-839,-680,-325,315,984,1661,2234,2496,2541,2332,1828,1222,476,-118,-638,-811,-678,-462,184,820,1514,2106,2510,2597,2337,2065,1370,642,-24,-544,-802,-743,-478,14,713,1372,1970,2440,2579,2518,2089,1503,740,168,-409,-821,-789,-593,-108,552,1236,1859,2356,2564,2546,2157,1631,983,287,-342,-635,-865,-628,-230
2746,2522,2343,2340,1529,-17,-1665,-1600,370,3111,3920,3458,1841,1683,2301,2863,2412,2268,2170,1431,-343,-1742,-1305,833,3222,3885,2894,2092,1614,2312,2718,2474,2342,2292,1152,-563,-1764,-1189,1048,3435,3960,2706,1849,1991,2451,2745,2446,2089,2132,1081,-695,-1854,-888,1673,3843,3733,2560,1713,2097,2460,2457,2450,2194,2131
-2378,-2709,-2677,-2397,-1840,-1216,-531,23,541,795,749,383,-75,-795,-1457,-2067,-2481,-2705,-2580,-2284,-1750,-1042,-372,222,633,831,655,246,-327,-1007,-1601,-2183,-2534,-2688,-2586,-2126,-1570,-950,-253,392,749,763,559,170,-413,-1154,-1793,-2295,-2692,-2643,-2401,-1984,-1311,-574,21,448,756,714,460,-37,-617,-1254,-1934,-2384
-3002,-1552,265,2238,2909,2340,1310,457,576,707,801,360,-604,-308,-86,-839,-1584,-3237,-3060,-1624,864,2453,2788,1831,985,545,358,764,435,-61,-812,-492,283,-890,-2154,-2891,-3239,-1171,1370,2530,2728,1824,921,543,1022,978,698,46,-340,-411,-135,-982,-2385,-2691,-2865,-832,942,2694,2503,1540,500,285,789,1159
818,271,-379,-821,-1045,-889,-597,50,617,1160,1416,1372,1056,512,-159,-711,-988,-1072,-732,-156,507,1026,1396,1449,1246,646,38,-562,-936,-1094,-808,-392,239,884,1290,1409,1272,834,202,-385,-879,-1054,-926,-605,75,710,1150,1333,1340,1079,436,-195,-740,-1079,-1032,-723,-132,523,1064,1424,1449,1096,595,-19
3414,3452,2314,363,-1078,-1208,437,1710,2455,1436,-625,-2229,-2851,-2302,-1892,-1221,-603,717,2177,3448,3258,1801,-228,-1191,-930,714,2182,2174,973,-1186,-2490,-2669,-2693,-1661,-1094,-409,1174,2681,3245,3318,1449,-829,-1327,-628,1229,2324,1949,433,-1556,-2790,-2953,-1958,-1718,-865,-244,1539,3031,3605,2563,296,-1034,-1389,-260,1538
2591,3246,3312,3036,2442,1518,354,-541,-1341,-1737,-1666,-1290,-486,551,1522,2451,3107,3429,3202,2580,1677,670,-357,-1153,-1668,-1830,-1402,-702,348,1356,2308,3058,3356,3255,2703,1889,894,-165,-1051,-1540,-1810,-1441,-746,141,1169,2167,2904,3331,3271,2863,2066,1077,32,-930,-1524,-1752,-1629,-992,-62,886,1961,2747,3245,3369
-1476,-199,-945,-2539,-3312,-3212,-3456,-2640,-997,-275,-1091,-2362,-1989,-539,-724,-1885,-3199,-3238,-3522,-3048,-1392,-273,-726,-2002,-1852,-723,-808,-1772,-2850,-2980,-3660,-3216,-1898,-408,-620,-1861,-2383,-799,-520,-1125,-2627,-3080,-3373,-3700,-2231,-921,-618,-1974,-2221,-1245,-256,-1218,-2528,-3217,-3230,-3243,-2570,-849,-330,-1246,-2387,-1577,-610,-927
876,442,-137,-653,-984,-958,-1012,-734,-308,243,739,1269,1676,1966,2014,1843,1569,1090,583,88,-439,-805,-998,-1051,-805,-414,66,566,1126,1657,1884,1984,1891,1616,1200,727,197,-393,-733,-991,-1077,-863,-582,-141,407,1013,1489,1786,2015,1938,1688,1387,901,362,-185,-622,-925,-1043,-933,-723,-272,306,820,1299
349,-3331,-3920,-445,3263,4413,4973,4641,3189,1108,853,2540,5020,3371,-1965,-4428,-2253,1073,4130,4638,4314,4314,2603,479,938,3574,4679,1322,-3330,-3875,-1071,2685,4595,4741,4735,3459,1747,362,2497,4120,3403,-893,-3971,-3100,687,3685,4328,5152,4234,2936,548,589,3817,4384,1573,-3029,-4005,-1545,2324,4086,5106,4284,3939,1400
-550,-621,-303,384,1178,2142,2906,3588,3967,3947,3668,2976,2138,1325,468,-228,-564,-608,-319,408,1187,2056,2879,3580,3854,3924,3647,3059,2236,1295,499,-197,-504,-576,-314,302,1178,2034,2806,3475,3916,3946,3664,3097,2275,1316,525,-108,-546,-535,-321,297,1069,1994,2833,3478,3877,4007,3705,3123,2339,1386,556,-99
142,520,1339,1603,1247,122,-907,-1440,-1945,-1765,-694,595,1775,1999,903,332,345,1282,1708,1388,157,-905,-1611,-1916,-1683,-792,714,1901,2204,1025,322,379,1197,1811,1355,169,-936,-1577,-1953,-1900,-894,573,1951,2190,975,352,435,1246,1687,1215,442,-746,-1548,-1877,-1513,-851,339,1675,2265,1287,319,494,1376,1810
1119,1369,1652,1930,2059,2194,2273,2194,2143,1874,1646,1416,1218,874,803,735,729,883,1065,1385,1495,1810,2022,2190,2314,2245,2111,2040,1751,1477,1269,993,832,738,795,807,949,1225,1462,1739,1881,2117,2273,2247,2257,2044,1854,1636,1329,1092,885,762,704,798,878,1174,1351,1606,1863,2083,2230,2317,2223,2202
1663,679,-590,1433,5857,7735,3506,-1655,-3222,-1381,114,388,1014,1716,536,-501,2045,6523,7221,2673,-2353,-3242,-1059,-45,542,1318,1642,206,-335,2773,7045,6745,1730,-2713,-2692,-925,-7,322,1327,1359,53,-327,3277,7321,6039,1116,-2853,-2290,-679,237,460,1580,1310,-144,56,4062,7575,5653,303,-3144,-2133,-453,88,672
21,234,96,-90,-602,-1175,-1750,-2200,-2407,-2259,-2136,-1660,-1048,-425,-27,289,180,-73,-557,-1073,-1695,-2127,-2359,-2364,-2141,-1694,-1164,-532,-64,209,196,-37,-431,-994,-1583,-2057,-2343,-2374,-2177,-1744,-1203,-639,-197,182,147,9,-438,-886,-1550,-1981,-2307,-2394,-2198,-1826,-1265,-745,-229,85,252,52,-314,-855,-1449,-1965
-1816,-3739,-3654,-2093,-598,-448,-215,150,186,-569,-886,5,1380,1175,-1372,-3630,-3816,-2067,-534,-310,-370,283,263,-426,-982,-227,1340,1070,-1184,-3728,-3990,-2188,-765,-416,-240,130,400,-273,-848,-481,1303,1353,-898,-3377,-4037,-2341,-1023,-463,-279,55,434,-119,-1121,-524,942,1362,-392,-3129,-3756,-2653,-953,-515,-160,-8
2025,1015,-109,-1104,-1706,-1979,-1873,-1282,-369,690,1693,2584,3144,3105,2811,2046,944,-70,-1032,-1709,-2033,-1902,-1356,-413,657,1700,2541,3089,3141,2783,2049,1060,-29,-1007,-1637,-1995,-1847,-1303,-486,623,1693,2555,3017,3140,2756,2117,1105,27,-985,-1707,-1979,-1893,-1374,-495,593,1682,2550,3073,3193,2834,2141,1097,36,-926
-2210,-1428,-123,2002,4713,5438,2793,-256,-438,2602,3076,23,-2194,-2676,-1768,-457,2012,4379,5726,2927,-322,-631,2444,2899,778,-1954,-2216,-1557,111,1881,4507,5982,2866,-369,90,1858,2674,691,-2052,-2824,-1541,-210,1575,4499,5622,3065,-142,-651,1840,3183,562,-1865,-2361,-1511,19,1833,4528,5764,3276,259,-198,2346,3005,841
252,434,985,1616,2186,2663,2810,2508,2020,1320,796,310,200,369,953,1595,2214,2611,2780,2591,2113,1422,826,358,240,363,820,1508,2114,2597,2817,2555,2148,1558,884,475,174,316,842,1481,2038,2538,2779,2614,2238,1633,940,388,197,293,759,1317,2003,2478,2759,2681,2312,1601,948,452,219,327,716,1292
-276,-2419,-4034,-3568,-1651,-791,-1391,-2864,-1915,-648,-1100,-224,-127,232,-1069,-3256,-4213,-2212,-773,-1119,-2053,-2580,-1507,-661,-30,-130,462,-306,-1584,-3253,-3850,-1950,-981,-1533,-2657,-2402,-689,-242,-682,624,209,-290,-2295,-4146,-3729,-1834,-945,-1761,-2594,-1953,-968,-458,-313,163,210,-424,-2764,-4333,-2868,-1287,-1145,-1674,-2400,-1248
-730,49,909,1526,2005,2081,1889,1454,687,-80,-1030,-1737,-2314,-2607,-2558,-2192,-1639,-851,-10,793,1423,1913,2064,1990,1460,850,37,-829,-1536,-2158,-2551,-2588,-2350,-1770,-1008,-159,658,1342,1905,2038,2027,1543,918,84,-693,-1534,-2104,-2527,-2627,-2311,-1842,-1157,-280,503,1211,1817,2041,1954,1686,1062,288,-586,-1354,-2026
1875,533,-198,-162,-313,-707,-202,-391,-943,-1474,-680,1135,2033,893,-627,-289,-823,-1320,-697,-583,-779,-1280,-1084,539,2164,1212,-51,-461,-333,-949,-589,-467,-484,-1503,-1284,454,1870,1513,417,-524,-529,-931,-850,-710,-825,-1158,-1355,-535,1779,2098,827,0,-33,-575,-1058,-604,-578,-1471,-1790,-718,1391,2139,1274,86
-574,-1043,-1479,-1688,-1693,-1481,-1109,-602,-162,302,516,645,531,-13,-371,-954,-1399,-1649,-1722,-1551,-1210,-755,-255,183,546,633,457,109,-276,-766,-1290,-1610,-1649,-1678,-1319,-868,-423,93,463,573,553,296,-154,-652,-1193,-1526,-1723,-1692,-1412,-1070,-534,-111,341,629,598,377,48,-485,-996,-1429,-1681,-1670,-1521,-1152
998,654,254,77,-1075,-2588,-2936,-1462,-872,-3252,-5232,-4181,-1649,770,1132,686,290,-212,-2191,-2974,-2395,-1154,-2047,-4622,-5133,-3630,-425,1407,883,593,217,-735,-2652,-2698,-1760,-689,-2549,-4926,-5070,-2695,605,1043,829,118,109,-1218,-2667,-2551,-1499,-1343,-3521,-4841,-4740,-1549,1130,986,621,390,118,-1843,-2661,-1850,-845,-1789
192,-409,-1039,-1571,-1716,-1490,-1113,-473,269,802,858,771,293,-291,-968,-1489,-1734,-1649,-1212,-552,92,688,863,826,478,-208,-829,-1432,-1717,-1611,-1289,-728,-106,569,857,869,510,-156,-803,-1326,-1689,-1736,-1435,-835,-142,489,870,911,638,120,-626,-1195,-1578,-1681,-1419,-843,-254,295,783,902,715,150,-409,-1104
952,2145,1766,407,22,1534,2844,2711,1104,-141,-381,-747,-607,719,2121,2012,512,283,1784,3053,2511,1096,-107,-367,-1006,-487,839,2080,2019,590,312,1557,2749,2533,1212,82,-585,-566,-141,1006,2364,2177,418,239,1844,3124,2480,1080,-177,-580,-719,-527,699,1965,1805,492,192,1544,3137,2340,960,-219,-423,-817
-45,362,795,1489,2114,2515,2696,2587,2093,1592,888,344,-20,14,289,916,1502,2148,2552,2791,2507,2211,1492,856,330,-9,72,330,839,1562,2140,2575,2708,2579,2129,1565,845,241,-4,-16,327,829,1474,2053,2549,2704,2556,2144,1476,888,262,28,-46,337,879,1548,2144,2596,2693,2591,2101,1532,850,283
-1578,-2415,-2602,-1477,-747,-1535,-2210,-2341,-2060,-2165,-2754,-2595,-2269,-772,1576,2823,2726,792,-685,-2369,-2607,-1624,-1034,-1617,-1206,-2396,-2560,-2588,-2130,-2717,-2701,-1377,977,2496,3046,1525,-473,-2476,-2340,-1832,-1490,-978,-1586,-2231,-1910,-2363,-2635,-2820,-3073,-2219,-23,1625,3060,1958,75,-1692,-2867,-2500,-2043,-1100,-1696,-2391,-2904,-2314
2400,1660,1053,567,338,373,791,1378,2040,2619,3038,3152,2903,2360,1732,1097,547,285,406,792,1341,2029,2611,3077,3129,2841,2458,1778,1070,498,327,332,739,1317,1999,2605,3004,3136,2948,2534,1805,1131,546,343,382,726,1224,2000,2541,3002,3178,2926,2445,1832,1184,657,282,377,720,1273,1988,2584,2995,3089
614,3816,5713,5511,2804,215,-1104,-1407,-1091,-1020,-939,-692,493,717,303,-801,-1940,-538,1836,4115,5496,4183,2003,-367,-1663,-1395,-925,-1069,-750,-313,80,241,-333,-1778,-1574,-368,3377,4983,5587,3830,1420,-802,-1685,-1495,-1195,-991,-121,-20,519,258,-380,-2204,-1714,418,3334,5987,5406,2767,806,-1166,-1330,-1364,-899,-652
-861,-1526,-2106,-2470,-2546,-2439,-2029,-1499,-782,-46,554,1113,1513,1670,1503,1160,585,-162,-906,-1499,-2106,-2472,-2606,-2341,-2102,-1517,-885,-134,548,1130,1512,1624,1474,1071,613,-132,-855,-1515,-2101,-2442,-2570,-2438,-2070,-1468,-862,-138,593,1183,1525,1599,1510,1210,612,-70,-822,-1564,-2008,-2378,-2565,-2460,-2171,-1520,-874,-118
2129,459,-1158,-1177,41,907,1424,1164,1237,1622,2203,2069,2518,2820,3435,2331,827,-851,-1240,-434,650,1271,1528,1204,1604,1818,2165,2273,2617,3270,2763,1269,-377,-1280,-820,529,1394,1518,1189,1437,1917,2075,2299,2579,3217,2974,1821,223,-1242,-979,186,1344,1472,1282,1388,1879,1991,2210,2270,2875,3231,2315,451,-1050
-295,-1017,-1643,-1997,-2250,-2144,-1729,-1156,-448,241,742,937,939,489,-24,-684,-1478,-1911,-2246,-2182,-1789,-1319,-620,-10,632,864,922,659,184,-436,-1208,-1754,-2115,-2261,-2043,-1617,-956,-313,318,837,1009,812,365,-274,-917,-1547,-2022,-2184,-2078,-1783,-1177,-539,162,643,868,962,594,40,-630,-1250,-1803,-2147,-2165,-2053
1698,2418,1910,628,235,582,480,214,184,748,829,735,792,1654,2346,1746,463,163,275,585,362,395,1026,925,760,1010,1827,2090,1493,500,136,691,651,405,559,1120,860,470,1040,2093,2287,1351,347,282,501,373,180,709,891,1036,732,1084,2028,2508,1256,326,378,530,343,287,560,857,948,483
861,1161,1272,1261,900,321,-295,-1073,-1719,-2213,-2587,-2698,-2470,-2030,-1528,-824,-129,586,1113,1285,1279,1121,592,40,-717,-1407,-2004,-2493,-2682,-2606,-2315,-1820,-1146,-402,326,842,1201,1302,1234,882,341,-359,-1115,-1757,-2298,-2598,-2598,-2503,-2107,-1434,-746,17,630,1103,1246,1294,1042,536,-36,-807,-1451,-2099,-2470,-2570
-2630,-1924,-544,1247,2225,2183,864,-314,-1582,-2470,-3494,-4136,-4110,-3252,-1856,-580,-420,-802,-1913,-2298,-1449,253,1639,2188,1649,469,-644,-1822,-2820,-3543,-4145,-3700,-2652,-1361,-498,-626,-1669,-2329,-2140,-1037,799,1853,2219,1416,-68,-1182,-2034,-3138,-4090,-4084,-3610,-2155,-702,0,-905,-2105,-2179,-1802,-352,1436,2247,1954,654,-465
3442,3770,3578,3075,2212,1343,393,-215,-651,-576,-209,524,1415,2397,3164,3645,3728,3442,2833,2014,1029,163,-445,-675,-493,89,787,1751,2652,3352,3724,3714,3294,2582,1676,706,-54,-528,-676,-374,278,1154,2036,2875,3605,3722,3590,3130,2249,1271,459,-176,-631,-587,-139,520,1440,2369,3085,3657,3779,3464,2790,1952
-3216,-3429,-2018,-428,-196,-961,-1470,-2051,-2756,-2323,-2203,-2030,-2935,-3622,-2595,-551,-210,-715,-1640,-1895,-2427,-3013,-2394,-1865,-2731,-3228,-2510,-1054,-206,-939,-1333,-2104,-2474,-2893,-2585,-2131,-2445,-3425,-3125,-1170,-301,-396,-1242,-2046,-2291,-3095,-2359,-2085,-2595,-3699,-3118,-1195,-20,-595,-1106,-1517,-2190,-2811,-2772,-1904,-2390,-3289,-3024,-1282
-1259,-1743,-1599,-857,101,1430,2393,3021,3029,2446,1475,236,-831,-1590,-1736,-1335,-416,821,1916,2802,3105,2866,1963,914,-302,-1273,-1699,-1578,-929,195,1323,2357,3020,3081,2437,1437,310,-824,-1597,-1744,-1333,-468,782,1881,2765,3087,2899,2087,893,-244,-1287,-1694,-1630,-977,209,1387,2376,3014,3049,2466,1549,306,-750,-1539
-2267,-971,1689,3324,2988,1411,322,222,875,1611,2685,1736,1517,210,-871,-1633,-2331,-2541,-1201,771,2610,3404,2314,650,-365,251,2015,2608,2299,1749,1055,-585,-1179,-2726,-2585,-1814,40,2228,2802,2591,991,360,498,1321,2525,2519,2130,772,-199,-1135,-1713,-2744,-2231,-324,1498,3319,2779,1142,-209,99,1214,2499,2625,2265
2470,1301,12,-1007,-1596,-1441,-753,447,1705,2840,3510,3473,2973,1945,588,-639,-1324,-1555,-1096,-154,1222,2383,3242,3602,3256,2313,1054,-134,-1131,-1585,-1324,-539,590,1893,2894,3510,3513,2810,1659,390,-743,-1414,-1544,-928,28,1351,2485,3378,3534,3119,2185,881,-312,-1191,-1598,-1243,-432,740,1991,3005,3566,3398,2691,1540
-808,-1405,-1907,-304,-355,-1298,-2163,-2288,-2548,-2573,-2092,-435,-296,-1375,-1785,-639,-414,-938,-2026,-2159,-2561,-2642,-2190,-682,-319,-1091,-1634,-895,-382,-902,-1865,-2202,-2335,-2621,-2381,-1068,-11,-648,-1631,-1344,-66,-460,-1454,-2047,-2265,-2483,-2707,-1559,-441,-689,-1610,-1402,-381,-428,-1602,-2373,-2166,-2593,-2710,-1571,-628,-344,-1120,-1529
1838,1206,659,184,-161,-202,-135,109,719,1199,1834,2406,2828,2973,3092,2956,2629,2175,1549,969,445,61,-101,-271,-18,399,855,1455,2108,2569,2921,3131,3039,2896,2443,1903,1301,735,219,-96,-183,-165,113,551,1111,1721,2260,2750,3081,3117,3065,2703,2243,1655,1124,507,73,-117,-192,-25,340,782,1369,1940
-480,205,186,332,-164,-157,1084,2171,3227,3002,1339,-752,-2399,-2554,-2676,-2010,-1519,-602,-655,-122,358,373,-57,306,1373,2780,3082,2812,1587,-927,-2735,-3064,-2510,-2078,-1514,-901,-492,135,72,433,-42,126,915,3198,3303,2968,866,-1030,-2418,-2837,-2350,-1843,-1140,-435,-584,17,-82,-105,-41,440,1560,2930,3305,2908
-37,229,8,-479,-1282,-2085,-2714,-2982,-2954,-2479,-1787,-949,-243,165,92,-230,-951,-1750,-2445,-2949,-3102,-2640,-2081,-1332,-526,3,175,-1,-615,-1400,-2110,-2795,-3066,-2874,-2304,-1572,-815,-179,133,129,-337,-992,-1833,-2570,-2979,-2968,-2635,-1985,-1213,-417,55,187,-121,-787,-1492,-2249,-2769,-3061,-2828,-2288,-1516,-711,-126,151
-493,-1580,-2780,-3150,-3235,-3462,-3149,-2937,-1779,-358,88,533,-889,-2532,-2284,-1267,-770,-603,-1916,-2781,-3154,-3297,-3167,-2907,-2996,-1661,28,601,139,-1347,-2630,-2196,-1456,-682,-915,-1759,-2791,-3384,-3648,-3091,-3018,-2493,-1454,-49,491,116,-1840,-2557,-1883,-1144,-355,-678,-2230,-2865,-3223,-3146,-3053,-2956,-2316,-1301,474,1064,-250,-1454
-2747,-2596,-2318,-1827,-1288,-804,-387,-146,-81,-302,-547,-1057,-1605,-2102,-2494,-2661,-2705,-2524,-2096,-1508,-1069,-579,-224,-125,-124,-459,-856,-1342,-1878,-2325,-2648,-2703,-2602,-2252,-1792,-1267,-808,-330,-144,-49,-228,-572,-1115,-1669,-2105,-2524,-2741,-2665,-2513,-2044,-1580,-1028,-584,-194,-59,-159,-385,-879,-1327,-1952,-2363,-2618,-2733,-2641
-3068,-1893,163,3140,4053,2366,-728,-2167,-485,1955,2836,628,-2528,-4343,-4308,-3426,-2991,-2184,-324,2574,4274,2559,-256,-2143,-1197,1445,2468,1046,-2123,-3935,-4252,-3719,-3362,-2734,-662,2451,4355,3222,49,-2034,-1560,1695,2973,1713,-1805,-4087,-4410,-3858,-3520,-2805,-961,2203,3740,3620,755,-1977,-1780,645,2885,1739,-1085,-3456,-4544,-3975
1601,1169,742,612,599,802,1077,1516,1970,2268,2402,2519,2303,1934,1520,1059,787,534,629,837,1145,1594,2075,2326,2440,2456,2256,1856,1394,1047,776,606,701,888,1217,1666,2042,2366,2459,2423,2237,1808,1402,991,638,588,591,914,1288,1661,2108,2338,2486,2350,2197,1823,1231,934,680,619,606,970,1317,1728
3507,3272,2208,771,-1513,-2274,-1441,-672,721,1491,779,902,323,971,1797,2248,2988,3174,3941,3811,1855,278,-1468,-1888,-952,-29,743,1120,921,536,835,1405,2109,2649,2817,3599,3960,3187,1232,-624,-1747,-2195,-505,75,1046,718,1017,754,871,1440,1793,2417,3513,3926,3424,3171,947,-931,-1748,-1428,-619,666,860,871
-1330,-229,529,886,558,-187,-1254,-2456,-3349,-3751,-3507,-2839,-1739,-624,323,850,703,160,-902,-2086,-3006,-3614,-3754,-3181,-2167,-1019,47,674,745,347,-555,-1622,-2740,-3514,-3726,-3411,-2580,-1462,-306,575,846,649,-86,-1284,-2340,-3288,-3727,-3640,-2948,-1887,-777,266,769,763,214,-736,-2000,-3007,-3627,-3696,-3190,-2313,-1145,-53
-2106,-2401,75,1506,25,-1858,-388,1903,3359,2627,2424,1991,745,-2067,-2873,-838,814,768,-1302,-1440,1416,2955,3028,2332,2296,1169,-485,-2586,-1454,422,936,-902,-1725,6,2433,3279,2385,2092,1761,-313,-2333,-1998,52,1076,-358,-1676,-934,1730,3239,2841,2332,1966,472,-1502,-2649,-745,1221,654,-1249,-1585,679,2821,3043,2219
80,3,233,621,1235,1793,2202,2327,2214,1801,1312,702,258,49,41,427,951,1501,1959,2269,2299,1950,1584,866,459,125,1,149,566,1244,1696,2161,2325,2197,1790,1255,684,294,28,88,350,875,1420,2009,2241,2231,2009,1544,1088,484,140,110,228,587,1202,1665,2114,2299,2168,1834,1286,767,263,-20
-1819,-1054,-1181,-1013,-1535,-1581,-1294,-1736,-1592,-1190,-689,398,431,101,-653,-1494,-1729,-1686,-1110,-1131,-1613,-1911,-2162,-1454,-1562,-1492,-905,92,83,610,-166,-1242,-1636,-1306,-1185,-1217,-1474,-1884,-1735,-2012,-1591,-1489,-967,-112,592,754,-420,-1231,-1789,-1313,-1192,-1065,-1404,-1627,-1873,-1895,-1589,-1326,-1038,-237,600,145,-90,-1228
821,1988,2752,2928,2408,1359,72,-1135,-1948,-2068,-1706,-778,519,1761,2598,2953,2611,1601,430,-906,-1810,-2120,-1817,-969,217,1499,2530,2989,2709,1765,644,-643,-1669,-2169,-1965,-1162,-33,1223,2339,2901,2746,2025,874,-378,-1480,-2079,-2036,-1393,-291,1001,2103,2819,2853,2242,1188,-83,-1286,-1996,-2134,-1519,-489,743,1998,2789
-3634,-3562,-822,1551,2421,1837,955,964,699,614,-47,349,749,312,-1319,-3590,-4121,-1986,932,2334,2267,1103,997,598,520,467,547,464,759,-275,-2532,-3876,-2692,110,2099,2668,1204,1067,822,808,298,-15,460,1126,349,-2068,-3413,-3158,-739,1611,2587,2133,1262,655,721,583,164,215,902,664,-1194,-2914,-3707,-1913
1874,1386,935,498,227,207,308,678,1116,1680,2235,2723,3076,3273,3288,2956,2647,2101,1604,1027,553,302,179,294,585,992,1556,2095,2634,2983,3232,3337,3100,2744,2246,1690,1167,649,305,243,223,514,840,1426,1938,2517,2892,3202,3317,3105,2818,2386,1809,1238,807,383,261,170,395,742,1281,1841,2394,2823
130,2597,3643,2152,-895,-2841,-4074,-4525,-5239,-5188,-3870,-1037,1800,2922,757,-1769,-2980,-1656,1526,3831,3086,800,-2058,-3634,-4096,-4913,-5283,-4765,-2323,371,2868,1834,-496,-2625,-2765,-31,2878,3647,2168,-707,-2979,-4079,-4644,-5165,-5325,-3841,-1306,1669,2787,894,-1846,-3161,-1494,1447,3647,3279,649,-1873,-3535,-4483,-4892,-5520,-4859,-2400
987,309,-81,25,471,1253,2137,2978,3605,3769,3538,2871,2064,1252,400,-33,-23,349,1059,1962,2837,3501,3791,3646,3005,2244,1282,467,-32,-60,181,913,1774,2743,3420,3731,3588,3203,2310,1502,581,64,-63,171,752,1659,2568,3335,3724,3694,3291,2528,1667,820,109,-134,58,582,1493,2373,3115,3679,3784,3428
1254,970,906,511,451,797,1754,2647,2866,2187,1543,1017,1378,1413,1309,1320,949,971,681,586,828,1394,2504,2901,2481,1748,1314,1012,1308,1376,1023,1255,959,965,638,751,1022,2103,2888,2672,1814,1209,1051,1156,1250,1009,1218,980,931,650,403,1100,1972,2728,2875,2228,1402,1256,1253,1142,1400,1265,1374,1089
961,1708,2386,2827,3075,2974,2542,1944,1170,357,-435,-927,-1221,-1241,-1001,-379,335,1084,1944,2538,2962,3029,2921,2424,1794,1011,197,-542,-1087,-1292,-1291,-847,-242,507,1306,2117,2720,3007,3126,2792,2268,1570,761,7,-703,-1190,-1257,-1212,-806,-68,748,1534,2285,2770,3033,3037,2684,2098,1325,550,-175,-860,-1220,-1330
-1353,-376,399,1288,2361,3267,3992,3059,1818,354,-128,1495,2979,3524,2404,318,-1786,-2467,-1564,-982,351,1315,2181,2769,3978,3974,2312,896,-228,1025,2791,3653,3208,1000,-904,-2172,-2017,-791,88,755,1751,2705,3925,3921,2953,938,-157,563,2284,3580,3690,1603,-495,-1926,-2237,-1064,-78,655,1485,2667,3664,3863,3222,1502
-1615,-2389,-3071,-3548,-3699,-3574,-3109,-2395,-1613,-923,-366,-129,-175,-462,-1111,-1890,-2653,-3258,-3591,-3651,-3441,-2885,-2134,-1416,-708,-202,-48,-303,-724,-1443,-2191,-2867,-3450,-3665,-3520,-3115,-2586,-1828,-1093,-522,-192,-165,-397,-936,-1756,-2436,-3110,-3626,-3718,-3480,-3049,-2306,-1525,-875,-367,-70,-154,-619,-1255,-2054,-2724,-3322,-3641,-3597
539,1512,2136,2878,2587,1497,678,535,1756,3273,3145,2120,310,-1261,-1657,-1038,-162,658,1895,2384,2730,2191,1558,329,1281,2470,3435,3193,1371,-789,-1508,-1541,-519,149,1320,2071,2994,2727,2158,753,190,1532,2926,3383,2434,972,-1105,-1361,-1220,-706,453,1430,2381,3056,2650,1646,827,989,2426,3481,3081,1832,-186,-1288
-750,-535,-228,221,737,1102,1455,1660,1621,1495,1279,819,363,-81,-457,-661,-714,-609,-387,-26,448,913,1262,1544,1714,1583,1415,1116,628,165,-251,-538,-722,-685,-528,-206,214,627,1068,1521,1680,1664,1519,1322,881,383,22,-394,-663,-756,-685,-354,-57,436,843,1238,1503,1700,1730,1459,1160,764,247,-219
1034,2234,3725,4333,1631,-1055,-1864,-338,867,550,-776,-1442,-1049,191,653,2337,3693,4394,2001,-1246,-2276,-672,1087,534,-791,-1496,-925,-54,401,1870,3507,4360,2355,-527,-1734,-1055,784,1122,-601,-1442,-1144,-58,470,1691,3259,4322,2956,-157,-2006,-992,551,1066,-73,-1450,-1029,-250,442,1182,3221,4664,3364,136,-1855,-1190
328,-343,-980,-1400,-1605,-1421,-1082,-417,136,691,963,1029,712,167,-534,-1028,-1451,-1604,-1367,-922,-311,318,794,1066,868,579,-77,-692,-1265,-1474,-1561,-1181,-774,-88,483,918,995,841,395,-194,-790,-1350,-1565,-1499,-1210,-540,85,645,994,1091,738,198,-461,-975,-1425,-1575,-1451,-1098,-440,276,782,1026,1031,658
1105,187,405,109,349,-412,-489,88,761,856,629,-634,-858,-1198,-1266,-1109,-701,-1,417,1227,742,269,-133,-317,-334,731,943,787,-37,-780,-1428,-1788,-1414,-1094,-723,299,226,764,480,286,56,-1155,-440,329,374,844,0,-696,-1363,-1303,-1364,-891,-369,-197,153,758,706,662,101,-482,-304,432,763,597
-1483,-1080,-572,-17,503,944,1257,1435,1309,996,598,24,-498,-985,-1439,-1624,-1570,-1449,-1082,-555,42,522,1016,1341,1385,1262,1058,510,18,-571,-1051,-1395,-1660,-1605,-1426,-1035,-493,69,643,1032,1285,1348,1247,966,490,-18,-589,-1094,-1397,-1621,-1566,-1375,-949,-490,35,627,1011,1354,1334,1278,940,422,-129,-594
-894,471,647,-127,-1295,-2687,-3938,-4415,-4142,-2653,-1565,-1269,-1686,-3028,-3508,-2777,-778,491,939,175,-1195,-2256,-3882,-4177,-4136,-2832,-1520,-1321,-1875,-2905,-3378,-2095,-855,601,914,112,-1285,-2633,-3752,-4403,-4287,-2698,-1533,-1300,-1567,-3046,-3534,-2096,-467,592,718,-329,-1453,-2639,-3907,-4375,-4037,-2285,-1384,-1220,-1936,-3266,-3681,-1897
1534,1005,179,-663,-1465,-1828,-1798,-1381,-583,282,1014,1557,1671,1368,686,-151,-1090,-1580,-1956,-1754,-1148,-316,642,1353,1663,1610,1136,310,-585,-1333,-1806,-1859,-1462,-748,150,899,1513,1742,1402,779,-65,-924,-1572,-1919,-1792,-1227,-410,459,1238,1679,1663,1246,498,-462,-1266,-1749,-1894,-1590,-904,7,833,1434,1675,1480
-968,-626,-396,-679,-1088,-1137,-992,-442,-688,-1365,-2039,-2755,-2648,-1965,-1246,-1242,-628,-1039,-737,-477,-633,-1119,-1059,-319,-305,-869,-1971,-2523,-2633,-1997,-1374,-965,-992,-831,-694,-284,-1031,-1356,-1010,-414,22,-802,-1808,-2430,-2931,-2021,-1838,-1354,-1013,-937,-1060,-600,-619,-840,-994,-668,-322,-674,-1532,-2668,-3016,-2332,-1682,-1149
-1599,-889,-114,731,1476,1958,2177,2105,1594,944,49,-762,-1426,-1876,-1981,-1751,-1213,-523,333,1099,1784,2143,2199,1834,1263,489,-394,-1100,-1670,-2001,-1871,-1586,-874,-76,774,1528,1962,2275,2053,1654,843,82,-789,-1457,-1901,-2003,-1767,-1162,-526,353,1207,1807,2156,2151,1806,1240,503,-346,-1175,-1687,-2011,-1946,-1518,-896
-878,2378,1706,-553,-1232,984,3679,4397,4218,3354,1704,-1226,-2838,-1066,1985,1721,-186,-1278,1550,3773,4988,4152,3174,1633,-1602,-3092,-641,2127,1439,-483,-936,1622,3659,4390,4076,3783,1579,-1540,-3022,-1093,2163,2144,-404,-1438,1469,3931,4283,3658,3973,1754,-1878,-2910,-400,2046,1714,-746,-1384,1656,3566,4421,3989,3830,1389,-2013
-1949,-2513,-2645,-2487,-1872,-1191,-250,499,1170,1534,1485,1029,397,-486,-1371,-1989,-2454,-2621,-2381,-1837,-1021,-82,626,1207,1544,1358,919,232,-702,-1551,-2168,-2582,-2634,-2279,-1692,-847,45,809,1343,1543,1329,823,55,-796,-1634,-2297,-2650,-2633,-2180,-1563,-626,140,861,1391,1484,1236,745,-147,-996,-1777,-2377,-2657,-2565,-2063
-3544,-4081,-4402,-4187,-3171,-1113,1408,2907,2690,470,-2278,-3867,-3502,-2554,-1665,-1510,-2610,-3432,-3996,-4582,-4372,-3769,-2079,556,2612,2924,1563,-1059,-3211,-4100,-2916,-1802,-1675,-2180,-2868,-3563,-4506,-4365,-4039,-2405,-298,2016,3318,2050,-364,-2735,-4087,-3180,-2117,-1770,-1946,-3013,-3817,-4372,-4551,-4152,-3111,-1171,1447,3255,3009,924,-2125,-3578
1076,599,-175,-886,-1539,-2070,-2343,-2441,-2220,-1862,-1222,-565,162,885,1441,1667,1897,1769,1365,811,179,-592,-1254,-1803,-2168,-2412,-2349,-2054,-1594,-895,-259,457,1154,1553,1843,1787,1536,1086,516,-247,-923,-1506,-2060,-2385,-2409,-2111,-1861,-1297,-515,199,906,1345,1746,1823,1669,1404,805,78,-533,-1246,-1810,-2276,-2450,-2319
1955,1965,2787,3507,3246,1359,22,-391,2,1010,1860,2718,2894,2372,1890,2081,3163,3557,2711,971,-265,-459,414,1226,1818,2688,2807,2223,1693,2292,3363,3707,2489,526,-314,19,560,1490,2281,2924,2556,2106,1689,2526,3514,3630,2159,383,-462,51,638,1722,2552,2801,2625,1972,1758,2559,3410,2980,1602,109,-360,115
1196,1927,2632,3069,3303,3166,2828,2251,1534,784,109,-389,-714,-633,-317,239,1018,1708,2470,2981,3234,3215,3008,2502,1753,1004,254,-240,-601,-724,-379,98,730,1515,2267,2829,3228,3220,3099,2664,2055,1290,474,-171,-549,-729,-532,-136,504,1274,2005,2700,3192,3244,3112,2788,2258,1452,656,2,-434,-702,-529,-272
673,-244,-788,-8,889,2113,2113,2130,1401,797,732,1467,2265,3404,3884,3763,3155,2413,1141,-48,-648,-583,432,1801,2365,2213,1549,592,710,1092,2438,2802,3885,4020,3538,2858,1485,256,-526,-806,-111,1535,2228,2525,1663,1038,738,762,1597,2773,3216,3931,3492,3077,2495,888,423,-586,-758,761,2031,2505,2203,1971
75,-241,-387,-387,-274,17,454,971,1453,1789,2098,2239,2299,2091,1742,1373,943,389,-7,-250,-449,-375,-179,58,490,1031,1476,1810,2175,2268,2293,2125,1747,1346,907,341,58,-238,-401,-379,-245,90,501,1030,1450,1873,2182,2265,2251,2099,1761,1387,870,376,3,-235,-388,-375,-274,149,540,983,1462,1815
-1067,-1383,-1224,-1072,-1013,-704,0,1903,1978,42,-2622,-3457,-2364,-1361,-949,-866,-889,-1163,-1068,-553,444,2045,1726,-521,-2736,-3575,-2031,-987,-934,-1170,-1249,-915,-788,-221,653,2016,1538,-923,-3304,-3772,-2116,-640,-1476,-862,-1072,-1376,-920,-338,1270,2523,1091,-1385,-3174,-2964,-1950,-631,-1056,-1378,-1066,-1073,-881,-357,1312,2219
2384,2458,2244,1758,1161,476,-197,-665,-852,-893,-633,-3,684,1333,1974,2380,2507,2438,1910,1359,743,21,-544,-952,-817,-711,-142,469,1171,1809,2272,2517,2453,2076,1635,845,161,-387,-811,-1001,-686,-339,312,929,1658,2202,2477,2466,2210,1737,1016,390,-320,-722,-969,-854,-430,143,806,1491,2009,2429,2539,2352
3977,2650,390,-3028,-5191,-4748,-1820,1413,2173,391,-1457,-1549,710,3111,4005,4098,3122,829,-2213,-4967,-5012,-2249,931,2065,886,-1069,-1671,-67,2242,4082,4153,3589,1268,-1654,-4621,-5230,-2983,403,2240,1414,-716,-1924,-233,1988,3583,4529,3528,1830,-1085,-4116,-5384,-3758,-388,2071,1566,-350,-1711,-699,1598,3388,4226,3875,2338,-562
327,-230,-643,-660,-477,138,862,1630,2333,3030,3366,3343,3176,2711,2060,1193,477,-197,-617,-604,-479,-23,651,1466,2276,2852,3328,3386,3324,2773,2156,1395,583,-37,-516,-649,-572,-137,440,1307,2008,2700,3188,3386,3253,2888,2306,1553,718,107,-436,-630,-573,-218,400,1135,1903,2586,3104,3362,3326,2981,2438,1780
334,-345,-623,1607,5178,5973,2847,-1316,-2744,-1755,-1295,-111,565,679,-506,-268,2753,6267,5352,1141,-1801,-2298,-1810,-676,364,1012,242,-830,1015,4293,6310,3492,-108,-2707,-2332,-1237,235,625,1061,-228,-280,1940,5463,6004,2631,-1283,-2685,-1571,-1185,-146,1124,603,-498,-444,3553,6254,5074,787,-2231,-2362,-1484,-1207,345,906
1428,1653,1383,709,-159,-1136,-1874,-2326,-2308,-1822,-926,-130,770,1351,1622,1329,770,-230,-1125,-1850,-2364,-2264,-1803,-1004,-103,815,1492,1604,1400,777,-193,-1105,-1949,-2284,-2309,-1853,-1030,-85,764,1388,1583,1409,812,-119,-1170,-1893,-2346,-2262,-1802,-1030,-81,803,1410,1630,1356,720,-134,-1085,-1858,-2314,-2280,-1813,-1005,-69
-5817,-5546,-4281,-1800,-707,1687,1568,513,-2329,-3377,-2091,-6,-339,-3221,-5472,-5334,-4163,-2431,-231,1251,1966,714,-1960,-3753,-1941,-162,-377,-3566,-6109,-6041,-3856,-1627,-79,1317,1750,483,-2417,-3328,-2209,203,-130,-3781,-5874,-5760,-4070,-1351,272,1804,1734,305,-2605,-3345,-1848,187,-191,-3454,-6065,-5738,-3655,-1937,-114,1773,2164,-270
1047,695,186,-713,-1570,-2386,-2880,-3123,-2926,-2501,-1760,-816,37,678,1056,1062,747,113,-749,-1553,-2364,-2878,-3130,-2949,-2448,-1692,-848,14,695,989,1082,713,177,-769,-1597,-2403,-2866,-3110,-2942,-2406,-1724,-849,7,697,1019,1076,770,85,-816,-1685,-2406,-2891,-3129,-2927,-2455,-1670,-753,48,692,1062,1039,745,96,-754
-1454,-407,-350,-578,-1130,-789,-304,56,89,527,1801,2048,957,-1045,-2112,-1751,-561,74,-635,-997,-942,-276,62,-53,596,1628,2065,1434,-691,-1953,-2034,-658,-176,-639,-1013,-1093,-494,9,-161,426,1398,2160,1537,-392,-2119,-2087,-1033,-177,-494,-830,-1020,-730,-145,-46,221,1254,2041,1580,161,-1616,-2127,-1130,-250,83
-1157,-1144,-851,-345,321,982,1503,1838,1899,1654,1233,628,-2,-595,-987,-1137,-1028,-732,-132,552,1094,1610,1927,1866,1667,1093,453,-182,-765,-1057,-1108,-932,-522,44,704,1276,1773,1904,1852,1446,940,210,-401,-916,-1152,-1082,-834,-249,265,923,1457,1867,1909,1705,1327,718,94,-561,-943,-1196,-1002,-698,-191,441
-1199,-628,-98,-722,-349,39,872,735,-1,897,2297,3249,2716,420,-1478,-1851,-1064,-39,-294,-636,-292,888,713,78,573,2012,3243,3141,1239,-1109,-1679,-1170,-327,-428,-513,-77,539,935,206,129,1314,2879,3235,1877,-298,-1616,-1635,-487,-153,-782,-734,124,880,590,537,791,2447,3576,2678,270,-1329,-1782,-860,-266
96,-876,-1663,-2168,-2159,-1703,-973,-59,911,1596,1932,1789,1307,467,-486,-1353,-2029,-2172,-1963,-1292,-412,588,1393,1863,1948,1552,868,-138,-949,-1834,-2146,-2088,-1645,-785,105,972,1649,1956,1725,1174,251,-664,-1549,-2056,-2239,-1865,-1185,-296,684,1476,1918,1864,1523,618,-292,-1141,-1922,-2196,-2042,-1444,-587,359,1241,1773
596,350,-492,-1475,-2023,-1851,-1054,-275,492,-366,-583,-352,-111,594,1175,1241,274,-484,-987,-2128,-2242,-1483,49,22,-489,-953,-1057,221,779,1449,499,318,-318,-966,-2089,-2432,-1018,122,551,47,-800,-856,62,1028,1155,717,686,-396,-1264,-2127,-2233,-1190,215,237,-188,-1295,-1109,-96,610,996,723,40,-545,-1096
992,1607,2150,2674,3040,3007,2712,2239,1658,1039,509,275,254,581,1077,1712,2315,2817,3063,2976,2613,2091,1498,891,351,207,365,711,1276,1872,2476,2931,3142,2911,2529,1915,1287,738,330,205,438,746,1394,2045,2581,2880,3021,2833,2441,1767,1182,647,360,229,446,985,1595,2209,2692,3009,2990,2779,2242,1645
1272,773,336,307,1093,1972,1974,1795,1731,1678,1152,612,358,697,1321,1079,316,376,833,1860,2135,1893,1824,1618,1414,814,435,294,959,1185,834,396,653,1200,2113,2196,1802,1970,1716,1207,635,289,487,1040,1010,513,301,876,1643,2112,1960,1768,1711,1202,830,375,386,1089,1084,797,509,470,1119,1709
224,164,452,858,1175,1615,1863,2118,2238,2063,1754,1291,957,609,364,71,216,311,678,1081,1499,1795,2064,2125,2091,1862,1551,1112,772,386,227,151,291,561,953,1335,1702,1965,2141,2068,1970,1588,1186,786,488,277,104,250,535,866,1249,1578,1937,2100,2183,2036,1710,1315,977,528,280,170,204,355
387,-905,-1143,-85,876,1366,929,59,-297,-913,-793,77,901,2359,4113,4867,4513,2603,152,-1094,-1094,187,866,1151,758,-122,-969,-896,-810,-4,1026,2723,4284,4948,4166,1943,-29,-1145,-611,255,947,984,480,-128,-734,-798,-569,-439,930,3058,4519,4964,3862,1928,-423,-1456,-671,541,1392,1314,182,-410,-307,-947
-1107,-355,51,-3,-420,-1224,-2177,-3041,-3466,-3443,-3088,-2237,-1315,-468,27,3,-343,-1104,-2065,-2862,-3479,-3532,-3125,-2345,-1450,-657,-56,55,-277,-934,-1876,-2822,-3343,-3518,-3245,-2522,-1564,-730,-95,105,-156,-818,-1726,-2659,-3284,-3543,-3259,-2586,-1772,-845,-98,100,-116,-741,-1616,-2577,-3235,-3475,-3385,-2738,-1782,-987,-229,138
2465,3104,2812,1026,124,-731,-650,299,719,687,-601,-1856,-2928,-2638,-2693,-1563,-596,744,2219,3189,3053,1666,-133,-1002,-642,242,501,445,-107,-1483,-2553,-2773,-2307,-1500,-454,404,1790,3080,3137,1970,141,-1091,-998,-479,812,548,-93,-1138,-2278,-2789,-2886,-2242,-1135,663,1996,2950,3203,2216,465,-378,-924,-467,476,1392
149,289,441,348,294,-27,-274,-476,-713,-895,-796,-661,-518,-186,15,321,369,433,314,116,-159,-341,-671,-827,-848,-803,-620,-346,-46,132,376,428,335,208,-54,-324,-522,-718,-802,-785,-659,-463,-154,118,258,465,337,366,32,-202,-434,-700,-832,-839,-799,-581,-330,-28,205,358,457,397,173,39
1052,2587,2435,1925,919,-526,-1206,-1143,-118,969,-101,-1434,-2659,-2202,-423,1467,2524,2640,1661,357,-884,-820,-1065,-27,288,-5,-1413,-2640,-2028,120,1649,2412,2532,1289,821,-466,-1163,-807,313,744,-56,-1460,-2624,-1987,152,2010,2402,2263,1525,8,-557,-1312,-621,292,723,-143,-2020,-2913,-1553,609,1969,2278,2141,1254
-665,-1028,-1449,-1754,-2001,-2156,-2143,-2091,-1783,-1517,-1059,-788,-322,-33,121,190,38,-134,-530,-902,-1289,-1643,-1951,-2144,-2092,-2065,-1979,-1639,-1272,-837,-423,-206,125,152,106,-134,-321,-696,-1051,-1453,-1735,-2039,-2160,-2202,-2039,-1737,-1430,-1073,-665,-352,-99,124,162,35,-160,-538,-886,-1302,-1686,-1947,-2091,-2201,-2093,-1955
1876,1445,-1606,-3899,-3351,-233,2280,2328,2872,3195,3352,1397,-646,-566,1242,1720,-213,-3315,-3826,-1465,1326,2826,2690,3254,3649,2399,-75,-1190,128,1586,1126,-1949,-4217,-2466,508,2484,2652,2430,3644,3022,1000,-656,-362,1245,1635,-868,-4176,-3341,-263,2298,2487,2443,3697,3592,2172,-152,-534,698,2416,-26,-3068,-4054,-2006,1858
752,1115,1157,1058,749,215,-231,-533,-670,-690,-271,71,467,984,1109,1100,917,570,96,-340,-628,-720,-532,-161,301,642,1009,1187,1063,725,314,-150,-499,-732,-675,-389,-18,511,896,1075,1192,999,580,145,-334,-600,-669,-587,-191,183,667,974,1149,1059,762,319,-127,-431,-706,-669,-398,16,438,848
4174,2697,1473,876,248,-867,-571,1427,3351,3085,1349,1184,2611,4142,3529,2103,1112,886,-101,-909,144,2197,3543,2424,1013,1360,3412,4110,3285,1460,882,444,-588,-744,925,3028,3246,1546,1081,2137,3864,4050,2509,1266,649,101,-946,-531,1811,3473,2840,1391,1245,2865,4239,3335,1818,846,493,-509,-827,373,2764,3489
38,-247,-468,-638,-618,-511,-249,-30,317,593,793,747,696,589,314,-9,-284,-501,-621,-639,-532,-263,4,386,649,809,827,751,562,248,-32,-284,-421,-616,-553,-449,-248,103,319,638,810,824,747,524,228,-88,-332,-537,-646,-581,-429,-109,101,415,646,786,792,680,497,231,-93,-391,-618,-603
-1505,-1271,-922,-380,-105,-114,-1028,-3259,-4487,-3339,-907,-114,-936,-1616,-698,-316,-697,-164,-73,-2165,-4245,-4832,-2290,-262,-875,-1789,-1757,-234,-402,-431,-48,-886,-3135,-4931,-3486,-850,393,-1367,-1670,-962,-486,-159,-2,-523,-2213,-4689,-4303,-2056,213,-432,-1932,-1497,-247,-352,-419,401,-1197,-2987,-5219,-3316,-831,-4,-1146,-1475
-2278,-2334,-2118,-1756,-1264,-893,-631,-554,-726,-1112,-1619,-2023,-2178,-2262,-2228,-1776,-1372,-891,-614,-586,-729,-1054,-1483,-1911,-2265,-2340,-2189,-1883,-1378,-1006,-616,-577,-671,-997,-1463,-1916,-2188,-2346,-2220,-1904,-1468,-1038,-706,-565,-605,-922,-1404,-1749,-2143,-2329,-2232,-1954,-1572,-1130,-687,-574,-616,-861,-1287,-1741,-2171,-2316,-2270,-2006
-1735,-1337,-1372,-1073,-2,296,-417,-590,-107,666,145,-1309,-1927,-1621,-1458,-734,-302,270,-140,-1129,-146,442,787,-686,-1522,-1689,-1541,-1191,-493,218,-120,-638,-580,710,759,-311,-1355,-1936,-1606,-1397,-564,129,49,-578,-660,421,1006,166,-1559,-1608,-1107,-1182,-953,91,-137,-564,-673,-18,911,379,-1210,-1651,-1456,-1135
822,129,-558,-942,-1133,-891,-347,322,1112,1882,2465,2764,2755,2506,1879,1183,312,-390,-864,-1165,-913,-522,68,861,1726,2405,2773,2806,2583,2110,1365,562,-170,-771,-1061,-1012,-722,-166,668,1406,2207,2643,2823,2729,2314,1585,814,63,-680,-960,-1025,-793,-260,418,1269,1961,2565,2832,2824,2431,1781,1034,232,-444
-559,520,1400,537,-21,-90,663,1792,2147,808,-503,-1691,-1500,-1591,-1324,-702,586,1193,1079,-507,-599,596,1635,2086,712,-1247,-1956,-1643,-1411,-1201,-362,730,1748,1337,-163,-460,-2,1299,1566,545,-977,-2191,-1670,-1417,-989,-486,565,1055,1503,50,-488,446,1521,2387,586,-1182,-1607,-1667,-1671,-1097,-728,626,1315,822
-2060,-1983,-1647,-1168,-583,-4,462,854,1015,997,723,206,-286,-888,-1402,-1782,-2048,-2012,-1838,-1449,-887,-343,212,680,931,1041,878,464,-4,-556,-1062,-1606,-1930,-2093,-2013,-1698,-1193,-675,-42,440,843,1042,958,742,304,-229,-860,-1430,-1765,-2052,-2057,-1837,-1506,-932,-315,182,607,901,990,875,545,57,-535,-1075
1219,2610,2080,582,779,4009,5992,4363,935,-1172,-412,478,867,2028,2320,1732,350,1574,5223,5546,3233,-112,-350,43,311,1386,2481,2435,617,606,3223,5973,4638,1712,-802,-736,160,850,1949,2686,1931,639,1532,4688,5817,2940,176,-378,-193,496,984,2720,2575,758,453,2562,5830,5383,2342,-440,-619,355,428,1573
-489,-751,-947,-1004,-864,-640,-246,-20,287,443,594,473,317,69,-323,-672,-837,-958,-1005,-774,-600,-172,6,354,483,529,440,213,-50,-449,-697,-894,-968,-910,-748,-434,-124,152,478,541,537,368,157,-237,-423,-803,-956,-951,-851,-619,-339,-32,298,443,552,491,367,-19,-407,-617,-838,-978,-932,-768
-961,938,2779,3966,3747,2843,1315,830,809,1042,1272,945,612,272,-222,-1217,-2025,-1419,33,2228,3505,3810,2982,1775,902,1275,1042,1160,1007,574,316,79,-872,-1709,-1672,-429,1613,3362,3969,3503,2131,1089,971,1053,1105,894,683,610,-5,-571,-1377,-1461,-1018,1071,2909,4033,3722,2873,1377,963,759,1320,1271,957
958,1721,2561,3286,3808,4202,4210,3965,3564,2857,2139,1324,600,22,-357,-448,-380,105,625,1414,2185,2983,3652,4017,4173,4086,3775,3197,2428,1627,852,192,-271,-437,-419,-119,350,1074,1817,2677,3349,3915,4148,4235,3932,3485,2821,2088,1226,534,-58,-447,-474,-280,150,753,1585,2347,3037,3641,4060,4215,4109,3709
3189,3779,2952,1138,3110,5367,2922,-2230,-3764,-691,1745,2161,2917,4194,3232,1547,2812,5534,3571,-1832,-3747,-875,1514,2176,2604,4007,3078,1415,2663,5272,3842,-1264,-3769,-1559,1535,2497,2441,3965,3308,1380,2479,4945,4586,-767,-4058,-1806,1408,2004,2280,3760,3448,1862,2365,4838,4440,93,-4059,-2247,631,1903,2439,3950,3811,2024
-3127,-2894,-2357,-1657,-779,31,687,1149,1244,1201,785,74,-709,-1497,-2274,-2918,-3202,-3181,-2901,-2311,-1551,-773,11,675,1140,1278,1176,690,77,-705,-1565,-2317,-2887,-3155,-3107,-2842,-2353,-1567,-721,17,734,1150,1314,1157,673,-76,-708,-1655,-2427,-2862,-3114,-3124,-2824,-2253,-1528,-706,71,719,1107,1249,1052,673,21,-832
-2744,306,2331,1653,-819,-785,716,2289,1859,466,-513,-1995,-3540,-3484,-1141,1994,2061,470,-1293,-142,2094,2182,941,-162,-1173,-2928,-3874,-2298,1256,2462,1079,-879,-738,1177,2422,1368,121,-812,-2301,-3639,-2851,52,2447,1965,-271,-903,509,2228,1863,671,-228,-1288,-3289,-3719,-1486,2032,2231,544,-982,-159,1933,2178,1025,79
332,1155,1652,1607,1190,495,-491,-1250,-1708,-1822,-1477,-807,140,895,1512,1688,1307,704,-198,-1050,-1720,-1873,-1586,-990,-75,829,1409,1617,1427,817,-19,-897,-1563,-1847,-1720,-1103,-273,552,1321,1628,1482,963,203,-770,-1423,-1812,-1788,-1241,-431,432,1152,1613,1609,1132,384,-527,-1273,-1761,-1868,-1396,-590,280,1021,1565
673,-159,-318,74,1608,2856,2820,1092,-1651,-3426,-3622,-2995,-1683,-1260,-1161,-1184,-338,486,853,197,-347,-306,952,2655,3022,1846,-671,-2945,-3729,-3331,-1968,-1495,-1078,-1053,-714,479,826,583,-240,-222,453,1893,2910,2478,468,-2159,-3657,-3477,-2412,-1589,-1462,-1132,-751,-108,625,504,122,-519,-92,1450,2788,2918,1427,-1228
-955,-1461,-2094,-2747,-3075,-3178,-2851,-2362,-1680,-1037,-644,-522,-687,-1185,-1816,-2458,-2930,-3119,-3029,-2649,-2081,-1325,-817,-540,-537,-807,-1367,-2053,-2700,-3064,-3096,-2880,-2369,-1751,-1080,-610,-466,-605,-1032,-1755,-2330,-2899,-3126,-3115,-2740,-2119,-1393,-820,-478,-554,-760,-1368,-1972,-2680,-3038,-3158,-2974,-2449,-1880,-1146,-698,-442,-576,-1108
519,1030,1957,2615,3757,4370,4105,2931,1693,795,970,1679,2192,1649,773,-30,208,704,1589,2163,3277,3959,4598,3894,2238,842,732,1362,2325,2070,1241,222,143,482,1007,1804,2690,3592,4393,4294,3273,1654,908,680,1659,2097,1736,601,198,-78,869,1409,1701,3053,3819,4428,4075,2649,1419,786,1223,2229,2301,1540
779,1537,1901,1886,1466,725,-62,-939,-1504,-1765,-1518,-885,-55,793,1521,1897,1937,1533,761,-88,-925,-1551,-1781,-1507,-958,-128,710,1487,1893,1958,1477,825,-27,-911,-1556,-1648,-1584,-1017,-211,665,1430,1873,1921,1544,847,-40,-877,-1537,-1795,-1566,-1018,-211,679,1461,1866,1976,1560,904,14,-832,-1437,-1796,-1513,-1011
2556,121,-640,1285,4001,4217,1155,-2737,-4622,-2738,530,3429,4605,4819,5185,4706,3064,742,-544,593,3379,4516,2515,-1504,-4371,-3566,-524,2823,4502,5020,4969,4946,3758,1598,-482,-14,2487,4508,3383,-246,-3907,-4384,-1584,1964,4063,4599,4719,5020,4344,2408,-38,-618,1489,3935,4124,829,-3234,-4694,-2811,905,3577,4533,4608,4961
901,-13,-511,-890,-703,-256,536,1467,2384,3158,3481,3494,3128,2447,1549,626,-186,-609,-899,-546,-21,850,1816,2607,3264,3566,3486,2908,2221,1276,436,-387,-757,-860,-454,184,1084,1991,2766,3366,3497,3385,2786,1987,1093,108,-440,-812,-773,-278,402,1358,2225,2959,3409,3561,3245,2537,1683,816,-86,-693,-824,-605
3548,3030,2143,766,-913,-1546,-940,425,1888,2781,2504,1792,1269,1700,2743,3707,4146,3952,3734,3124,2355,1004,-746,-1239,-1550,-149,1719,2600,2658,2220,1257,1740,2563,3436,3773,3944,3657,3257,2591,1322,-97,-1397,-1455,-398,1380,2231,2546,2069,1257,1622,2401,3060,4009,3984,3836,3533,2605,1555,69,-1107,-1621,-442,1166,2197
-172,-363,-881,-1480,-2254,-2803,-3304,-3630,-3660,-3385,-2995,-2390,-1720,-1085,-520,-205,-195,-375,-806,-1403,-2131,-2716,-3282,-3560,-3640,-3536,-3099,-2460,-1799,-1141,-646,-277,-140,-311,-703,-1267,-2002,-2617,-3212,-3541,-3721,-3499,-3141,-2602,-1987,-1310,-680,-307,-91,-279,-567,-1159,-1788,-2486,-3107,-3477,-3698,-3546,-3257,-2739,-2043,-1352,-815,-386
1075,1491,2294,2203,1255,521,-292,17,-6,1150,2624,3920,4310,3648,1677,1009,1312,2304,2467,1713,713,76,-415,-104,633,1974,3540,4455,3837,2484,952,1170,1812,2341,2141,1353,212,-156,-480,586,1497,3073,4165,4231,3019,1680,823,1467,2229,2328,1400,314,-238,-507,48,890,2377,4008,4335,3608,1819,1290,1201,2035
2274,2984,3285,3188,2664,1747,691,-282,-1180,-1631,-1840,-1440,-754,243,1190,2212,2942,3277,3131,2764,1850,764,-246,-1114,-1658,-1783,-1462,-829,86,1074,2128,2871,3272,3226,2698,1912,853,-157,-985,-1665,-1818,-1561,-945,-29,1064,2036,2866,3272,3203,2774,2049,994,-56,-974,-1587,-1811,-1654,-990,-117,930,1957,2781,3270,3243
-3540,-2676,-214,839,1044,638,1475,1401,1746,2175,1997,-452,-2167,-3708,-2094,802,1087,1140,1046,1390,1713,1482,1748,1306,-895,-3571,-3182,-1069,584,1354,395,628,1289,1710,1867,1657,533,-1788,-4061,-2709,-547,872,865,518,1164,1409,1482,1494,1891,185,-2808,-3798,-2291,98,1380,843,557,1369,1669,1705,1865,1488,-558,-2958
-710,-819,-982,-1274,-1548,-1977,-2201,-2541,-2749,-2728,-2718,-2595,-2332,-2000,-1686,-1378,-1040,-850,-742,-666,-862,-997,-1308,-1624,-1995,-2322,-2547,-2672,-2766,-2684,-2520,-2286,-1977,-1643,-1216,-1055,-797,-690,-719,-853,-1137,-1432,-1733,-2031,-2353,-2597,-2757,-2711,-2726,-2482,-2238,-1860,-1552,-1197,-1046,-829,-703,-683,-907,-1109,-1446,-1753,-2133,-2361
4003,3084,280,-1726,-3004,-1474,430,1001,-862,-3364,-4075,-2446,14,2634,4083,4183,3477,1450,-1033,-2833,-2553,-787,1020,395,-1449,-3534,-3570,-1475,1484,3521,4139,3942,3011,993,-2132,-3119,-1868,324,1196,-627,-2883,-3958,-2782,190,2567,3978,4150,3475,1758,-567,-2829,-2777,-629,1019,630,-1641,-3759,-3509,-1781,1208,3350,4667,4471,2985
-1974,-1198,-403,92,77,-246,-875,-1678,-2559,-3297,-3637,-3583,-3304,-2571,-1701,-923,-192,74,16,-382,-1174,-2001,-2872,-3347,-3707,-3519,-3041,-2280,-1388,-643,-21,94,-45,-624,-1417,-2307,-3086,-3609,-3701,-3444,-2837,-1983,-1103,-381,-17,110,-220,-867,-1680,-2532,-3272,-3626,-3701,-3239,-2566,-1780,-867,-197,104,64,-447,-1181,-2048,-2828
3980,2701,238,-1372,-1537,-1386,-1772,-2101,-2021,-1722,-2530,-3640,-3025,-600,2647,3606,2308,172,-1194,-1268,-1426,-1888,-1985,-2553,-2028,-3108,-3627,-2298,138,3162,4139,2323,-553,-1124,-1008,-1143,-1944,-2310,-2196,-2231,-2516,-3683,-2705,414,3530,4081,1939,-460,-1434,-1315,-1395,-1427,-2243,-1993,-2011,-3041,-3245,-2133,-54,3142,3620,1640,-440,-1562
-2183,-1343,-443,461,1122,1322,954,266,-680,-1621,-2385,-2821,-2804,-2194,-1369,-356,610,1175,1278,876,239,-779,-1680,-2449,-2807,-2661,-2120,-1242,-213,641,1156,1215,982,120,-761,-1863,-2488,-2814,-2687,-2010,-1144,-140,725,1233,1295,808,-38,-924,-1819,-2562,-2875,-2585,-1964,-1107,-68,734,1248,1235,755,-32,-985,-1965,-2664,-2850
-615,-1461,-599,1612,3749,5235,5833,5119,3039,164,-2121,-3100,-1372,531,1864,1664,42,-866,-602,1305,3632,5052,5696,5597,4495,1348,-1456,-3097,-2527,-21,1979,1986,541,-865,-888,686,2679,4856,5359,5731,4212,2116,-1327,-2824,-2870,-911,1715,2219,1019,-911,-1165,207,1952,4029,5443,5826,4783,3044,-233,-3006,-3527,-1027,1195,2230
-86,-344,-422,-174,293,890,1612,2244,2749,3142,3194,2938,2466,1865,1068,477,-13,-378,-432,-132,298,915,1631,2373,2785,3067,3133,2933,2492,1765,1000,412,-85,-389,-345,-137,422,967,1769,2317,2910,3062,3059,2887,2334,1684,1031,380,-138,-404,-335,-98,439,1088,1820,2494,2916,3164,3102,2878,2340,1734,955,355
271,-488,-321,348,1379,2120,2461,1521,365,125,856,1247,217,-659,-413,643,1382,1917,2424,1960,660,-143,613,1443,794,-355,-494,515,1132,1811,2458,2166,542,-143,502,1555,672,-157,-603,236,1314,1618,2245,2143,1073,-324,404,1187,1136,-173,-548,-195,897,1661,2380,2397,1004,-231,178,1211,950,22,-716,248
-3089,-3289,-3316,-3239,-2864,-2411,-1839,-1321,-790,-591,-444,-571,-954,-1557,-2028,-2535,-2949,-3260,-3326,-3214,-2887,-2367,-1814,-1253,-893,-619,-501,-674,-966,-1502,-2046,-2640,-3016,-3335,-3355,-3220,-2775,-2394,-1825,-1298,-839,-545,-565,-759,-995,-1517,-2037,-2611,-3102,-3375,-3358,-3205,-2868,-2322,-1750,-1219,-784,-591,-486,-688,-1051,-1561,-2085,-2602
-1489,-999,-1326,-1788,-2488,-3254,-3750,-3133,-1466,-552,-804,-1832,-2066,-1490,-904,-1334,-1880,-2430,-3299,-3495,-3165,-1555,-541,-939,-1773,-1804,-1426,-899,-1154,-1835,-2550,-3035,-3689,-3452,-1744,-564,-766,-1758,-2241,-1601,-886,-1219,-1615,-2355,-3141,-3779,-3133,-1814,-565,-954,-1918,-2217,-1665,-970,-1180,-1661,-2656,-2908,-3444,-3112,-1937,-765,-602,-1885
-1561,-980,-404,23,358,323,-39,-459,-1087,-1659,-2227,-2500,-2557,-2380,-1960,-1358,-689,-304,115,263,166,-158,-695,-1367,-1946,-2386,-2561,-2547,-2246,-1741,-1167,-589,-106,184,294,25,-368,-976,-1656,-2024,-2433,-2605,-2477,-2106,-1583,-1003,-373,63,248,184,-7,-545,-1141,-1737,-2200,-2525,-2539,-2315,-1933,-1354,-798,-174,109,256
389,1272,512,-1108,-2849,-2764,-1480,-557,-129,288,156,-60,-555,26,1111,941,-1131,-2781,-2838,-1691,-834,-33,-107,379,-158,-537,-109,1060,1183,-737,-2489,-3013,-1904,-485,-26,178,337,-263,-533,-101,789,1289,-429,-2550,-3094,-2129,-910,-37,291,358,18,-526,-326,688,1109,-185,-2258,-2969,-2173,-1239,-264,127,496,134
-2852,-2347,-1646,-820,-168,318,538,470,89,-464,-1231,-2048,-2591,-3084,-3204,-3004,-2525,-1723,-1046,-317,238,518,548,208,-321,-982,-1832,-2483,-2947,-3164,-3082,-2665,-2003,-1334,-559,85,412,609,344,-118,-816,-1587,-2285,-2844,-3128,-3099,-2817,-2229,-1485,-724,-42,441,578,417,22,-548,-1356,-2107,-2660,-3067,-3120,-2883,-2395,-1703
1425,-11,-793,-388,334,767,661,610,1040,937,1092,1865,2289,1394,-36,-920,-199,449,663,785,662,1252,1080,1158,2027,2389,1467,-54,-817,-177,279,698,582,990,1026,1049,1156,1806,2198,1185,-119,-682,-253,503,748,501,1020,1211,1083,1308,1849,2245,1292,-390,-745,-73,573,671,771,814,1103,762,1125,1907
-186,-1016,-1863,-2801,-3632,-4109,-4371,-4208,-3766,-3069,-2206,-1282,-485,203,439,466,30,-576,-1464,-2364,-3258,-3885,-4345,-4429,-4044,-3502,-2675,-1745,-889,-245,336,493,322,-223,-1045,-1840,-2748,-3560,-4125,-4313,-4329,-3885,-3124,-2297,-1399,-548,89,432,447,109,-543,-1386,-2308,-3162,-3902,-4279,-4367,-4150,-3536,-2752,-1864,-971,-219,304
1176,-857,-2298,-2636,-1366,-530,-372,-1422,-2051,-2207,-1678,-987,-342,1023,1385,1518,7,-1444,-2137,-2257,-909,198,-415,-2034,-2192,-1976,-1451,-808,-151,1157,1832,1102,73,-1815,-2818,-1424,-765,-246,-1072,-2571,-2472,-1846,-1206,-745,-108,1789,1591,608,-1439,-2531,-2308,-1282,-680,-565,-1239,-1933,-2255,-2056,-890,88,772,1511,1627,-169
-1349,-1186,-998,-689,-464,-281,-133,-123,-147,-279,-511,-924,-1070,-1227,-1368,-1300,-1140,-966,-730,-494,-304,-151,-137,-207,-301,-605,-808,-1059,-1206,-1325,-1340,-1185,-961,-750,-497,-330,-171,-128,-153,-357,-658,-849,-1084,-1273,-1324,-1404,-1162,-983,-724,-485,-242,-167,-72,-183,-335,-624,-842,-1047,-1320,-1418,-1275,-1121,-942,-647
445,522,-1397,-2160,-836,853,764,-525,-2098,-3896,-5052,-5711,-4802,-1999,379,459,-963,-2339,-742,744,901,-726,-2304,-3775,-4900,-5731,-4577,-1780,564,610,-1395,-1787,-767,998,923,-603,-2548,-3656,-5029,-5877,-4849,-1959,649,657,-1537,-2108,-689,921,857,-956,-2461,-3945,-4986,-5723,-4443,-2060,529,305,-1511,-2195,-516,859,756,-855
1065,1215,860,457,-289,-1103,-1983,-2810,-3492,-3821,-3965,-3708,-3222,-2606,-1760,-821,-15,648,1026,1156,1013,511,-120,-950,-1745,-2570,-3245,-3787,-3910,-3822,-3435,-2690,-1950,-1141,-257,420,1016,1093,1023,679,66,-698,-1612,-2424,-3164,-3646,-3952,-3858,-3535,-2964,-2096,-1263,-432,310,910,1117,1125,759,234,-574,-1355,-2274,-2999,-3609
714,1781,4126,5900,5415,1725,-2073,-3424,-1796,476,1785,1713,1012,769,605,1204,2639,5062,6295,4305,49,-3005,-3042,-844,1136,1929,1372,920,625,779,1821,3642,5812,5876,2718,-1457,-3606,-2435,141,1721,1599,1230,849,580,913,2370,4615,6276,4891,882,-2653,-3523,-1349,858,1868,1516,1053,809,759,1178,3232,5482,6017,3529
1011,682,668,862,1393,2013,2606,3066,3197,3061,2549,2040,1339,922,690,785,1008,1554,2130,2650,3050,3191,3018,2499,1929,1295,842,606,752,1046,1558,2222,2774,3121,3181,2906,2412,1858,1219,805,621,753,1096,1705,2289,2860,3116,3189,2843,2380,1727,1102,709,562,804,1232,1880,2469,2893,3190,3068,2758,2193,1598
781,1848,3379,4917,4472,2466,428,-1176,-546,-260,1003,745,-214,-623,-728,129,710,699,572,895,2368,4041,4902,4027,1798,-205,-1032,-440,553,889,568,-417,-553,-144,251,807,388,735,1447,3036,4786,4705,3607,1028,-503,-975,23,789,620,74,-268,-961,100,782,906,1029,684,2146,3501,4776,4445,2775,299,-855
2869,2925,2686,2137,1326,586,94,-109,99,687,1497,2205,2734,3013,2758,2277,1567,749,180,-140,54,518,1262,2014,2638,2911,2897,2382,1637,929,241,-27,-52,438,1022,1870,2490,2912,2967,2519,1850,1118,448,16,-43,253,947,1654,2438,2854,2953,2717,2057,1307,577,78,-84,136,736,1447,2247,2798,2950,2785
54,-710,-2602,-3976,-3234,-2045,-1383,-1014,-59,1803,3494,2102,-342,-2648,-2106,-260,277,-1626,-3254,-3587,-3191,-1559,-1357,-349,1074,2747,3567,1789,-1244,-2700,-1733,-142,-181,-2360,-3895,-3789,-2912,-1567,-1430,-690,1447,3260,2884,682,-2348,-2663,-374,404,-1149,-2682,-3737,-3179,-2519,-1723,-1552,38,2374,3625,2250,-147,-2487,-2270,-411,-143
-1452,-435,605,1372,1865,1884,1528,826,-143,-1192,-2113,-2832,-3178,-3162,-2589,-1885,-882,172,1106,1703,1959,1734,1194,320,-759,-1723,-2540,-3064,-3255,-2869,-2204,-1297,-250,694,1469,1841,1879,1391,657,-302,-1355,-2263,-2933,-3200,-3121,-2468,-1717,-666,310,1195,1771,1966,1614,952,123,-898,-1887,-2643,-3174,-3200,-2829,-2085,-1162,-103
-1233,-4154,-5953,-6186,-3706,-523,1723,2239,584,-1053,-1242,-251,803,1893,2233,2193,1526,615,-1037,-3904,-5732,-6234,-4170,-797,1591,1948,900,-711,-1604,-524,974,1926,2217,2480,1823,901,-896,-3702,-6168,-5889,-4425,-1211,1688,2451,1357,-561,-1275,-495,735,2022,2396,2608,1748,1039,-724,-3045,-5704,-6427,-4576,-1273,1866,2384,1508,-874
-255,773,1473,1779,1699,1060,101,-1021,-2036,-2915,-3347,-3318,-2802,-1935,-809,211,1114,1675,1801,1455,649,-365,-1506,-2497,-3146,-3369,-3100,-2514,-1474,-359,681,1437,1855,1691,1156,213,-869,-1923,-2805,-3283,-3332,-2880,-2053,-924,103,1107,1613,1825,1518,829,-243,-1395,-2390,-3127,-3411,-3198,-2544,-1572,-530,523,1368,1827,1662,1204
-190,-1651,-3280,-2005,-310,959,796,1651,2479,744,-3269,-5485,-3597,-1187,-870,-3351,-3106,-719,980,436,1329,2693,1885,-2427,-5533,-4766,-1621,-760,-2290,-3460,-1787,423,1224,1189,2284,2687,-338,-4709,-5415,-2202,-876,-1533,-3604,-2549,-148,832,883,2195,2674,529,-3973,-5477,-3828,-1131,-760,-2610,-2610,-952,637,446,888,2834,1868,-1956
309,238,127,-76,-305,-603,-899,-1144,-1318,-1427,-1376,-1256,-1066,-813,-487,-166,-22,144,310,193,92,-121,-336,-680,-883,-1131,-1245,-1345,-1240,-1253,-1022,-755,-485,-181,90,172,268,278,116,-103,-316,-628,-934,-1169,-1259,-1394,-1349,-1125,-1067,-690,-482,-190,40,198,284,176,68,-113,-404,-711,-908,-1187,-1344,-1415
-4382,-2261,-104,-1141,-2272,-2281,-790,624,491,-725,-1362,-2477,-4954,-3829,-1446,-485,-1405,-2425,-1639,-749,397,164,-818,-2042,-3671,-4628,-3197,-1156,-448,-1671,-2247,-1449,197,906,229,-626,-2204,-4023,-4051,-3099,-954,-785,-2463,-2594,-753,546,545,-351,-1221,-2805,-4484,-4164,-2142,-226,-1052,-2456,-2283,-599,964,671,-558,-1898,-2938,-4220
401,-377,-1239,-2141,-2723,-3214,-3300,-3088,-2527,-1804,-921,-135,679,1179,1295,1236,699,44,-765,-1717,-2443,-2971,-3298,-3213,-2851,-2213,-1358,-565,283,907,1298,1311,1038,443,-421,-1261,-2160,-2777,-3191,-3328,-3097,-2539,-1825,-942,-68,668,1193,1371,1213,758,95,-894,-1686,-2557,-3044,-3299,-3202,-2840,-2217,-1268,-472,307,960,1261
3744,3143,1431,-463,-2074,-1703,903,2190,260,-2147,-2238,-188,2981,4032,4095,3343,1289,-337,-2078,-1390,1091,1474,100,-2164,-2039,672,2881,4159,3487,3076,738,-691,-1746,-827,924,1843,-250,-2173,-1952,949,3091,3864,3521,2650,984,-1059,-1847,-953,1410,1657,-363,-2328,-1447,827,3385,4084,3753,2672,848,-1337,-1826,-741,1646,1375
47,-91,-85,123,286,591,1003,1375,1566,1717,1750,1728,1497,1211,841,531,183,21,-104,-66,27,319,685,1018,1294,1562,1771,1713,1688,1479,1141,802,407,181,1,-30,-65,113,388,729,1066,1369,1571,1691,1765,1679,1454,1136,744,462,105,-52,-105,-22,67,398,731,1057,1407,1667,1728,1663,1615,1423
570,-479,400,2640,4034,3684,2914,2100,1513,1430,2235,2429,1253,-413,34,1713,3540,3899,3068,2401,1271,1473,1986,2574,1952,43,-166,1150,2971,4163,3650,2513,2076,1556,1858,2319,2156,599,-533,590,2691,3748,3733,3011,1979,1370,1575,2254,2461,1301,-397,119,1909,3599,4044,3181,2215,1347,1503,2089,2372,1777,68,-186
-1789,-1142,-530,-51,168,149,-42,-541,-1069,-1658,-2172,-2355,-2467,-2228,-1787,-1265,-660,-192,135,187,-96,-400,-1044,-1643,-2059,-2399,-2494,-2321,-1870,-1304,-744,-178,70,216,44,-387,-939,-1530,-2077,-2352,-2486,-2276,-1949,-1390,-777,-231,83,190,-13,-322,-879,-1394,-1989,-2318,-2458,-2315,-1953,-1394,-884,-338,37,152,109,-279
-1129,-1788,-2921,-2799,-2083,-2101,-4004,-6067,-5315,-1437,1785,2356,787,-471,-1266,-2287,-3014,-2549,-2085,-2660,-5292,-6116,-3644,636,2411,1731,149,-1005,-1860,-3123,-2958,-2036,-2178,-4121,-5989,-5522,-1869,1634,2512,881,-444,-1527,-2392,-2944,-2611,-1495,-2635,-5327,-6203,-3917,161,2226,1845,-2,-819,-1536,-2707,-2945,-2098,-2012,-4028,-6135,-5791,-2036
2340,2048,1490,627,-212,-1000,-1668,-2008,-2024,-1694,-1094,-303,578,1429,2041,2250,2329,2066,1429,577,-264,-1067,-1672,-2027,-2077,-1644,-1083,-275,576,1337,2067,2322,2320,1994,1384,602,-255,-1046,-1684,-1971,-1959,-1651,-939,-206,769,1369,2032,2328,2278,1988,1310,551,-378,-1131,-1761,-1945,-2008,-1632,-985,-149,718,1455,2095,2355
-1621,-1939,44,2079,3057,3572,4765,4816,3042,698,590,2609,2841,745,-1812,-1780,613,2323,2857,3653,4985,4416,2608,604,1061,2932,3035,336,-1902,-1327,1132,2551,3105,3867,5166,4315,2124,141,1571,2998,2390,-276,-2231,-934,1296,2541,3385,4266,4744,4067,1359,256,1809,3145,2134,-856,-2206,-664,1417,2764,3308,4440,5152,3360
-2287,-2473,-2437,-2346,-2142,-1761,-1643,-1401,-1262,-1355,-1425,-1688,-1961,-2185,-2387,-2452,-2477,-2327,-2009,-1825,-1528,-1351,-1257,-1336,-1462,-1774,-2009,-2350,-2448,-2437,-2456,-2240,-1960,-1642,-1413,-1289,-1206,-1330,-1518,-1822,-2140,-2368,-2462,-2508,-2329,-2090,-1821,-1605,-1391,-1265,-1231,-1335,-1579,-1954,-2190,-2334,-2490,-2431,-2313,-2080,-1816,-1508,-1253,-1300
1152,-731,-820,1440,1928,1856,92,69,1462,3834,5220,5324,4169,3728,2202,-528,-1062,-106,1770,1887,1172,223,301,2127,4511,5407,4889,4302,3495,1711,142,-637,373,2067,2004,224,-347,448,2711,4585,5394,4970,3964,2816,692,-953,-1213,778,2364,2106,646,-565,1284,3327,4644,5147,4703,3950,2257,236,-983,-424,1080,2269
514,-174,-915,-1606,-1982,-1949,-1605,-871,-156,587,1061,1206,930,384,-435,-1231,-1754,-2034,-1893,-1366,-582,107,718,1114,1124,705,63,-740,-1449,-1911,-2002,-1670,-1092,-364,412,940,1184,993,451,-231,-1027,-1693,-1950,-1906,-1441,-824,-44,622,1110,1169,823,207,-578,-1276,-1861,-1969,-1821,-1302,-487,287,853,1192,1094,614
1372,2878,1916,-1878,-4272,-3031,217,1963,1979,1920,2302,1278,501,1481,2877,1269,-2897,-4780,-2200,773,2088,1868,2220,2087,1296,552,1916,2861,366,-3492,-4406,-1658,1393,1984,1961,2219,2142,1070,642,2341,2663,-587,-4063,-4193,-934,1606,1983,1818,2338,1714,652,1240,2739,2095,-1604,-4510,-3638,-225,2033,2023,2010,2414,1592,560
-192,-984,-1793,-2656,-3224,-3354,-3181,-2659,-1897,-1034,-232,340,486,434,-107,-876,-1773,-2568,-3105,-3462,-3239,-2763,-1976,-1095,-289,231,499,382,-16,-776,-1691,-2504,-3097,-3411,-3254,-2814,-2086,-1322,-436,209,495,451,77,-677,-1566,-2393,-2998,-3399,-3347,-2952,-2162,-1367,-540,154,508,558,105,-556,-1512,-2292,-2939,-3351,-3291,-2961
1280,-493,-913,568,2425,3557,2871,1526,268,-1190,-1987,-2034,-747,1125,1516,351,-1051,-314,2047,3747,3502,2414,994,-511,-1551,-2364,-1508,120,1502,806,-482,-841,786,2962,3902,2746,1648,47,-1068,-1938,-1888,-614,1152,1370,47,-1061,-99,2009,3478,3215,1914,755,-645,-1742,-2040,-1192,587,1344,455,-829,-847,1268,3014,3737
-2644,-2518,-2190,-1760,-1150,-442,242,796,1202,1309,1265,1003,561,-97,-763,-1446,-2071,-2381,-2553,-2613,-2359,-1878,-1319,-591,122,690,1110,1290,1330,1047,617,52,-615,-1266,-1860,-2328,-2606,-2655,-2404,-2016,-1452,-816,-123,551,914,1251,1308,1172,740,169,-453,-1157,-1757,-2251,-2573,-2640,-2472,-2083,-1570,-1047,-220,409,873,1167
-71,604,884,-220,-1010,-168,1407,685,-604,-1490,-1479,-1061,-699,309,776,172,-1266,-94,1339,808,-202,-1852,-1971,-827,-388,285,941,611,-495,-109,1035,1198,276,-1171,-1549,-994,-539,7,955,395,-318,-241,508,939,-161,-1084,-1809,-1485,-844,-314,543,395,-39,-856,395,1400,809,-331,-1801,-1278,-670,-401,640,699
432,154,-267,-714,-1038,-1239,-1384,-1383,-1202,-903,-500,-65,246,542,675,585,322,-13,-448,-882,-1189,-1377,-1467,-1358,-1045,-727,-236,57,422,641,651,432,142,-189,-611,-1002,-1278,-1465,-1374,-1207,-913,-522,-104,265,441,593,534,283,28,-413,-741,-1135,-1390,-1445,-1307,-1139,-718,-301,87,460,539,651,437,81
1111,-1132,-2441,-2252,-972,-167,-998,-3048,-4083,-3486,-1429,92,1407,2408,2749,2470,924,-1786,-3113,-2396,-512,-221,-1798,-3396,-4337,-2956,-859,525,1653,2160,2942,2342,446,-2106,-2785,-1651,-422,-334,-2129,-4037,-4087,-2674,-884,814,1762,2655,3078,2078,-475,-2375,-3014,-1335,-476,-675,-2296,-4244,-4027,-2180,-547,800,2054,2614,2756,1572
-1776,-2290,-2662,-2702,-2576,-2192,-1599,-1030,-606,-320,-319,-565,-1093,-1735,-2216,-2608,-2758,-2667,-2217,-1714,-1090,-584,-314,-311,-648,-921,-1568,-2106,-2493,-2731,-2640,-2315,-1811,-1281,-701,-351,-302,-475,-943,-1485,-2112,-2459,-2694,-2629,-2337,-1844,-1310,-807,-424,-297,-462,-786,-1364,-2012,-2395,-2705,-2702,-2445,-1879,-1369,-787,-372,-310,-425
-948,-1031,-1841,-1204,1427,3328,2632,-652,-4019,-5070,-3480,-2621,-1922,-1962,-934,-463,-1340,-1677,-296,2482,3383,1533,-2490,-4583,-4717,-3251,-2476,-2118,-1735,-946,-1169,-1810,-1268,814,3280,2598,-198,-3744,-5125,-3928,-2817,-2374,-1672,-1136,-815,-1486,-1989,-481,2168,3716,1624,-2053,-4586,-4662,-3536,-2630,-2112,-1311,-644,-919,-1876,-1831,1023,3514
-115,660,1094,1113,777,54,-865,-1822,-2784,-3502,-3842,-3762,-3363,-2542,-1657,-627,294,933,1172,956,471,-365,-1307,-2282,-3123,-3701,-3861,-3599,-2977,-2156,-1152,-150,574,1039,1097,758,59,-815,-1857,-2813,-3479,-3791,-3744,-3328,-2637,-1680,-604,276,858,1115,1078,530,-320,-1359,-2319,-3193,-3714,-3884,-3559,-3050,-2139,-1121,-124,644
-1579,-1716,775,4898,5859,3811,1628,1893,2989,2428,914,249,428,-956,-1826,-801,2935,5511,5066,2462,1518,2483,3072,2288,447,316,-284,-1300,-1810,838,4576,5956,3636,1561,1904,3124,2707,1247,114,216,-515,-1807,-766,3215,5782,4835,2287,1565,2582,3058,1635,380,218,-245,-1549,-1734,1553,4855,5668,3561,1557,1543,2997,2739
-356,-7,465,928,1270,1580,1448,1356,894,339,-100,-336,-554,-482,-370,127,508,1072,1258,1509,1478,1242,819,410,-27,-405,-599,-529,-288,111,607,1052,1411,1477,1476,1169,732,338,-139,-498,-596,-577,-255,96,602,1026,1383,1521,1496,1162,705,290,-163,-491,-565,-468,-262,192,668,1108,1321,1539,1397,1141
-2038,-1275,-1546,-1828,-2498,-2621,-602,1311,1253,-609,-1315,-2269,-2203,-2446,-2486,-1737,-1212,-1505,-2281,-2534,-1518,338,1352,376,-805,-1860,-2141,-1973,-1823,-1873,-1512,-1079,-1912,-2852,-2101,-817,1119,1417,-292,-1480,-2075,-2209,-2210,-2331,-1429,-1598,-1473,-2753,-2206,-1809,266,1034,550,-516,-1550,-2229,-2476,-2510,-1815,-1264,-930,-1888,-2717,-2457
1040,-8,-791,-1264,-1138,-622,265,1314,2356,3303,3709,3678,3214,2337,1270,193,-686,-1247,-1217,-805,102,1159,2218,3101,3680,3785,3345,2552,1539,440,-474,-1103,-1256,-946,-114,880,1991,2924,3557,3794,3499,2735,1759,646,-249,-1026,-1243,-964,-355,614,1706,2721,3483,3744,3591,2913,1957,886,-162,-887,-1276,-1125,-516,397
1503,2404,2952,2573,1573,152,-512,-474,326,991,558,-1233,-3692,-4451,-4360,-3063,-1344,273,1230,2123,3151,2916,2507,1106,-596,-569,-47,992,733,-325,-2321,-4067,-4695,-3260,-1764,-616,992,1773,2326,2812,2720,1259,-299,-532,-389,703,1094,167,-1550,-3948,-4582,-4222,-2560,-490,495,1426,2276,2867,2703,1939,527,-819,-741,214
-1259,-1805,-2249,-2376,-2124,-1718,-1149,-627,-131,-16,-228,-550,-1224,-1749,-2174,-2358,-2202,-1763,-1261,-671,-297,-35,-184,-528,-1117,-1696,-2059,-2312,-2261,-1847,-1316,-788,-278,-16,-117,-482,-1000,-1598,-2056,-2310,-2275,-1972,-1414,-796,-317,-50,-32,-485,-897,-1462,-1974,-2236,-2294,-1988,-1410,-866,-389,-171,-70,-373,-843,-1416,-1996,-2266
95,1484,1679,1006,-312,-2354,-3463,-4126,-4471,-3968,-2778,-514,1343,2103,1286,-353,-1650,-1516,122,1675,1427,1195,-458,-2216,-3482,-4059,-4765,-3908,-2852,-440,1252,1819,1110,-536,-1543,-1292,246,1873,2085,899,-779,-2340,-3413,-4280,-4520,-4142,-2615,-437,1355,1850,1272,-411,-1766,-1312,298,1669,1692,1025,-1071,-2095,-3139,-4173,-4267,-4112
243,406,729,1130,1642,2026,2418,2618,2520,2407,1989,1724,1248,801,413,283,177,384,706,1179,1668,2056,2360,2600,2561,2479,2102,1680,1173,740,395,235,234,361,681,1149,1605,2016,2386,2586,2639,2432,2115,1672,1163,757,443,224,253,373,716,1183,1575,2056,2364,2592,2582,2444,2012,1691,1189,826,391,227
-3072,-5945,-5863,-3645,-1302,-340,-931,-811,-735,-665,-666,-349,622,2164,1584,-975,-4447,-6476,-5064,-2421,-459,-206,-1320,-780,-471,-43,-399,-217,1581,2755,1134,-2618,-5769,-6148,-4058,-1224,-630,-986,-1333,-795,-541,-315,80,537,2161,1836,-140,-3995,-6272,-5513,-2892,-758,-239,-470,-606,-387,-224,-680,33,1210,2168,1862,-1860,-5311
1636,1822,1896,1718,1385,961,347,-225,-677,-1040,-1387,-1379,-1301,-1000,-590,-25,588,1077,1465,1755,1826,1827,1546,1175,555,-3,-489,-993,-1340,-1382,-1347,-1172,-792,-224,269,890,1339,1725,1826,1868,1672,1275,777,260,-314,-799,-1299,-1412,-1442,-1287,-987,-497,87,645,1176,1546,1859,1885,1752,1387,1012,499,-26,-650
1171,1338,1447,1731,2253,921,-2011,-2797,610,5894,7746,5228,2368,1230,1614,1716,2052,2333,79,-2502,-2188,2449,6838,7368,3882,1639,990,1174,1726,2638,1751,-866,-2848,-961,4535,7360,6204,3315,964,1496,1543,1766,2095,679,-2316,-2627,783,5967,7732,5315,2279,982,1122,1554,2264,2129,-59,-2725,-2083,2276,7001,7111,4173,1670
14,507,1067,1807,2384,2861,3055,2961,2739,2215,1594,924,313,-67,-284,-163,171,759,1422,2020,2654,2999,3081,2964,2494,1974,1283,643,177,-153,-266,-89,450,1040,1628,2286,2812,3025,3030,2725,2334,1702,1052,371,-8,-163,-133,30,607,1265,1953,2463,2886,3088,2986,2603,2008,1417,812,207,-217,-275,-59,299
-2460,-2829,-1743,-473,-1043,-2408,-3228,-2762,-765,1706,2729,1692,91,-1567,-2083,-2513,-2808,-2982,-2270,-1482,-459,-950,-2065,-3579,-2880,-345,1706,2408,1584,-269,-2083,-2294,-2243,-2460,-3150,-2286,-1530,-430,-846,-2091,-3512,-2747,-685,2454,2693,1625,-86,-2259,-2266,-2591,-2701,-2759,-2693,-1205,-592,-1035,-2325,-3197,-2859,-12,2081,2812,1571,-516
73,-517,-1109,-1503,-1714,-1571,-1128,-588,34,538,827,792,492,-66,-561,-1206,-1568,-1649,-1514,-1032,-476,93,551,798,728,474,-63,-704,-1243,-1582,-1660,-1494,-1074,-422,135,578,823,728,426,-138,-710,-1322,-1619,-1698,-1421,-979,-412,237,631,816,702,352,-193,-909,-1329,-1575,-1638,-1377,-1033,-289,314,654,830,756
-324,-1808,-1463,-825,-560,-698,255,2730,5083,5534,3294,545,-825,496,1742,1533,-173,-1361,-1303,-742,-667,-667,13,2586,4947,5737,3723,621,-795,77,1714,1492,-142,-1454,-1604,-1052,-540,-740,-71,2279,5116,5807,3575,653,-751,149,1411,1646,63,-1550,-1497,-904,-444,-929,-39,2298,4939,5653,3626,615,-711,214,1907,1431
2159,3060,3489,3549,3065,2194,1136,102,-739,-1230,-1228,-851,24,1101,2121,2988,3502,3517,3117,2277,1285,232,-725,-1201,-1309,-917,-16,999,2039,2854,3452,3472,3174,2369,1338,331,-599,-1183,-1259,-921,-158,876,1995,2876,3435,3508,3194,2460,1446,378,-504,-1194,-1327,-947,-187,774,1879,2771,3418,3597,3306,2536,1562,458
1568,2556,1023,-2087,-3873,-1643,789,1908,1952,2108,1741,1333,893,2229,2498,-281,-3299,-2979,-746,1462,1800,1940,1835,1533,773,1680,2988,2024,-1788,-4004,-1968,691,1753,1928,1875,2041,1255,1104,2140,2822,775,-2894,-3686,-988,1425,1699,1513,2101,1788,995,964,2666,2363,-757,-4047,-2742,-89,1723,1762,1895,1871,1197,425,1770
-3476,-3741,-3566,-3018,-2139,-1189,-510,-114,-182,-795,-1611,-2465,-3237,-3599,-3717,-3239,-2480,-1512,-633,-166,-151,-586,-1327,-2165,-3063,-3596,-3680,-3414,-2632,-1803,-890,-263,-62,-366,-1054,-1909,-2752,-3492,-3710,-3491,-2903,-2062,-1197,-423,-150,-265,-795,-1611,-2524,-3329,-3684,-3709,-3302,-2339,-1463,-625,-143,-148,-557,-1318,-2266,-3107,-3626,-3823
2305,3463,2874,1191,816,628,965,727,808,824,-663,-2459,-2383,-1224,1582,3187,2944,1667,840,461,765,979,964,591,280,-1653,-2703,-1901,582,2804,3126,2266,1186,629,616,1082,848,997,660,-792,-2808,-2665,-388,2377,3178,2699,998,606,429,775,607,1027,402,-767,-2351,-2962,-1312,1507,3454,2767,1560,1110,405,705
-41,-155,-148,44,337,630,903,1188,1315,1317,1210,958,630,345,39,-134,-145,7,157,489,793,1096,1232,1355,1254,1117,779,449,199,-75,-183,-124,59,362,657,923,1188,1293,1279,1162,903,584,332,-5,-162,-172,-2,210,527,763,1119,1279,1276,1201,1006,774,494,172,-14,-185,-124,20,368,646
-1336,-1093,-934,-505,1060,3006,4969,5250,2313,-1157,-3881,-4072,-2416,-499,-18,-369,-909,-1083,-1064,-794,-551,4,2055,4385,5540,3868,192,-2652,-4523,-3085,-1145,-105,361,-821,-1032,-1314,-914,-1076,-359,742,2909,5133,4833,2210,-1624,-3965,-3822,-2698,-579,108,-282,-851,-1536,-1226,-993,-1091,-159,1789,4426,5424,4028,528,-3213,-4368
-1502,-1294,-1112,-1092,-1103,-1276,-1434,-1711,-2009,-2242,-2347,-2448,-2447,-2395,-2182,-1954,-1637,-1437,-1252,-1130,-1100,-1127,-1307,-1498,-1739,-1992,-2280,-2381,-2417,-2398,-2308,-2060,-1809,-1589,-1355,-1158,-1081,-1089,-1202,-1414,-1596,-1875,-2087,-2299,-2434,-2454,-2414,-2209,-1978,-1763,-1515,-1292,-1136,-1040,-1082,-1264,-1450,-1731,-1971,-2174,-2356,-2508,-2433,-2330
-4484,-2059,-1255,-1838,-2620,-2000,-1300,-500,-405,21,1350,2110,1004,-2379,-5679,-6702,-4739,-2163,-905,-1676,-2408,-2076,-1032,-519,-292,124,1163,2332,1115,-2213,-5620,-6659,-4788,-2096,-1169,-1621,-2483,-2063,-1151,-468,-578,172,1113,2381,1538,-2237,-5399,-6670,-4729,-2130,-1069,-1763,-2469,-2234,-1230,-549,-632,66,794,2180,1333,-1439,-5132,-6623
2240,2259,2120,1966,1572,1262,981,733,513,468,513,597,926,1200,1593,1868,2108,2228,2226,2172,1935,1755,1393,1029,829,571,490,428,560,788,1041,1330,1692,2023,2189,2262,2228,2053,1889,1594,1318,926,675,507,374,461,631,879,1175,1462,1899,2156,2205,2295,2201,2017,1732,1425,1173,797,634,410,506,602
3912,2248,1670,2314,3895,4099,2791,1766,520,-143,-1308,-1258,-372,3003,4913,3792,1924,997,2517,3932,4193,2735,1040,271,-48,-1151,-1699,322,2944,4341,3740,1767,1112,2718,3653,3730,2258,920,294,-96,-1233,-947,1138,3411,4172,3587,1900,1102,2374,4142,3657,2610,1176,462,-896,-1439,-828,1165,3111,4296,3321,1756,1666,3153
-1230,-1428,-1432,-1443,-1259,-988,-605,-398,-94,157,211,196,76,-222,-569,-918,-1211,-1353,-1417,-1407,-1251,-1089,-727,-349,-131,138,213,157,52,-235,-516,-821,-1173,-1374,-1451,-1394,-1276,-1065,-747,-472,-138,94,207,232,80,-185,-424,-804,-1075,-1300,-1432,-1523,-1303,-1087,-829,-439,-195,54,241,250,107,-124,-398,-735
-359,-196,814,1707,2361,2542,1605,840,830,1249,2318,2788,3456,3610,3281,2624,1845,649,-258,-571,23,1334,2179,2274,1992,1223,721,998,1711,2556,3150,3323,3512,3006,2270,974,84,-460,-356,561,1595,2085,2204,1568,951,658,1374,1934,2562,3268,3439,3385,2820,1981,867,-283,-308,-63,1238,1810,2331,1934,1275,1008
-1070,-448,79,506,745,854,688,334,-206,-716,-1333,-1961,-2435,-2721,-2832,-2799,-2570,-2113,-1620,-968,-395,155,548,810,838,683,259,-265,-900,-1467,-2008,-2452,-2754,-2956,-2838,-2437,-1979,-1477,-805,-246,334,662,848,855,567,158,-297,-1010,-1617,-2135,-2549,-2788,-2951,-2789,-2411,-1945,-1340,-715,-167,325,669,842,770,470
-492,-959,-969,-825,-243,779,923,514,-1294,-2708,-3562,-3278,-2090,-1517,-578,-467,-298,-192,-1040,-1250,-1128,-350,727,1634,1154,-843,-2591,-3450,-3352,-2637,-1660,-362,-226,-326,-89,-896,-1245,-1230,-544,923,1416,709,-506,-2340,-3707,-3694,-2574,-1737,-704,-543,-105,-473,-424,-1015,-704,-817,529,1580,1234,-568,-2289,-3493,-3630,-2525
25,606,1149,1579,1822,1864,1672,1373,937,296,-172,-662,-991,-1144,-954,-721,-207,286,884,1308,1650,1838,1772,1621,1142,657,166,-395,-846,-1068,-1108,-909,-546,-18,531,1068,1537,1812,1939,1776,1450,1020,383,-138,-608,-940,-1109,-1073,-773,-305,154,732,1247,1657,1794,1821,1595,1216,727,230,-290,-703,-1030,-1114
381,1280,950,1051,113,-1362,-1346,-2294,-2516,-1906,-1114,-784,-296,-588,-1513,-1575,-1888,-973,521,1040,1171,623,-98,-745,-1547,-2147,-1908,-2004,-721,-486,-111,-521,-1636,-1908,-1720,-836,242,1120,1607,244,-50,-865,-1682,-2042,-2572,-1992,-1317,-72,-372,-813,-1494,-2185,-1469,-514,542,1247,1131,537,-86,-1041,-1675,-2631,-2456,-2012
-583,-917,-1088,-1244,-1170,-1007,-737,-462,-94,-38,49,-69,-191,-532,-758,-998,-1202,-1249,-1154,-857,-585,-240,-29,32,-55,-137,-440,-656,-961,-1159,-1218,-1096,-965,-629,-331,-109,31,39,-91,-323,-614,-938,-1079,-1220,-1137,-916,-718,-425,-101,45,34,-14,-227,-529,-816,-1072,-1166,-1175,-1012,-814,-492,-237,-20,89
769,1518,964,365,856,501,465,-516,-2524,-3159,-2339,-381,732,1003,677,241,146,865,973,160,254,632,795,49,-2130,-3432,-3083,-1727,315,1434,856,396,175,587,1044,284,157,246,620,-166,-1750,-2569,-2812,-2100,-434,1118,1090,190,243,888,1226,1104,168,-96,262,-182,-764,-1996,-3574,-2773,-909,736,1308,452
3112,2397,1605,781,328,189,402,973,1715,2560,3252,3531,3367,2913,2207,1329,623,158,194,495,1206,2011,2798,3331,3444,3237,2704,1921,1046,490,116,234,717,1460,2319,2969,3421,3498,3110,2428,1676,834,365,183,355,916,1820,2575,3190,3519,3384,2911,2151,1349,643,181,201,467,1210,1961,2817,3327,3461,3231
1190,2214,3033,2966,2017,1099,1141,1798,1928,1590,1068,898,808,1378,2209,3222,3093,2534,1713,1532,2020,2461,1743,1249,1146,695,1082,1395,2204,3329,3437,1772,1205,1185,2283,2581,2049,1127,1261,933,903,1393,2469,2933,2981,1521,1174,1967,2112,2234,1489,784,668,1071,1194,1746,2867,3098,2755,1579,789,1670,2204,1951
-4300,-4124,-3403,-2178,-922,30,541,398,-332,-1490,-2719,-3788,-4302,-4216,-3528,-2411,-1148,-160,425,375,-227,-1210,-2530,-3633,-4224,-4236,-3632,-2610,-1326,-217,422,489,-6,-1149,-2342,-3416,-4210,-4346,-3754,-2760,-1534,-388,301,542,60,-896,-2155,-3309,-4116,-4339,-3947,-2925,-1697,-535,249,538,154,-693,-1843,-3124,-3988,-4331,-4045,-3027
-3055,-2508,-125,2224,3681,2394,246,-924,136,3011,5336,6975,5926,3573,1365,-778,-2210,-2214,-1405,1247,2882,2961,1427,-633,-569,2024,4255,7258,5781,4227,2044,265,-1537,-2201,-1868,349,2762,2945,2036,-5,-926,760,3705,5839,7008,4807,3484,1358,-1035,-2414,-2702,-643,1739,3180,2471,908,-898,-364,2594,5374,6748,6183,3826,1842
1835,2303,2513,2541,2434,2114,1642,1194,660,142,-292,-498,-591,-505,-188,146,731,1299,1759,2163,2476,2537,2543,2228,1801,1343,784,283,-128,-495,-626,-560,-334,24,539,1069,1632,2048,2395,2547,2588,2399,1998,1487,997,372,-51,-408,-572,-586,-373,-132,378,897,1517,1971,2364,2507,2570,2422,2120,1629,1126,573
460,1438,1602,1688,1285,979,325,-106,-365,-657,-987,-672,201,1275,1500,1385,884,95,-185,612,1736,1768,1534,1414,771,120,-213,-796,-1224,-666,-336,619,1607,1334,1315,653,1,192,804,1582,1598,1556,1185,698,300,-15,-671,-838,-909,-213,679,1557,1418,947,471,290,421,1150,1629,1942,1574,1026,744,253
3781,3644,3037,2222,1313,523,116,68,564,1407,2263,3135,3728,3763,3450,2727,1806,954,294,82,246,909,1723,2637,3391,3770,3684,3231,2355,1481,688,172,111,301,1173,2065,2980,3547,3846,3502,2870,1991,1111,409,73,194,773,1495,2467,3281,3706,3773,3401,2592,1691,799,235,41,302,1067,1938,2787,3476,3841
-2425,-1298,323,792,-433,-2001,-3031,-1624,199,2135,3342,2842,2776,3015,2659,963,-924,-2207,-1794,-324,622,421,-1237,-3009,-2761,-884,1670,3130,3237,3086,3036,2734,1869,-110,-1725,-2476,-752,491,615,-547,-2391,-2804,-1530,940,2418,3393,3001,2997,2792,2329,488,-1051,-2546,-1858,-105,924,319,-1548,-2909,-2388,-221,1758,3170,2853
-995,-759,-484,-155,296,711,967,1210,1246,1183,999,661,277,-131,-519,-826,-975,-1045,-837,-550,-279,131,525,883,1112,1263,1248,1051,797,451,10,-423,-726,-916,-986,-975,-695,-392,26,381,793,1084,1170,1269,1166,924,555,149,-244,-608,-924,-1063,-1040,-866,-590,-163,166,585,855,1171,1241,1214,1008,721
-797,-555,919,2509,2880,765,-1224,-655,111,-322,-625,-1063,-625,-708,378,2019,3237,1540,-282,-716,-329,132,-968,-929,-593,-273,-303,1409,2972,2336,12,-1000,-525,254,-594,-1147,-1067,-604,-262,625,2253,2755,674,-924,-901,432,-242,-828,-966,-621,-506,450,1868,2908,1681,-374,-741,-51,153,-1212,-803,-837,-189,-68
1787,1504,1264,942,658,441,219,101,144,297,438,676,1061,1317,1610,1849,1867,1893,1796,1563,1209,979,661,347,173,151,200,229,437,765,1039,1382,1668,1794,1955,1911,1751,1493,1159,886,589,329,185,100,156,337,521,768,1101,1344,1661,1862,1947,1819,1664,1448,1217,950,577,311,175,80,155,363
71,-391,-288,-326,229,956,1419,2156,1862,825,19,-376,38,695,414,268,-446,-498,-439,50,412,1586,2127,1889,998,220,-196,189,263,718,279,-336,-389,-405,-8,682,1060,1806,2169,1472,317,-479,-441,281,785,600,-7,-311,-504,87,120,778,1592,2056,2019,1129,-189,-344,-93,450,479,189,-662,-433
825,1057,1389,1511,1604,1518,1324,979,624,373,159,9,21,99,320,618,1000,1329,1503,1533,1571,1414,1135,831,404,252,-2,-56,100,229,544,742,1158,1328,1547,1566,1497,1276,933,632,309,69,-2,44,106,398,683,1079,1403,1530,1607,1506,1355,1124,695,527,183,31,-54,119,267,528,877,1184
-385,-1839,-1025,1172,2280,1832,1356,832,-560,-1772,-1731,32,560,-1054,-1938,-255,1916,2334,1616,993,625,-1016,-2003,-1240,252,0,-1715,-1462,478,2396,1912,1321,1083,-38,-1557,-1949,-379,546,-788,-1834,-786,1337,2445,1777,1003,777,-672,-2080,-1628,186,458,-1257,-1926,-213,1925,2483,1626,1213,83,-1162,-2092,-1073,431,-287
-1257,-792,-368,81,359,526,539,343,-132,-551,-1099,-1474,-1841,-1837,-1875,-1590,-1181,-682,-172,222,486,623,454,212,-254,-725,-1219,-1579,-1867,-1826,-1782,-1497,-986,-511,-19,316,529,537,377,70,-422,-941,-1344,-1692,-1879,-1890,-1648,-1285,-851,-361,131,464,603,482,278,-145,-667,-1038,-1501,-1769,-1950,-1727,-1552,-1157
1305,2457,2006,187,-763,-593,903,1915,2186,3425,3325,1569,404,1252,2399,1675,586,-682,25,945,2038,2969,3355,2855,2245,1046,934,2835,2666,888,-935,-463,1105,1697,2967,3689,3175,1528,921,1329,2287,2195,667,-357,-181,1079,1790,2684,3567,3141,1560,513,1029,2364,2214,818,-1033,-372,920,2344,2993,2903,3105,1507
39,947,1689,2203,2398,2082,1444,595,-254,-1078,-1388,-1494,-1058,-347,499,1367,2044,2300,2241,1880,1074,217,-656,-1258,-1499,-1326,-789,31,932,1750,2227,2372,2109,1528,608,-280,-981,-1430,-1476,-1098,-442,473,1297,1994,2343,2306,1930,1037,222,-624,-1302,-1546,-1422,-791,17,827,1758,2249,2331,2112,1514,639,-217,-966
-6099,-6129,-3417,-594,1643,847,-1871,-3158,-2990,307,2696,2841,1448,-860,-2753,-4044,-5556,-6458,-4837,-1576,1008,1519,-382,-2763,-3314,-1187,1556,2967,2874,260,-2105,-3989,-5223,-6038,-5739,-3288,203,1481,589,-2179,-3342,-1891,782,2838,2920,953,-1442,-2891,-4877,-6116,-6031,-4386,-1163,1043,1212,-1299,-3023,-2727,-115,2290,3177,1969,-734,-2027
-305,573,1708,2769,3576,4047,4133,3661,2830,1800,727,-165,-831,-1078,-740,-49,962,2072,3031,3775,4150,4039,3469,2591,1390,423,-466,-936,-1004,-604,191,1253,2389,3332,3927,4186,3849,3166,2180,1050,50,-688,-993,-956,-391,601,1577,2682,3601,4025,4100,3741,2959,1858,751,-161,-903,-1043,-751,-73,931,2025,3057,3776
-139,-99,-293,-451,-395,-430,124,1088,1028,1583,412,201,357,906,1211,1619,1078,471,166,-645,-394,-326,-761,-458,206,910,1280,1198,374,-77,675,769,1417,1870,1537,616,-198,-574,-428,-430,-478,-372,-112,1149,1311,1138,531,181,-52,959,1433,1885,992,763,-209,-682,-621,-342,-415,-523,-90,778,859,1078
-856,-458,69,466,1112,1525,1719,1884,1854,1598,1193,784,228,-271,-716,-1040,-1187,-1092,-849,-491,-63,572,1022,1375,1740,1901,1901,1650,1231,750,280,-220,-686,-1007,-1144,-1167,-922,-571,-31,344,927,1413,1704,1861,1885,1658,1382,882,282,-165,-555,-958,-1126,-1117,-974,-646,-145,381,823,1287,1681,1800,1881,1700
-340,-1795,-2159,-1083,-240,-99,-1129,-3046,-2733,-2683,-1949,-1679,-1153,105,1305,1652,674,-1333,-2152,-1407,-620,31,-885,-2036,-3069,-3014,-2580,-2235,-1464,-777,256,1890,1415,-442,-1506,-1545,-965,156,-160,-1220,-2702,-3447,-2551,-2024,-2281,-1238,-656,1091,1319,626,-939,-1691,-1494,-396,175,-559,-1890,-2473,-3112,-2366,-2051,-1943,-645,660
-1409,-1683,-1897,-1864,-1783,-1474,-1064,-678,-219,200,527,743,812,839,567,242,-194,-634,-1038,-1425,-1751,-1854,-1831,-1677,-1374,-976,-546,-53,299,642,853,954,753,614,166,-256,-725,-1162,-1454,-1725,-1863,-1818,-1704,-1332,-905,-404,-64,406,698,891,882,743,560,140,-289,-797,-1230,-1563,-1769,-1886,-1771,-1600,-1260,-772
869,548,-221,-963,-720,435,-347,-1225,-1655,-1685,-1489,-964,663,1035,864,-350,-306,44,246,46,-1335,-1438,-1827,-1223,-134,1224,996,-745,-650,-358,500,81,-658,-1435,-1592,-1709,-841,581,732,9,-266,-400,631,586,-640,-846,-1558,-1978,-1127,8,660,971,-214,-472,-273,463,154,-991,-1121,-1503,-1845,-594,349,994
-1036,-1245,-1320,-1039,-640,-150,292,645,771,792,528,45,-391,-826,-1154,-1296,-1215,-988,-616,-27,418,672,741,637,282,-62,-515,-965,-1293,-1326,-1140,-836,-386,79,492,740,747,620,217,-237,-674,-1006,-1257,-1282,-1079,-643,-332,241,605,768,709,506,112,-354,-865,-1188,-1233,-1196,-953,-575,-3,372,591,780
3405,2345,-113,-1496,-2079,-1801,-1325,-955,-1322,-1347,-1709,-2238,-2254,-2291,-2802,-1486,486,2265,3121,1773,169,-1806,-2262,-1873,-1209,-1262,-1334,-1531,-1716,-2282,-2620,-2774,-2676,-1464,982,2237,2860,1853,105,-1542,-1952,-1996,-1465,-853,-905,-1404,-1642,-2143,-2735,-2822,-2348,-1134,656,2503,3021,1955,65,-1499,-2134,-1890,-1230,-729,-1532,-1881
435,658,888,911,960,874,739,560,274,34,-106,-368,-400,-347,-278,-31,146,461,586,809,996,957,895,774,520,296,64,-91,-268,-385,-352,-198,-64,156,363,637,726,971,958,865,727,501,255,8,-191,-323,-330,-349,-292,-1,207,435,730,873,976,1018,871,762,498,300,12,-140,-383,-374
2,548,2563,2190,2520,676,-83,-888,-592,-155,837,1330,2733,4414,5671,6010,3928,1723,589,70,1188,2531,2583,1708,249,-1329,-1007,-715,241,565,1769,3086,5058,5577,5581,3773,1162,185,-104,1518,2485,2358,1349,-265,-690,-1056,-189,434,713,1937,3406,4880,5597,5212,3241,1002,-2,286,1839,2671,2516,1254,417,-831
-222,383,787,913,797,300,-270,-919,-1428,-1686,-1711,-1442,-822,-238,311,696,928,660,361,-286,-800,-1385,-1671,-1735,-1461,-927,-237,268,778,957,791,381,-176,-852,-1407,-1750,-1706,-1418,-940,-348,253,682,937,762,391,-187,-833,-1387,-1658,-1775,-1505,-962,-353,203,655,865,804,420,-99,-779,-1323,-1664,-1680,-1489
1189,-1485,-3197,-2035,379,2784,2813,2206,1520,1759,1250,665,953,1158,844,-1294,-3120,-2282,569,2781,2916,2240,1012,720,1104,728,1100,1285,923,-1176,-2514,-2558,604,3430,3184,1911,1382,1123,1393,851,1364,1536,878,-1469,-2844,-1708,1113,3055,3045,2150,1338,1519,777,632,1361,1564,1490,-1162,-3430,-2441,645,3141,3373,1642
710,1059,1280,1573,1596,1461,1171,911,583,263,146,132,245,479,797,1205,1490,1494,1476,1326,1095,791,408,177,94,196,356,663,983,1327,1494,1566,1507,1240,928,571,272,46,71,259,421,848,1138,1427,1531,1525,1393,1136,750,409,236,61,118,379,593,1008,1324,1494,1563,1518,1276,936,603,384
252,147,403,615,897,694,1044,2036,2245,1496,601,-231,-538,-482,351,333,79,125,-279,218,636,796,562,951,1729,2564,2192,1298,69,-539,-909,-24,149,551,215,35,-66,228,267,620,790,1335,2166,2235,2008,588,64,-1054,-518,-260,83,274,142,226,564,736,491,612,1172,1881,1995,2255,1275,313
-1951,-1488,-855,-278,302,460,371,-3,-553,-1242,-1760,-2136,-2231,-2020,-1468,-837,-248,237,406,352,-52,-612,-1291,-1835,-2264,-2230,-1955,-1479,-781,-241,217,414,303,24,-653,-1261,-1842,-2172,-2206,-1941,-1367,-822,-240,247,486,387,-67,-646,-1329,-1826,-2205,-2205,-1976,-1412,-791,-193,249,443,325,-94,-657,-1213,-1841,-2170
-568,-840,504,1864,1174,-357,828,3762,5509,5433,3254,1352,107,-509,-719,948,1939,916,228,1545,4956,5689,5030,2456,724,-106,-917,45,1260,1467,-107,425,2972,5117,5419,4036,2322,659,-959,-493,749,1912,1270,-265,1392,4146,5728,4938,3155,1754,-71,-1339,-103,1065,1777,562,-118,2714,5263,5193,4433,1703,762,-576
1064,1606,1958,2120,2007,1638,1172,482,-193,-857,-1334,-1669,-1726,-1623,-1274,-716,-88,615,1235,1734,2014,2069,1891,1436,937,219,-442,-1055,-1497,-1757,-1811,-1501,-1022,-470,197,833,1447,1829,2072,2093,1680,1318,764,25,-671,-1221,-1606,-1675,-1727,-1401,-851,-272,498,1085,1637,1937,2032,1965,1628,1139,424,-195,-802,-1285
2367,3241,2940,2486,1210,866,1415,1472,1506,981,751,574,1247,2005,2954,3409,2611,1465,1111,1400,1367,1524,1149,798,775,1054,1132,2344,3235,3088,2490,1281,1277,1245,1461,1530,972,992,747,943,1986,3157,3412,2601,1472,1136,996,1613,1352,1439,551,1060,1030,1714,2745,3539,3191,2068,1330,1253,1691,1658,1290,1060
-2691,-2106,-1439,-714,-76,252,261,-63,-709,-1425,-2110,-2629,-2819,-2789,-2242,-1639,-815,-211,181,300,59,-528,-1153,-1920,-2505,-2851,-2830,-2432,-1794,-1062,-414,100,271,179,-380,-1002,-1721,-2356,-2756,-2844,-2582,-2024,-1296,-571,12,270,216,-89,-798,-1580,-2141,-2704,-2905,-2669,-2213,-1483,-754,-118,273,292,-10,-569,-1330,-1932
86,325,572,450,804,183,182,388,-459,-788,-201,1345,1816,2110,1735,627,453,486,542,196,59,498,339,-30,-527,-368,440,1336,2031,1438,952,570,262,465,572,486,24,118,46,-413,-1066,-299,995,1756,2318,1446,849,80,459,337,274,-42,53,605,474,-691,-583,62,1086,2251,2161,924,537,177
-1792,-1478,-1197,-985,-811,-785,-766,-952,-1126,-1459,-1740,-2002,-2161,-2222,-2222,-2075,-1909,-1621,-1339,-1090,-946,-792,-805,-850,-1074,-1319,-1569,-1876,-2080,-2217,-2292,-2125,-2002,-1768,-1479,-1255,-937,-835,-760,-800,-937,-1188,-1443,-1732,-1982,-2159,-2241,-2217,-2085,-1885,-1588,-1294,-1113,-822,-757,-764,-956,-1078,-1362,-1642,-1855,-2075,-2199,-2307
-724,-1215,-904,387,1007,2949,3108,1355,397,781,2325,1602,-405,-970,-1169,-371,-24,1889,3002,2766,899,403,1257,1753,1024,196,-787,-458,-116,675,2257,3047,1682,743,452,1733,1805,684,-592,-1103,-495,-67,1273,2708,2839,1330,-48,287,1913,1647,-376,-1197,-1109,-558,295,2056,2791,2392,865,-341,1533,2094,1177,-401
-352,-369,-460,-690,-891,-1218,-1481,-1760,-1774,-1701,-1466,-1143,-894,-620,-394,-346,-377,-642,-904,-1249,-1497,-1723,-1742,-1684,-1437,-1153,-856,-587,-441,-378,-464,-656,-963,-1265,-1481,-1696,-1726,-1643,-1404,-1130,-839,-648,-387,-354,-502,-673,-947,-1257,-1519,-1685,-1802,-1665,-1424,-1112,-800,-591,-342,-367,-476,-682,-946,-1340,-1584,-1713
-6011,-4078,-2632,-576,966,1976,1195,-1978,-3325,-1708,982,985,-1649,-5450,-6797,-5959,-3797,-2184,-369,1330,2095,526,-2283,-3019,-877,1161,862,-2583,-6316,-6710,-4985,-3162,-1643,247,1571,2049,-470,-2797,-2806,-828,1718,-52,-3537,-6437,-6390,-4729,-2774,-1510,477,2181,1308,-1079,-3100,-2482,106,1317,-935,-4265,-6623,-5967,-4600,-2853,-847,1099
269,13,-450,-1026,-1450,-1779,-1996,-1936,-1621,-1234,-622,-179,171,251,199,-146,-596,-1090,-1679,-1916,-2022,-1892,-1508,-978,-472,2,308,301,133,-223,-753,-1325,-1729,-1988,-2055,-1766,-1257,-861,-315,91,300,261,86,-392,-935,-1409,-1850,-1920,-1963,-1623,-1181,-703,-176,94,307,237,-83,-565,-1122,-1499,-1931,-2018,-1895,-1593
986,366,196,-361,-556,226,36,-2255,-3818,-2633,917,2282,1458,420,173,-286,-479,242,371,-1627,-4173,-2755,346,2182,1598,455,25,-49,-326,196,309,-1561,-3520,-2951,54,2225,1466,527,176,-1,-377,-6,314,-1086,-3449,-3389,-499,1992,1944,587,171,-72,-742,-78,409,-741,-3330,-3603,-900,1836,2069,649,217,-2
-280,370,1104,1842,2486,2946,3099,2882,2458,1912,1125,344,-370,-755,-1036,-1036,-665,-214,481,1237,1952,2604,2959,3031,2812,2398,1715,972,220,-408,-853,-1091,-1000,-631,-34,608,1389,2018,2656,3008,3071,2800,2315,1680,969,182,-467,-865,-1057,-889,-546,36,737,1548,2192,2750,3027,2983,2729,2214,1531,766,29,-541
-885,2822,4847,3459,267,-1322,-1422,-1741,-2731,-2792,-1550,-385,-1046,-2583,-1674,1666,4701,3937,1153,-1168,-1412,-1667,-2643,-3012,-1725,-729,-892,-2304,-2402,678,4057,4663,1815,-669,-1468,-1428,-1891,-2877,-2248,-767,-403,-2056,-2717,-227,3357,4865,2939,-177,-1570,-1360,-2048,-2689,-2532,-1162,-345,-1710,-2577,-1300,2541,4816,3604,518,-1188,-1573
-3431,-3004,-2333,-1446,-687,37,219,246,-49,-713,-1475,-2339,-3036,-3392,-3523,-3160,-2571,-1788,-951,-256,256,353,79,-491,-1164,-2048,-2783,-3376,-3491,-3340,-2793,-2144,-1311,-551,90,302,253,-214,-946,-1784,-2555,-3187,-3424,-3463,-3142,-2394,-1543,-779,-50,292,327,10,-578,-1441,-2306,-2913,-3375,-3527,-3300,-2644,-1915,-1092,-321,151
-2965,-1506,-509,-713,-1781,-1773,-756,-141,218,-173,-922,-2339,-2928,-2343,-882,-673,-1095,-1641,-1604,-638,28,222,-22,-1499,-2683,-3114,-2219,-1086,-239,-1043,-1551,-1114,-497,193,347,-414,-1767,-2787,-3022,-1760,-931,-482,-1448,-1877,-1256,-139,372,382,-697,-1835,-2590,-2853,-1642,-386,-468,-1415,-1532,-693,-26,471,-18,-894,-1893,-2750
-808,-74,609,1074,1282,1128,752,92,-610,-1188,-1447,-1295,-915,-362,379,968,1260,1209,900,286,-392,-948,-1358,-1408,-1111,-492,129,791,1194,1347,1039,516,-218,-791,-1345,-1357,-1190,-729,4,574,1164,1282,1190,693,36,-707,-1164,-1486,-1370,-884,-263,473,1022,1265,1239,801,224,-487,-1013,-1359,-1370,-1000,-418,193
4462,1742,-2199,-3458,-1098,2138,3282,1895,1003,1929,2933,3293,4046,4893,4162,1323,-2540,-3323,-527,2821,3354,1783,1261,2134,2875,3698,4203,4834,4443,542,-3204,-2869,-220,2899,2878,1914,1428,2014,3011,3439,4058,5313,3779,-95,-2871,-2959,407,2780,3079,1865,1274,1935,3044,3766,4387,5035,3250,-920,-3233,-2555,976,3346,3013,1391
-1491,-2419,-3029,-3345,-3198,-2644,-1880,-975,-229,351,486,174,-380,-1260,-2118,-2831,-3230,-3320,-2858,-2130,-1332,-410,241,497,362,-146,-920,-1799,-2632,-3111,-3342,-2999,-2383,-1575,-753,61,390,413,48,-603,-1573,-2379,-3033,-3253,-3194,-2678,-1850,-959,-208,367,513,242,-411,-1181,-2170,-2803,-3309,-3304,-2842,-2127,-1244,-453,189,466
-954,96,1000,1556,1384,1701,1333,1730,2070,2916,3120,2088,116,-1336,-520,54,1063,1041,1460,1371,1759,1681,2228,2876,2789,1702,-422,-1439,-805,402,1130,1098,1679,1627,2181,1921,2215,3173,3074,1303,-369,-1357,-593,174,917,1191,1320,1611,1670,1664,2260,2719,2657,1609,-443,-1284,-485,510,821,1206,1335,2089,1718,1634
919,1682,2295,2501,2418,1932,1290,396,-417,-1048,-1455,-1469,-1097,-604,273,1076,1776,2293,2474,2440,1862,1171,319,-512,-1170,-1434,-1443,-1073,-525,367,1162,1954,2419,2508,2274,1725,983,170,-729,-1302,-1487,-1397,-906,-323,522,1335,2005,2421,2566,2186,1698,777,-101,-866,-1293,-1539,-1368,-909,-183,722,1509,2058,2451,2428
1132,844,184,-2110,-3939,-3861,-1633,-952,-2258,-4125,-3283,-701,1317,1481,904,-603,-2757,-4354,-3191,-1668,-642,-2870,-4444,-2784,-477,1098,1019,509,-1057,-3053,-4251,-3183,-878,-1208,-3356,-4121,-2479,78,1354,1122,412,-973,-3158,-4295,-2799,-824,-1788,-3386,-3749,-2129,535,1436,865,342,-1226,-3412,-4355,-2322,-1253,-1752,-3411,-3517,-1681,504
291,-358,-1065,-1635,-1975,-2087,-1827,-1311,-609,41,658,1047,1138,911,435,-143,-848,-1516,-1971,-2026,-1885,-1503,-764,-168,473,974,1097,1011,641,9,-649,-1318,-1799,-2034,-1930,-1614,-1033,-334,320,834,1142,1079,785,230,-408,-1117,-1637,-1997,-2035,-1846,-1254,-584,110,680,1027,1113,861,375,-232,-895,-1553,-1982,-2118,-1830
-2224,-3828,-4779,-4378,-2336,-770,424,260,59,-392,-1149,-2130,-2670,-2707,-2411,-1742,-2496,-3484,-4920,-4471,-2587,-716,389,466,-115,-226,-1242,-1917,-2547,-2676,-1779,-1857,-2643,-4113,-4558,-4690,-2411,-633,560,293,67,-596,-1322,-1785,-2796,-2448,-1748,-1541,-2890,-4084,-4649,-4017,-2286,-567,394,628,-75,-766,-1531,-1872,-2644,-2453,-1911,-1534
-1077,-1440,-1443,-1208,-783,-180,689,1404,2151,2709,3004,3176,2939,2577,1894,1217,450,-276,-977,-1270,-1482,-1394,-1028,-363,281,1103,1832,2399,2963,3078,3096,2778,2154,1546,735,19,-744,-1217,-1464,-1486,-1121,-660,-20,718,1575,2294,2737,3145,3142,2992,2460,1751,1031,211,-518,-988,-1335,-1447,-1305,-856,-198,526,1287,2015
610,589,805,218,-649,-1550,-711,733,2394,2649,1208,772,86,368,533,418,397,-201,-538,-1449,-1021,1166,2551,1923,1196,1058,323,471,440,572,258,-494,-1381,-1177,-412,1442,2536,2230,1177,28,595,468,135,311,144,-535,-1540,-1168,147,2125,2900,1621,668,553,754,442,592,325,164,-733,-1376,-819,876,2309
-2497,-2541,-2350,-2075,-1793,-1502,-1294,-1238,-1131,-1276,-1318,-1623,-1817,-2148,-2351,-2517,-2603,-2555,-2434,-2235,-2036,-1777,-1538,-1359,-1214,-1086,-1227,-1380,-1604,-1890,-2111,-2317,-2531,-2666,-2617,-2504,-2284,-2061,-1782,-1492,-1307,-1211,-1070,-1237,-1389,-1590,-1853,-2137,-2385,-2524,-2629,-2579,-2444,-2258,-1962,-1735,-1489,-1292,-1206,-1159,-1192,-1436,-1555,-1941
5399,4772,1548,-1019,-3298,-3694,-2574,732,1881,-207,-2174,-809,3385,5297,3867,881,-2187,-3499,-3349,-1565,900,1731,-1277,-2370,508,4545,5654,2849,-363,-2604,-3326,-2921,-754,1614,1221,-1865,-1970,1212,5007,5599,2181,-1032,-3146,-3772,-2576,221,1613,367,-2140,-1423,2506,5502,4365,1185,-1644,-3162,-3691,-1934,453,1880,-258,-2417,-244,3666
1249,1550,1529,1554,1314,839,252,-191,-579,-819,-838,-685,-252,155,654,1145,1404,1632,1623,1401,949,495,11,-399,-731,-824,-672,-459,-14,500,950,1357,1583,1659,1475,1066,674,123,-359,-640,-908,-770,-563,-232,310,764,1248,1469,1618,1539,1279,956,384,-115,-509,-741,-841,-695,-347,146,542,1077,1452,1579
-1693,-732,222,167,-196,-1155,-993,-82,1174,1103,4,-1939,-3097,-3092,-2346,-2002,-1494,-970,-93,217,-434,-1477,-1359,144,978,699,-414,-1926,-3352,-3285,-2498,-2162,-1511,-718,-258,419,-325,-1499,-1197,133,1278,917,-859,-2478,-3254,-2806,-2563,-1323,-1474,-603,102,285,-637,-1358,-1006,321,1419,655,-1141,-2499,-3350,-2798,-2326,-2100
1204,2170,3126,3523,3588,3093,2171,1185,297,-206,-349,190,1050,2153,3028,3552,3595,3136,2337,1225,369,-243,-318,195,990,1908,2973,3563,3649,3202,2371,1373,370,-219,-288,90,923,1940,2855,3515,3698,3261,2398,1446,441,-212,-294,53,794,1917,2753,3513,3648,3273,2497,1485,572,-95,-353,-14,816,1769,2737,3436
-2714,-3552,-4202,-2644,-1095,1094,814,254,-486,-980,-1160,-1684,-1750,-2303,-1771,-2069,-2203,-2898,-3612,-3618,-2787,-607,558,244,306,-785,-846,-1417,-1781,-1484,-1671,-2167,-1415,-2108,-2395,-3698,-3740,-3163,-798,271,683,474,-515,-382,-1566,-1577,-1827,-1684,-1775,-1402,-2089,-2528,-3522,-3903,-3002,-1359,206,543,617,-537,-1436,-1065,-1671,-1735
1668,942,92,-452,-850,-880,-655,-126,588,1476,2072,2628,2988,2927,2539,2025,1245,371,-264,-718,-842,-787,-376,225,1077,1866,2444,2918,2974,2738,2277,1615,797,-43,-498,-867,-841,-606,-3,714,1451,2226,2692,2972,2936,2482,1938,1110,399,-280,-735,-973,-778,-331,291,1212,1934,2579,2890,2961,2750,2220,1487,746
1158,1102,771,670,288,543,455,362,265,152,517,532,123,-573,-1528,-1614,-364,320,1141,1342,618,227,270,592,730,303,101,132,483,418,157,-1058,-1606,-1487,-509,449,994,1172,613,609,354,716,512,235,120,262,553,532,36,-839,-1588,-1536,-1081,312,1191,1112,671,575,587,364,564,435,99,17
-4356,-4304,-4010,-3279,-2359,-1430,-624,31,342,293,-37,-808,-1672,-2716,-3436,-4113,-4402,-4306,-3837,-3158,-2213,-1346,-434,93,371,282,-121,-870,-1807,-2716,-3567,-4081,-4369,-4211,-3846,-3052,-2128,-1229,-430,168,409,288,-241,-970,-1961,-2840,-3688,-4151,-4379,-4214,-3708,-2962,-1990,-1117,-341,144,422,120,-375,-1063,-2067,-2977,-3706,-4237
4078,2242,1166,965,1629,1907,1561,651,410,736,1079,378,-283,-335,1313,3301,5110,5650,3778,2140,934,1362,1748,1973,1445,710,596,716,860,231,-434,-148,1652,3937,5645,5234,3473,1900,847,1443,2032,1854,1222,625,744,975,832,-68,-502,112,2066,4497,5647,5002,3017,1303,1166,1616,1664,1647,776,410,813,1067
1341,1700,2011,2326,2626,2861,2986,2995,2990,2707,2351,2031,1693,1420,1129,973,930,1041,1242,1490,1765,2141,2412,2754,2914,2966,3050,2870,2589,2344,1947,1629,1301,1062,906,932,1042,1230,1528,1799,2178,2552,2796,2934,3012,2990,2813,2558,2278,1911,1565,1317,1138,925,1008,1097,1232,1585,1854,2305,2514,2793,2984,2993
2540,1154,-220,-1064,-650,-24,489,1228,2029,2862,3133,2886,1875,1084,1367,2415,3383,2865,1690,149,-769,-927,-302,490,819,1513,2537,3303,3138,2280,1547,1310,1921,3021,3172,2274,631,-563,-798,-462,285,742,1363,2084,2831,3098,2665,1702,1260,1829,2609,3426,2777,1330,-240,-816,-721,-119,659,1106,1797,2592,3310,2903
166,929,1519,1911,1999,1713,1183,512,-224,-853,-1234,-1274,-866,-318,377,1042,1636,1966,1904,1596,1009,288,-445,-913,-1217,-1117,-796,-226,553,1193,1727,1963,1888,1463,829,139,-551,-1023,-1291,-1049,-692,-42,689,1366,1798,1984,1792,1361,679,-48,-625,-1143,-1220,-1024,-580,167,856,1511,1841,1948,1674,1213,476,-223
995,1937,1976,1481,1500,2042,2162,2179,1854,-286,-911,-1215,-23,1194,1678,1541,2186,1938,1876,1504,1762,1866,2694,2558,1388,-558,-1294,-438,485,1979,1729,1496,1715,1754,1925,1500,1786,1962,2543,1818,569,-965,-1127,-142,750,1485,1460,1777,1544,1802,1588,1179,1610,2453,2362,1850,-109,-1213,-1232,18,1132,1836,1849,1805
480,724,953,985,1019,883,630,382,113,-125,-279,-363,-339,-139,58,350,671,783,936,1025,961,826,638,222,-22,-172,-312,-308,-260,-79,198,519,695,868,970,1085,906,660,482,175,-65,-255,-341,-378,-227,63,297,499,723,872,999,897,839,688,385,113,-104,-305,-341,-308,-132,101,407,542
-3728,-3586,-2889,-538,1919,2770,1786,-688,-2630,-2972,-1906,-1259,-1388,-2147,-3647,-3704,-3469,-2846,-1278,1408,2893,2267,-235,-2652,-2651,-1813,-1071,-1465,-1961,-2730,-3688,-3775,-3117,-1536,1133,2570,2367,316,-2077,-3066,-2227,-757,-838,-1737,-2698,-3394,-3590,-3174,-1815,698,2408,2432,527,-1663,-2954,-2180,-1213,-1119,-1787,-2540,-2782,-3566,-3274,-2418
-473,-1093,-1493,-1424,-1050,-318,583,1468,2341,2800,2967,2758,2207,1439,528,-283,-1065,-1445,-1486,-1100,-410,463,1420,2248,2754,3001,2823,2332,1549,671,-271,-981,-1361,-1477,-1193,-562,358,1259,2113,2700,2998,2889,2365,1651,673,-137,-942,-1393,-1443,-1125,-621,204,1152,2051,2747,2919,2981,2461,1817,909,-67,-839,-1384,-1442
-986,-1335,-1370,-365,1209,2062,1684,-938,-3936,-5153,-4441,-3006,-1723,-667,-545,-556,-217,-1108,-1109,-1120,155,1888,2175,991,-1582,-4016,-5268,-4434,-2576,-1304,-534,-621,-578,-678,-919,-1123,-758,752,1983,1859,-303,-2704,-4811,-5304,-4024,-2021,-1214,-821,-424,-444,-513,-1102,-1189,-657,640,2170,1538,-98,-3315,-4772,-4998,-3669,-2015,-815
-2359,-2878,-3157,-2968,-2430,-1703,-777,-59,494,651,349,-302,-1021,-1931,-2672,-3114,-3070,-2811,-2160,-1288,-437,156,555,550,113,-587,-1453,-2336,-2920,-3184,-2971,-2509,-1778,-932,-82,389,664,408,-138,-972,-1788,-2582,-3073,-3107,-2808,-2160,-1363,-404,247,579,576,159,-528,-1370,-2125,-2846,-3103,-3027,-2550,-1792,-971,-124,446,632
204,-142,169,1147,2201,2245,1989,1066,188,-533,-884,-1810,-1515,-1197,-365,649,1521,332,237,-552,335,547,2055,2045,1622,1393,343,-159,-647,-928,-1649,-1336,-364,504,965,912,407,-98,-20,1074,1631,2127,2119,1081,463,-63,-987,-1343,-1664,-1249,-544,307,1084,1051,213,-152,-194,437,1608,2059,2334,1343,377,-257
-833,-92,544,1421,2234,2677,2924,2740,2249,1467,557,-249,-812,-979,-856,-260,439,1342,2075,2699,2897,2714,2300,1555,591,-181,-664,-1019,-898,-423,329,1215,2057,2621,2949,2803,2386,1611,806,8,-707,-944,-937,-478,228,1058,1886,2537,2802,2898,2518,1826,893,21,-600,-993,-999,-604,60,943,1788,2463,2941,2879
2708,941,-1051,-2705,-2310,-1369,1074,2104,2024,2428,2366,1984,1246,294,1152,1687,2825,1790,-51,-2340,-2313,-1705,4,1454,2006,2125,2268,1984,1356,1057,299,1639,2170,1997,327,-1373,-2711,-2094,-391,567,1994,1991,2208,1954,1964,1094,460,1316,1841,2149,1179,-893,-3099,-2667,-1237,644,1300,2212,2242,2366,1831,1393,538,1591
-754,-714,-156,554,1401,2142,2670,2763,2376,1804,913,144,-521,-741,-595,-60,749,1564,2232,2658,2625,2265,1559,653,-157,-636,-780,-556,100,879,1768,2390,2679,2635,2106,1358,499,-228,-696,-760,-450,347,1102,1925,2465,2721,2520,1931,1195,382,-407,-752,-739,-230,445,1236,1993,2574,2765,2444,1731,943,153,-453
1136,1409,2271,1782,1838,1950,2088,2411,2739,2711,2647,2879,2525,1533,107,-241,-342,871,1959,2223,2452,2043,1898,2300,2657,2401,2414,2735,2944,2108,997,389,-527,410,1000,1877,2417,2218,2122,1804,2363,2400,2565,3056,2872,2525,1850,1285,79,-528,74,1433,2274,2159,2335,1940,2069,2338,2769,3115,2548,2810,2606,1832
-880,-935,-682,-213,392,1022,1631,2021,2192,2110,1816,1204,611,33,-507,-757,-906,-691,-366,244,904,1509,1927,2187,2138,1875,1354,808,128,-390,-794,-911,-788,-452,139,768,1326,1821,2072,2163,1981,1487,888,258,-295,-693,-851,-884,-590,-37,602,1201,1771,2109,2251,2023,1614,1083,445,-163,-637,-909,-949,-608
1739,429,-150,566,1464,1460,1186,761,692,381,420,366,272,1379,2285,4195,4821,4169,2456,1261,-270,-82,557,1387,1629,1336,790,662,558,152,350,812,1760,2997,4425,4611,3962,1964,522,-210,260,834,1669,1521,1032,559,657,568,353,644,999,2514,3696,4582,4648,3200,1205,257,-171,433,805,1702,1475,1173
2516,3011,3269,3215,2905,2386,1644,834,72,-569,-1050,-1148,-972,-669,-36,736,1503,2238,2887,3129,3267,3031,2613,1929,1138,341,-297,-845,-1124,-1125,-805,-345,476,1196,2004,2612,3045,3284,3172,2796,2191,1472,659,-129,-699,-1065,-1174,-939,-484,204,905,1717,2451,2935,3241,3291,2973,2451,1745,1008,120,-525,-948,-1104
-2691,-4752,-6800,-5572,-639,3079,2558,-730,-2265,-704,1214,878,-818,-1764,-2807,-4791,-6786,-5603,-1106,2933,2638,-435,-1998,-888,954,951,-674,-1823,-2631,-4863,-6883,-5577,-1327,2859,2921,-489,-2004,-946,858,998,-672,-1832,-2593,-4724,-6619,-5847,-1412,2695,2947,23,-2157,-1220,958,943,-592,-1698,-2484,-4468,-6671,-5963,-1527,2741,3070,-104
-794,-1421,-2259,-2911,-3412,-3630,-3537,-3008,-2318,-1552,-885,-448,-151,-306,-799,-1468,-2243,-2937,-3460,-3642,-3504,-3014,-2352,-1611,-849,-402,-203,-388,-739,-1483,-2261,-2950,-3393,-3621,-3463,-2990,-2404,-1567,-814,-410,-222,-398,-729,-1421,-2248,-2974,-3442,-3666,-3512,-3081,-2344,-1567,-882,-438,-245,-352,-757,-1473,-2238,-2962,-3458,-3658,-3461,-3044
2129,1093,-778,-2081,-1779,-75,667,373,-552,-1899,-3344,-4735,-6072,-5329,-3141,-290,2095,2233,379,-1669,-2048,-1227,552,577,242,-957,-2420,-4231,-5095,-5523,-4709,-2180,892,2313,1366,-653,-2055,-2172,-701,483,693,-351,-1886,-2886,-4793,-5635,-5255,-3641,-646,1821,2012,730,-1535,-2475,-1170,-14,741,68,-837,-2016,-3884,-4968,-5747,-4958
2009,2850,3416,3624,3356,2769,2082,1089,254,-360,-743,-593,-204,530,1496,2371,3059,3472,3510,3278,2566,1732,756,-48,-556,-741,-559,111,850,1854,2663,3326,3537,3503,3073,2266,1442,493,-287,-734,-737,-338,297,1270,2076,2950,3461,3603,3387,2759,1939,1038,239,-450,-730,-680,-127,602,1484,2401,3081,3526,3528,3183
1118,814,-184,-420,86,128,-538,-1136,-1188,-1633,-1103,-155,1073,885,73,-363,-218,135,-297,-900,-1306,-1535,-1415,-311,906,1110,15,-436,-153,188,-286,-908,-1389,-1369,-1448,-536,668,967,340,-428,-78,294,11,-905,-1311,-1405,-1530,-803,438,1095,375,-395,-320,98,17,-638,-1211,-1480,-1395,-940,29,1160,679,-86
-513,219,1099,2091,2760,3294,3425,3267,2820,1973,1065,142,-588,-1134,-1378,-1225,-726,-79,852,1766,2591,3154,3424,3326,2867,2206,1277,398,-403,-1020,-1323,-1309,-1004,-263,536,1495,2348,2964,3399,3383,3052,2431,1642,698,-107,-859,-1240,-1401,-1104,-520,294,1168,2065,2816,3300,3440,3156,2662,1858,938,95,-677,-1129,-1362
1606,3299,3098,2621,1967,1171,78,-308,211,987,513,-960,-845,656,2581,3394,2620,1813,1419,343,-212,-51,1127,744,-658,-1334,49,2316,3383,3271,2345,1683,958,-207,14,729,1074,-106,-1084,-563,1483,3122,3345,2611,2065,1126,151,-328,651,819,460,-784,-1000,544,2868,3405,2934,2129,1430,534,-543,381,1091,978
-3778,-3328,-2496,-1389,-448,120,145,-355,-1246,-2197,-3173,-3760,-3898,-3500,-2677,-1593,-679,19,155,-189,-958,-2001,-3011,-3701,-3902,-3654,-2827,-1794,-869,-56,223,-50,-820,-1812,-2795,-3569,-3915,-3730,-3050,-1988,-1070,-235,132,61,-601,-1548,-2621,-3424,-3921,-3854,-3200,-2269,-1230,-431,99,66,-418,-1375,-2411,-3327,-3803,-3874,-3369,-2524
1000,-221,-97,1878,4025,5169,4399,2047,1082,581,150,-167,-452,1182,1586,1039,-184,-374,1164,3978,5362,4750,2621,1130,1111,376,-593,-15,586,1911,1492,152,-508,277,2856,4997,5132,3454,1574,1192,514,-129,-381,115,1242,1669,380,-327,-603,1948,3863,5006,4245,2257,906,403,191,-270,-87,940,1616,1725,-310,-536
-682,-522,-468,-533,-692,-935,-1192,-1447,-1734,-1888,-2034,-1916,-1947,-1730,-1476,-1192,-888,-691,-568,-471,-527,-677,-868,-1205,-1410,-1701,-1839,-2040,-2052,-1908,-1739,-1471,-1150,-937,-787,-542,-541,-529,-643,-861,-1142,-1298,-1634,-1873,-1978,-2069,-1918,-1696,-1553,-1216,-956,-724,-566,-453,-478,-706,-833,-1189,-1384,-1680,-1826,-2081,-2005,-2000
2727,2300,950,407,1471,2778,2734,1766,307,-676,-543,-242,-259,-24,1542,2597,2852,2219,1311,752,1344,2316,2604,2064,1202,161,-579,-836,-342,-20,710,1518,2493,2492,1805,1146,729,1904,2628,2940,1400,120,-586,-704,-116,-499,397,1459,2674,2837,2169,942,793,1273,2940,2832,2041,455,-94,-826,-683,273,557,1093
-2045,-1978,-1739,-1132,-443,342,1041,1623,1946,1990,1816,1267,577,-152,-1007,-1519,-1939,-2046,-1825,-1321,-683,164,904,1498,1888,1996,1898,1427,782,7,-765,-1351,-1860,-2032,-1828,-1452,-853,-47,651,1296,1804,2067,1885,1566,926,117,-570,-1345,-1765,-1964,-1960,-1586,-1010,-269,446,1209,1687,1992,1981,1690,1097,386,-401,-1139
396,1838,1547,345,-1565,-2310,-1476,50,235,-852,-2146,-3091,-3244,-2876,-2252,-1370,522,1701,1674,130,-1381,-2129,-1477,-169,260,-650,-2135,-3332,-3349,-2872,-2106,-835,406,1675,1938,355,-1365,-2170,-1671,-256,255,-575,-2014,-3015,-3332,-2808,-2166,-1220,334,1382,1947,673,-1254,-1985,-1537,-490,257,-304,-1885,-2913,-3325,-3160,-2433,-1155
-232,-708,-1097,-1390,-1472,-1385,-1097,-773,-242,304,729,1208,1372,1456,1430,1040,727,229,-253,-790,-1285,-1487,-1487,-1329,-1060,-655,-85,347,865,1245,1449,1435,1250,955,646,48,-430,-904,-1206,-1434,-1486,-1310,-980,-517,-25,482,932,1256,1485,1427,1269,963,473,-46,-507,-1003,-1301,-1490,-1447,-1289,-919,-429,132,629
-1866,-1265,-273,-613,-1468,-2200,-2369,-3413,-4139,-4639,-3512,-1134,-13,285,-1568,-2184,-1420,-496,-513,-1043,-1762,-2368,-2804,-3654,-4257,-4225,-2474,-706,468,-505,-1781,-2021,-1034,-249,-793,-1515,-2294,-2659,-3220,-4214,-4677,-3358,-1266,-32,-217,-1393,-1780,-1579,-583,-464,-1215,-2147,-2364,-2790,-3733,-4816,-4365,-2682,-510,462,-586,-1482,-2417,-1112
1100,727,-94,-1070,-2060,-2870,-3364,-3480,-3062,-2324,-1371,-352,418,1017,1186,802,93,-855,-1866,-2728,-3271,-3447,-3131,-2541,-1569,-603,336,954,1114,923,216,-670,-1683,-2617,-3221,-3416,-3217,-2619,-1706,-738,215,855,1199,943,354,-520,-1535,-2500,-3188,-3379,-3303,-2710,-1886,-893,27,786,1168,958,514,-365,-1331,-2279,-3099,-3438
-1594,-2439,-2490,-2303,-1640,-1146,-587,-326,-752,-1455,-1355,-530,56,182,-512,-1691,-2297,-2504,-2202,-2070,-1238,-904,-451,-1070,-1237,-1227,-888,-46,151,-244,-1352,-2338,-2411,-2281,-1895,-1287,-730,-544,-736,-1241,-1371,-701,-131,319,-498,-1488,-2318,-2507,-2539,-1847,-1305,-636,-334,-504,-1164,-1459,-895,0,65,-175,-1242,-1933,-2695,-2469
2521,1932,1242,575,-5,-280,-369,-113,322,1056,1744,2471,2951,3219,3232,2939,2459,1811,1057,372,-144,-359,-359,-39,547,1153,1927,2583,3024,3188,3176,2923,2335,1631,917,294,-172,-384,-264,132,587,1350,2060,2687,3088,3275,3145,2754,2162,1487,699,182,-201,-386,-230,135,815,1540,2168,2799,3138,3294,3044,2651
883,3188,4805,5565,5150,2287,-989,-2320,-824,1132,2187,479,-1268,-1748,-205,2074,4480,5383,5221,3374,-3,-2125,-1723,2,2031,1584,-805,-1421,-790,1090,3375,5060,5729,4500,1764,-1125,-2010,-884,1457,1847,556,-1398,-1252,404,2394,4244,5693,5110,3290,132,-1704,-1818,856,1871,1309,-798,-1604,-752,1130,3485,5265,5670,4397,1264
2230,2240,1984,1425,780,108,-533,-854,-953,-791,-324,316,970,1581,2039,2294,2289,1918,1371,731,95,-538,-856,-926,-731,-272,261,1043,1616,2034,2304,2193,1890,1373,734,22,-572,-812,-990,-764,-332,256,977,1587,2059,2271,2190,1893,1327,760,-10,-533,-873,-1003,-765,-330,288,967,1606,2081,2303,2281,1903,1404
-1590,-1425,-1684,-2119,-1990,-1804,-2626,-4258,-4976,-2012,1906,4130,2864,47,-2535,-2476,-1103,-897,-2179,-2018,-1497,-2792,-4081,-4968,-3026,1661,4006,3789,258,-2051,-2798,-900,-1268,-2095,-1998,-1969,-1746,-3776,-4797,-3426,1383,4006,3749,511,-1309,-2180,-1110,-953,-1719,-2362,-1914,-1696,-3428,-4845,-3802,-98,3336,4132,1571,-1475,-2842,-1721,-1081,-1499
-3284,-2780,-2076,-1384,-636,-36,277,400,227,-203,-778,-1526,-2289,-2889,-3270,-3584,-3418,-3098,-2545,-1769,-1111,-407,124,372,421,79,-432,-1117,-1795,-2563,-3080,-3431,-3543,-3350,-2882,-2260,-1511,-802,-161,251,353,283,-118,-708,-1405,-2109,-2751,-3286,-3474,-3501,-3182,-2664,-1970,-1218,-549,31,362,401,160,-377,-973,-1712,-2457,-2998
3214,1060,-428,-752,-444,-395,-515,-1358,-3457,-5150,-3537,522,3820,3627,1831,-97,-651,-655,-590,-483,-1046,-2721,-4607,-3966,-544,3117,4295,2369,41,-402,-565,-508,-568,-888,-2126,-3952,-4418,-1889,2072,4393,3158,685,-654,-565,-355,-329,-756,-1472,-3499,-4338,-3037,1193,4009,3557,1423,-229,-470,-386,-458,-502,-1339,-2879,-4676,-3474
-129,-879,-1973,-2903,-3700,-3945,-3744,-3094,-2100,-1048,-188,310,258,-255,-1152,-2251,-3171,-3815,-3964,-3597,-2890,-1900,-782,-52,316,113,-417,-1459,-2484,-3356,-3887,-3900,-3444,-2607,-1547,-534,137,355,112,-630,-1674,-2677,-3504,-4006,-3820,-3256,-2346,-1290,-362,187,373,-66,-856,-1840,-2890,-3652,-4007,-3746,-3075,-2090,-1046,-165,261,272
3023,1769,-225,-2283,-1452,940,1118,-1481,-3358,-2408,634,3381,3460,3396,2538,901,-1514,-2275,-62,1504,-75,-2773,-3313,-696,2630,3403,3369,2596,1678,-835,-2378,-1357,1188,1009,-1741,-3656,-2441,1125,3329,3066,3268,2490,412,-1784,-1917,235,1385,-168,-3099,-3220,-70,2559,3451,3279,2918,1691,-903,-2313,-994,1233,976,-2074,-3759,-1761
-662,-1715,-2627,-3396,-3834,-3777,-3371,-2680,-1659,-766,-16,488,467,117,-672,-1582,-2546,-3358,-3756,-3897,-3561,-2766,-1797,-910,-67,392,514,176,-567,-1482,-2406,-3285,-3772,-3889,-3575,-2939,-1958,-974,-158,392,465,219,-451,-1350,-2391,-3216,-3726,-3829,-3676,-2970,-2151,-1097,-278,336,493,327,-386,-1254,-2289,-3055,-3720,-3887,-3651,-3055
-117,-803,-1062,-238,-300,-1389,-2269,-1422,654,2684,3261,1845,516,-120,237,-291,-822,-1107,-377,-239,-1170,-2356,-1787,460,2651,3277,2294,467,173,334,270,-591,-821,-612,-187,-1018,-1443,-1621,32,2574,3172,2247,811,77,390,363,-851,-1193,-236,75,-558,-2034,-2315,-406,2230,3211,2289,825,-83,544,123,-282,-1008,-332
-2736,-3317,-3519,-3427,-2973,-2279,-1456,-606,-36,373,315,-58,-816,-1637,-2418,-3074,-3461,-3588,-3230,-2534,-1741,-950,-125,239,293,17,-617,-1326,-2195,-2954,-3459,-3537,-3360,-2802,-2085,-1136,-395,182,317,210,-307,-1018,-1897,-2649,-3342,-3583,-3491,-3098,-2283,-1457,-628,12,331,321,-93,-753,-1586,-2527,-3127,-3525,-3562,-3213,-2609,-1749
-957,-964,-821,-157,1145,1700,1254,-901,-2807,-3152,-2321,-1332,-627,-805,-927,-982,-954,-688,-8,1464,1918,900,-967,-2729,-3072,-2071,-638,-579,-836,-1052,-1028,-854,-586,214,1583,1827,720,-1222,-2728,-2802,-1688,-789,-607,-1005,-1098,-1091,-1184,-391,662,1640,1827,521,-1757,-2994,-2800,-1500,-717,-718,-735,-1064,-1248,-1034,-430,747
1175,1316,1156,917,401,-8,-330,-524,-515,-294,122,592,974,1234,1286,1133,797,357,-58,-376,-551,-461,-167,200,619,997,1305,1300,1047,737,319,-170,-437,-543,-447,-116,406,752,1100,1351,1231,995,624,231,-142,-452,-494,-448,-32,398,885,1137,1239,1225,984,505,129,-225,-541,-510,-304,27,504,958
-2125,-1657,20,1276,2148,2142,1648,923,846,975,990,1014,1262,1364,1352,1106,95,-1107,-2173,-2064,-937,553,1847,2215,2176,1096,932,875,773,1090,928,1149,1373,1460,839,-242,-1493,-2094,-1514,-338,1305,2100,2319,1515,978,1105,955,1108,1096,928,1568,1215,1215,348,-670,-1814,-2251,-1225,321,1581,2159,1999,1310,840
-970,-1487,-1996,-2432,-2646,-2696,-2488,-2322,-1826,-1347,-917,-491,-269,-125,-194,-458,-924,-1390,-1796,-2275,-2534,-2744,-2645,-2398,-1980,-1494,-980,-620,-294,-60,-175,-351,-761,-1228,-1721,-2161,-2536,-2672,-2647,-2446,-2126,-1683,-1141,-716,-395,-128,-112,-291,-652,-1067,-1591,-2054,-2438,-2680,-2679,-2592,-2212,-1718,-1328,-821,-440,-176,-79,-182
201,231,380,1050,1443,1844,1455,928,207,303,116,-274,19,266,657,846,448,68,515,971,1593,1985,1689,953,548,-164,46,-434,294,426,855,722,564,53,184,941,1658,1989,1787,1239,407,77,-404,-35,242,498,637,895,482,335,29,698,1508,1502,1784,1178,662,236,-158,-188,-216,376,685,753
-617,-273,-87,-55,-195,-519,-896,-1325,-1679,-1781,-1833,-1687,-1429,-981,-575,-301,-123,-52,-157,-444,-897,-1258,-1588,-1827,-1864,-1679,-1391,-1023,-564,-260,-58,-38,-151,-486,-958,-1333,-1629,-1847,-1846,-1728,-1404,-1095,-593,-286,-116,-112,-146,-432,-907,-1280,-1603,-1772,-1864,-1738,-1394,-1076,-635,-224,-121,-40,-148,-454,-783,-1219
-347,-132,222,1121,1033,-726,-2576,-2485,-1345,-272,336,333,497,-344,30,921,1598,604,-1080,-2898,-2569,-1404,-410,103,518,125,-407,52,839,1553,1206,-1051,-2746,-2039,-1179,-332,343,-169,265,-34,60,877,1306,615,-1227,-2545,-2015,-1210,203,450,435,245,-388,95,1033,1866,335,-1729,-2391,-1861,-699,326,43,283
-1874,-2291,-2332,-2043,-1445,-699,320,981,1472,1783,1763,1243,605,-339,-1137,-1832,-2261,-2374,-2026,-1454,-661,146,965,1530,1797,1657,1234,552,-306,-1156,-1799,-2249,-2341,-2112,-1487,-744,176,947,1505,1719,1681,1241,494,-321,-1157,-1835,-2295,-2376,-2093,-1528,-804,65,909,1557,1836,1712,1220,548,-246,-1130,-1855,-2277,-2414,-2080
739,-322,-2520,-1638,834,1806,-471,-2108,-2615,-3859,-3739,-1641,328,-27,-2700,-1449,455,1693,-111,-1463,-2618,-4017,-3988,-2378,390,-17,-2393,-1987,496,1655,595,-1513,-2704,-4092,-4210,-2484,507,327,-2305,-2810,242,1910,37,-1900,-2995,-3540,-3830,-2190,113,469,-2153,-2651,537,2023,568,-1444,-2533,-3538,-4089,-2878,-167,-31,-1315,-2243
-621,-576,-430,-343,-34,216,388,500,704,601,591,385,123,-53,-386,-489,-571,-555,-542,-385,-138,104,288,505,672,632,589,444,294,32,-238,-390,-618,-630,-625,-457,-314,-39,141,423,520,588,655,605,386,222,-101,-316,-496,-621,-662,-603,-359,-151,34,293,484,613,719,651,465,268,46,-174
1991,1426,-507,-2096,-2578,-2446,-1131,1392,3115,2047,520,390,1978,1819,-55,-1739,-2445,-2731,-1606,697,3142,2661,757,306,1665,2183,616,-1267,-2255,-2698,-2127,-150,2468,2959,1295,40,1184,2592,1327,-905,-2280,-2612,-2486,-954,1810,3211,2017,352,732,2122,1701,-167,-1842,-2536,-2677,-1543,1180,3066,2596,492,302,1962,1994,467
785,982,867,486,1,-716,-1304,-1805,-2071,-2044,-1948,-1467,-877,-314,372,751,953,867,594,179,-484,-1110,-1655,-1929,-2152,-2017,-1632,-1099,-507,87,594,917,909,736,307,-260,-897,-1518,-1918,-2181,-2079,-1854,-1261,-699,-95,418,805,932,835,488,-114,-638,-1324,-1792,-2105,-2139,-1948,-1500,-892,-278,242,801,986,938
1493,2265,168,-1811,-786,1580,1078,-737,-2239,-2805,-3785,-3790,-2069,1338,2183,17,-1910,-475,1720,1247,-1193,-2292,-2827,-3829,-3869,-1562,1689,2149,-172,-1738,-506,1848,1013,-1122,-2546,-2971,-3614,-4012,-1529,1567,2218,-310,-1771,-114,1629,841,-1335,-2258,-2874,-3924,-3696,-1139,1786,1800,-739,-1600,-1,1586,794,-1393,-2455,-3104,-3913,-3703
873,1202,1534,1931,2318,2625,2860,2853,2634,2268,1964,1629,1171,853,836,909,1053,1404,1816,2266,2581,2762,2815,2665,2427,2040,1562,1327,967,807,827,1011,1365,1687,2183,2477,2773,2803,2741,2507,2200,1737,1321,1070,850,885,923,1238,1624,2010,2397,2649,2816,2766,2626,2183,1891,1445,1104,826,862,928,1194,1521
-6,1534,2378,524,-3082,-5308,-5232,-3594,-3080,-2426,-2423,-2467,-1885,-1772,-1704,-1335,-261,1702,2284,760,-2939,-5213,-5288,-4340,-2330,-2023,-2643,-2700,-1975,-1335,-1716,-1462,-415,1879,2520,1002,-2721,-5116,-5876,-4197,-2393,-2219,-2796,-2470,-2159,-1499,-2489,-1970,-825,1510,2120,709,-1997,-5157,-5411,-4295,-2750,-2393,-2719,-2574,-2044,-1885,-2020,-1921
1948,1367,509,-286,-1016,-1546,-1907,-1952,-1698,-1180,-516,237,972,1665,2193,2381,2462,2133,1622,910,124,-693,-1333,-1714,-1908,-1808,-1489,-858,-196,597,1357,1989,2380,2484,2343,1875,1245,488,-328,-1028,-1601,-1848,-1890,-1765,-1249,-516,229,1018,1637,2175,2424,2447,2087,1533,854,73,-629,-1381,-1756,-1893,-1848,-1470,-850,-241
-545,-2413,-3193,-2269,-46,1823,3530,3598,3051,2709,1565,1372,237,-232,-831,-653,92,635,-204,-1390,-2952,-3144,-1600,615,2790,3845,3650,2740,2351,1710,960,357,-712,-789,-716,130,821,-230,-1933,-2956,-2548,-689,1268,3433,3593,3139,2773,2105,1719,885,228,-1056,-1100,-221,382,316,-965,-2463,-3026,-2527,-73,1831,3233,3925
1846,1928,1639,938,62,-672,-1362,-1647,-1543,-1020,-300,572,1358,1820,1965,1686,1181,328,-553,-1210,-1606,-1575,-1267,-529,280,1110,1704,1922,1851,1288,544,-362,-1006,-1569,-1604,-1372,-673,132,918,1650,1911,1866,1425,774,-137,-880,-1410,-1735,-1487,-956,-104,692,1466,1892,1947,1627,924,53,-707,-1336,-1761,-1461,-1099,-320
-2913,-2137,-907,934,1513,146,-1612,-1487,469,1056,-323,-1983,-3008,-2924,-2562,-2095,-882,1225,1175,-464,-1577,-1154,387,1096,-478,-2246,-3023,-2950,-2886,-2080,-614,1228,1280,-643,-1587,-802,661,765,-286,-2377,-3221,-2900,-2567,-1965,40,1330,871,-875,-1763,-764,909,825,-769,-2585,-3111,-3008,-2586,-1669,6,1608,855,-863,-1471,-457
341,540,732,900,1155,1216,1243,1144,1022,871,616,390,207,95,18,64,254,499,689,882,1073,1275,1255,1193,1118,858,683,494,235,97,82,113,240,404,658,891,1099,1235,1258,1246,1133,1037,765,517,314,228,62,89,237,322,513,784,969,1108,1273,1233,1178,1055,792,545,323,227,108,155
-300,596,848,1274,260,-1057,-1588,-2092,-1561,-1241,377,1073,970,-7,-336,502,1219,1135,153,-1222,-1551,-2208,-1449,-635,823,1623,697,-334,-221,898,1664,719,-399,-1172,-2094,-1668,-1458,-407,1251,1592,576,-403,-74,912,1376,829,-867,-1561,-2054,-2023,-1411,54,1132,1712,365,-59,259,1082,1243,99,-1183,-1607,-2041,-1857
856,528,138,-179,-275,-365,-175,-14,406,731,1135,1506,1673,1683,1594,1437,998,702,307,-59,-254,-346,-240,-86,237,550,986,1317,1601,1737,1686,1521,1315,932,508,189,-110,-298,-285,-320,39,381,687,1134,1437,1620,1709,1701,1350,1116,680,340,48,-175,-337,-260,-126,139,546,935,1329,1603,1709,1674
3927,1421,-1039,349,4004,4861,2333,-3198,-4986,-3777,-767,466,1954,3808,4532,3164,45,-852,941,4481,4853,825,-4093,-5425,-3117,-262,1580,2460,3865,4570,3104,-165,-348,2479,5120,3479,-1302,-4153,-5002,-2119,-96,1734,3085,4683,4044,1689,-796,410,3530,5283,2351,-2379,-5488,-4314,-1009,783,2419,3728,4750,3561,874,-696,1228,4604
2215,2159,1667,821,-133,-1145,-1941,-2242,-2171,-1706,-878,142,1114,1876,2241,2167,1651,825,-200,-1124,-1857,-2217,-2172,-1660,-887,146,1043,1846,2207,2178,1629,830,-216,-1156,-1952,-2273,-2206,-1704,-859,132,1112,1884,2290,2060,1601,766,-245,-1214,-1944,-2249,-2244,-1601,-814,227,1196,1846,2288,2121,1662,768,-283,-1223,-1967,-2292
1860,381,172,1537,2367,2185,2589,2773,1485,-1850,-4400,-4639,-1856,1595,2504,1451,178,474,1502,2009,2416,2545,2553,1668,-2060,-4701,-5109,-1981,1636,2458,1086,154,752,1744,2312,2486,2593,3187,1134,-1977,-4716,-4959,-1510,1772,2698,1182,-324,581,1743,2515,2573,2671,2813,1399,-1860,-5127,-4816,-1057,1848,2465,1383,228,743,1707
-470,-360,82,798,1561,2386,3075,3484,3546,3294,2824,2098,1232,451,-142,-448,-353,-55,567,1378,2214,2838,3394,3541,3453,2946,2297,1517,583,-20,-423,-420,-236,439,1081,1975,2797,3283,3615,3484,3052,2432,1713,884,74,-290,-517,-269,186,951,1705,2515,3224,3566,3533,3203,2680,1857,1039,296,-225,-488,-363,33
1152,-583,1204,3582,2893,254,-1417,-2299,-3938,-3839,-734,3269,3021,118,-461,1928,3745,1633,-522,-1304,-2988,-4353,-2943,1031,3391,1216,-884,651,3144,3325,430,-863,-2005,-3860,-4345,-1257,2701,3055,304,-809,1576,3809,2162,-452,-1822,-2402,-4339,-3397,-32,3191,1621,-654,45,2914,3451,867,-1381,-2018,-3622,-4710,-2288,2474,3775,787
-782,-489,-165,3,4,-194,-455,-822,-1295,-1697,-2035,-2354,-2557,-2540,-2366,-2047,-1733,-1270,-774,-451,-135,-59,-63,-135,-440,-807,-1294,-1691,-2066,-2337,-2462,-2532,-2331,-2025,-1729,-1219,-742,-411,-238,17,23,-161,-448,-911,-1314,-1710,-2080,-2371,-2518,-2443,-2295,-2013,-1707,-1156,-754,-363,-147,-43,-90,-191,-493,-979,-1283,-1825
-2015,-3233,-3428,-3187,-3087,-2272,-993,660,1522,-713,-2744,-3561,-2782,-1432,-1971,-2694,-3532,-2849,-2820,-2507,-1082,987,962,-439,-2765,-3662,-2608,-1509,-2117,-3156,-3165,-2991,-2962,-2148,-920,922,1260,-712,-2848,-3818,-2342,-1776,-2508,-3114,-3283,-3117,-3037,-2202,-1074,890,1084,-782,-3443,-3431,-2336,-2016,-2048,-3338,-3171,-3175,-2782,-2690,-858,851
-2388,-2077,-1575,-974,-314,276,612,712,561,181,-475,-1176,-1775,-2207,-2341,-2295,-1872,-1287,-698,-64,489,661,686,367,-176,-774,-1413,-2016,-2270,-2340,-2081,-1557,-1057,-363,154,593,725,573,133,-446,-1130,-1687,-2152,-2361,-2258,-1947,-1316,-656,-22,477,650,651,382,-144,-778,-1423,-2021,-2334,-2297,-2098,-1652,-1070,-317,231
-1196,-556,72,371,-554,-1322,-1841,-377,1586,3324,3634,2276,695,-276,-830,-1025,-1168,-593,-441,169,327,-744,-1830,-1556,205,2542,3808,3388,1535,155,-505,-1132,-1057,-1318,-871,178,224,-233,-1393,-1970,-796,1206,3204,3403,2604,926,-251,-570,-692,-1228,-1208,-424,336,521,-593,-1717,-1528,-6,2172,3680,3210,1908,546,-600
-258,-62,-45,-336,-932,-1627,-2426,-3102,-3588,-3824,-3760,-3421,-2861,-2112,-1404,-744,-238,20,-107,-452,-1007,-1710,-2473,-3158,-3569,-3901,-3822,-3418,-2830,-2139,-1313,-683,-175,31,-64,-470,-1050,-1775,-2499,-3118,-3661,-3790,-3792,-3335,-2790,-2022,-1328,-622,-223,35,-91,-503,-1047,-1797,-2507,-3150,-3645,-3828,-3727,-3390,-2720,-2005,-1236,-604
1728,1639,663,758,623,766,916,760,1545,2379,4173,4864,4287,2445,1093,665,1080,1708,1550,1028,593,667,871,639,607,1351,2388,4275,4533,4257,3091,773,473,1363,1881,1996,1140,732,344,1209,782,999,948,2103,4013,4934,4488,3041,1553,146,994,1768,1615,1468,831,259,812,718,845,1280,2404,3959,4857,4501
-907,-864,-778,-518,-234,203,361,431,355,158,-109,-394,-729,-862,-961,-802,-596,-266,-50,191,418,371,173,-21,-431,-653,-865,-979,-878,-674,-294,45,283,330,335,291,-21,-328,-620,-810,-907,-824,-623,-458,-117,162,331,360,319,15,-208,-484,-793,-823,-880,-748,-440,-185,168,367,453,362,102,-177
-413,-1155,-520,1308,2418,2484,940,-1541,-3477,-4871,-4607,-3280,-2325,-673,956,2405,2402,1648,-228,-1525,-731,960,2017,2910,1199,-1169,-3420,-4885,-4635,-4064,-2480,-1163,948,2240,3070,1604,506,-902,-1189,-36,2289,2827,1977,-31,-2897,-4466,-4869,-4296,-3106,-1218,483,1917,3048,1992,285,-860,-1054,-578,1408,2888,2200,402,-2399,-4160
-630,-177,-149,-439,-971,-1808,-2498,-3111,-3537,-3610,-3254,-2678,-1909,-1146,-508,-149,-172,-582,-1146,-2055,-2722,-3250,-3597,-3567,-3161,-2426,-1680,-893,-376,-130,-332,-682,-1436,-2220,-2995,-3427,-3560,-3460,-2909,-2241,-1521,-745,-278,-169,-406,-908,-1628,-2410,-3085,-3521,-3568,-3322,-2834,-2021,-1210,-644,-254,-160,-496,-1125,-1806,-2608,-3221,-3635
-2728,-1213,106,1136,540,-940,-2105,-1257,1423,3544,2821,86,-3148,-5197,-5303,-4616,-3663,-2583,-1169,394,1018,583,-1248,-2230,-986,1524,3340,2592,-225,-3562,-5246,-5145,-4409,-3634,-2737,-1345,509,1285,154,-1346,-2216,-804,2275,3328,2431,-717,-3960,-5183,-5189,-4040,-3349,-2389,-652,521,1062,185,-1796,-2015,-330,2353,3345,2033,-1221,-4094
3476,3423,3130,2528,1755,884,196,-277,-386,-70,509,1261,2115,2879,3322,3588,3319,2868,2160,1389,542,-88,-333,-263,222,885,1661,2520,3135,3492,3506,3101,2568,1687,847,179,-231,-284,-113,520,1322,2130,2827,3346,3576,3339,2862,2130,1259,512,-82,-302,-174,247,942,1697,2571,3158,3470,3510,3144,2418,1732,844
5572,5245,377,-3167,-3032,-1178,-959,-1787,-2096,-2191,-3167,-4131,-2143,3151,6260,3696,-1173,-3378,-2140,-711,-1371,-2053,-1891,-2551,-3971,-3827,162,4903,5831,1692,-2737,-3366,-1598,-682,-1562,-2122,-2267,-2883,-4175,-2813,1954,5876,4699,-299,-3502,-2888,-965,-861,-1927,-1936,-2227,-3686,-4270,-1580,3670,6028,3059,-1741,-3326,-1809,-641,-1122,-2245,-2252
-139,-597,-1316,-1874,-2445,-2750,-2845,-2616,-2149,-1563,-953,-339,143,279,363,125,-379,-1014,-1646,-2205,-2602,-2776,-2676,-2470,-1911,-1340,-624,-127,269,400,276,-67,-634,-1242,-1900,-2401,-2679,-2860,-2582,-2228,-1702,-1012,-398,121,357,382,76,-304,-901,-1537,-2143,-2552,-2755,-2795,-2470,-1940,-1347,-688,-167,251,381,225,-57,-526
1786,2807,1349,-1011,-2197,-251,3473,5922,6308,4794,3068,2152,908,-92,164,1480,2395,1797,-451,-2113,-606,2537,5631,6541,5173,3517,2344,1102,38,-136,1170,2501,2309,249,-1899,-1498,2112,5542,6467,5561,3927,2364,1213,287,-108,908,2424,2566,430,-1683,-1740,1058,4813,6378,5730,4243,2683,1450,500,-206,541,2086,2574,1027
-1503,-2423,-3079,-3349,-3190,-2567,-1716,-742,38,468,410,16,-754,-1696,-2600,-3212,-3368,-3023,-2490,-1428,-619,169,540,465,-108,-920,-1876,-2746,-3216,-3367,-3030,-2302,-1339,-430,302,497,347,-283,-1079,-2059,-2866,-3334,-3308,-2902,-2158,-1163,-226,364,464,292,-398,-1319,-2250,-3034,-3338,-3284,-2696,-1935,-992,-163,396,593,117,-577
-808,-161,550,558,619,1373,1918,892,-897,-2242,-1487,-385,-31,-379,-626,-1172,115,828,222,1074,1517,1661,61,-785,-1762,-1207,-66,-52,-258,-1098,-1101,-108,320,564,745,1223,1635,688,-1255,-1743,-1332,-571,50,-412,-762,-725,114,413,576,556,1446,1377,633,-736,-1849,-1263,-34,107,-272,-814,-644,132,487,534
800,752,726,753,994,1212,1429,1644,1942,2015,2065,2036,1907,1746,1471,1238,988,833,725,704,823,931,1176,1403,1665,1918,1978,2096,2037,1972,1693,1483,1307,966,819,758,776,804,933,1251,1453,1665,1862,2028,2094,2096,1946,1737,1477,1302,1062,846,704,731,837,938,1135,1463,1703,1833,1993,2136,2063,1998
-1897,-1851,-1641,-1491,-1962,-1945,-2371,-2505,-2495,-2699,-2743,-2340,-1711,-736,-761,-1131,-1660,-1924,-1552,-1520,-1650,-1788,-2094,-2336,-2461,-2550,-2465,-2651,-2226,-1893,-945,-596,-1033,-1394,-1825,-1968,-1792,-1503,-1855,-2045,-2238,-2248,-2540,-2697,-2697,-2142,-1559,-1021,-789,-854,-1621,-1973,-1952,-1778,-1684,-1620,-1861,-2093,-2320,-2338,-2693,-2841,-2421,-1878
1150,1447,1901,2147,2412,2501,2338,2020,1605,1292,981,853,915,1214,1560,1992,2264,2480,2484,2260,1918,1504,1141,913,884,1000,1358,1702,2044,2382,2512,2463,2171,1789,1402,1048,848,886,1138,1467,1765,2103,2483,2482,2394,2100,1749,1277,984,831,869,1179,1479,1879,2281,2480,2491,2337,2076,1654,1251,1002,918,942
782,472,2478,3163,1683,386,1753,4117,3373,-1018,-4209,-3878,-1561,567,195,1255,2644,2931,1671,777,2178,3829,2783,-2041,-4547,-3669,-1035,152,277,1497,2937,2675,1259,804,2618,4427,1824,-2676,-4777,-3231,-444,339,512,1324,2933,2647,843,629,2903,3837,1243,-3699,-4353,-2746,-174,387,553,1788,3351,2314,469,1155,3125,3465
1245,1461,1351,990,611,136,-421,-1005,-1199,-1407,-1388,-1154,-833,-239,283,747,1153,1377,1422,1204,937,558,-10,-547,-902,-1271,-1392,-1301,-1047,-739,-183,353,794,1170,1421,1399,1216,964,397,-56,-538,-989,-1327,-1392,-1298,-1045,-551,-127,387,873,1194,1400,1391,1145,871,384,-173,-647,-1061,-1275,-1438,-1286,-978,-528
-4606,-3895,-2971,-1620,-631,341,69,-1447,-2278,-3197,-2009,-598,-1321,-3527,-4322,-4302,-3619,-1171,-628,487,256,-930,-3161,-3246,-1744,-1289,-1379,-2777,-3991,-4185,-3251,-2383,-986,400,389,-886,-2068,-3249,-2777,-1064,-1304,-3035,-4001,-4511,-3262,-2349,-866,452,588,-513,-2297,-2901,-3107,-1165,-1156,-1717,-3860,-3908,-4178,-2294,-1433,-236,378,142
2582,2594,2500,2376,2118,1863,1598,1440,1437,1361,1555,1745,2008,2208,2392,2496,2605,2523,2304,2054,1805,1602,1460,1347,1404,1513,1687,2017,2250,2430,2527,2509,2576,2342,2077,1846,1607,1447,1357,1396,1549,1748,1940,2226,2511,2605,2639,2467,2327,2085,1835,1618,1443,1376,1374,1542,1710,1973,2243,2454,2520,2634,2489,2304
-3043,-2402,-1686,-19,484,506,128,-1144,-1876,-2437,-2717,-2553,-2534,-1768,-1631,-1206,-2336,-2920,-2758,-1791,-396,477,691,46,-848,-1955,-2076,-2795,-2601,-1829,-1901,-2009,-1325,-1818,-2557,-2379,-1947,-377,410,782,168,-696,-1806,-2653,-2532,-3016,-2796,-1849,-1577,-1622,-1969,-2206,-2642,-2411,-983,560,893,133,-1023,-1572,-1970,-2681,-3174,-2660
388,300,87,-195,-520,-856,-1181,-1325,-1227,-1247,-995,-623,-324,-94,200,424,434,400,119,-142,-485,-821,-1103,-1293,-1252,-1246,-1100,-754,-458,-34,210,384,443,304,147,-164,-504,-845,-1094,-1285,-1297,-1213,-1096,-723,-349,-130,208,382,443,364,155,-52,-445,-811,-1029,-1280,-1316,-1268,-1060,-848,-469,-72,124,321
871,273,-771,-1910,-2201,-1595,-400,487,1363,2470,3094,2453,1012,-449,-981,-377,574,506,-477,-1493,-2164,-1768,-798,144,993,2080,2788,2857,1421,-100,-1123,-517,329,657,-13,-1378,-2059,-2132,-975,-47,949,1762,2713,3091,2008,533,-717,-934,182,614,390,-815,-1800,-1936,-1454,-418,439,1542,2419,2836,2570,1040,-463,-841
-481,264,1026,1785,2282,2552,2513,2127,1483,757,-96,-722,-1333,-1627,-1614,-1291,-760,13,689,1492,2133,2418,2510,2350,1735,1016,219,-490,-1097,-1522,-1606,-1449,-1013,-295,472,1242,1884,2333,2564,2456,2041,1312,605,-126,-906,-1396,-1634,-1567,-1213,-621,175,1006,1702,2236,2470,2475,2072,1603,815,53,-657,-1237,-1636,-1573
45,256,1755,3000,3102,1912,1026,506,783,1316,1279,800,757,677,346,16,367,1560,2936,3425,2349,1001,499,989,1299,1324,856,670,777,383,-59,100,1358,2618,3177,2690,1084,722,723,1136,1391,910,753,739,548,126,-191,1063,2278,3244,2799,1570,681,744,1280,1234,1081,896,773,587,235,130,1011,2190
-2209,-3063,-3594,-3873,-3803,-3457,-2784,-1989,-1075,-332,159,423,256,-286,-988,-1828,-2733,-3353,-3821,-3933,-3702,-3087,-2274,-1380,-565,-53,402,329,-7,-642,-1409,-2397,-3117,-3714,-3906,-3830,-3316,-2587,-1761,-849,-116,243,383,120,-405,-1147,-2116,-2904,-3563,-3877,-3839,-3515,-2894,-2065,-1191,-451,147,427,243,-152,-901,-1760,-2653,-3355
-102,-239,-452,-145,212,-224,-532,7,-305,-1036,-2095,-1251,-156,58,-15,-203,200,-66,-88,54,-617,-848,-1723,-1523,-684,-297,-193,-412,496,247,-24,193,-168,-667,-1090,-1500,-383,118,-219,-523,-447,-28,-24,133,70,-339,-1664,-1740,-1282,-267,-294,-151,-500,-197,-19,-528,-94,-57,-1040,-1742,-1209,-636,-173,-375
1622,1695,1492,1261,946,539,324,156,152,304,625,1038,1298,1540,1693,1592,1537,1136,785,426,205,103,185,336,693,1063,1464,1662,1706,1630,1316,1012,712,440,151,117,239,499,860,1229,1501,1649,1675,1475,1200,970,564,277,122,132,382,575,922,1311,1452,1662,1617,1391,1146,771,417,260,200,184
5800,7234,5303,2287,-476,-2192,-692,555,856,1236,1201,1011,473,-378,-62,2592,4784,7201,6316,3157,-121,-1817,-1568,461,1335,1141,785,693,44,329,454,1844,4359,6091,6905,4526,821,-1320,-1764,-355,597,1255,1463,657,423,-240,378,1297,3701,5936,7008,5734,2813,-702,-1644,-899,830,1425,1396,921,997,432,149,858
2211,1750,1090,195,-749,-1321,-1646,-1477,-976,-122,781,1593,2027,2108,1761,1130,168,-702,-1345,-1624,-1532,-919,-184,816,1650,2090,2206,1804,1142,136,-707,-1336,-1688,-1448,-979,-128,791,1582,2080,2200,1751,1053,211,-704,-1425,-1630,-1484,-1020,-105,859,1562,2062,2119,1740,1056,153,-667,-1302,-1648,-1532,-946,-79,803,1580
-139,1596,3442,2434,-1604,-5260,-4996,-1639,1113,2856,2926,2723,1885,217,24,1557,3504,2151,-1893,-5014,-5097,-2041,1015,2814,3236,2776,1554,-144,-269,1855,3619,2339,-1949,-5136,-4848,-1807,1158,2601,3077,2808,1569,107,7,1603,3699,2215,-1932,-5548,-4878,-1744,922,2388,3204,2803,1758,-10,23,1787,3522,2257,-2004,-5270,-5041,-1811
-974,-391,26,135,42,-348,-865,-1561,-2321,-3125,-3562,-4010,-4147,-4008,-3585,-3012,-2397,-1638,-922,-326,14,155,-29,-430,-998,-1668,-2454,-3177,-3713,-4031,-4136,-3999,-3554,-2974,-2189,-1467,-831,-281,113,121,-55,-489,-1107,-1799,-2613,-3262,-3731,-4073,-4151,-3934,-3502,-2844,-2134,-1365,-682,-241,72,182,-109,-597,-1222,-1976,-2723,-3359
-2188,-1656,-479,-1017,-1881,-1693,1646,4045,3912,805,-2167,-3085,-2011,-2135,-2220,-1889,-1106,-647,-1242,-2200,166,2819,4633,2183,-1190,-2944,-2652,-2217,-1950,-2427,-1188,-652,-951,-1959,-1177,1645,4340,3525,314,-2367,-2940,-2126,-2062,-2501,-1852,-863,-525,-1616,-1867,172,3391,4334,2426,-1416,-3061,-2606,-2064,-2405,-2517,-1548,-466,-795,-1855,-906
-1603,-1472,-1419,-1126,-776,-547,-367,-258,-360,-549,-800,-1131,-1349,-1487,-1595,-1540,-1313,-1009,-791,-536,-300,-296,-407,-644,-834,-1120,-1452,-1593,-1610,-1530,-1271,-1040,-685,-396,-321,-368,-475,-716,-983,-1263,-1460,-1621,-1590,-1419,-1206,-1014,-685,-485,-321,-306,-464,-660,-986,-1283,-1483,-1593,-1563,-1422,-1210,-918,-652,-435,-351,-404
-1704,967,1571,-614,-2797,-1997,-298,954,2055,3009,2032,15,-1871,-235,1198,461,-2348,-2760,-1222,636,1484,2407,2401,728,-1809,-1460,592,1275,-864,-3112,-1861,101,1180,2229,2925,1736,-666,-2223,10,1449,497,-2065,-2757,-1189,611,1462,2303,2794,588,-1714,-1329,1412,918,-1499,-3028,-1957,111,1405,2133,2819,1530,-930,-2095,436
-675,-28,607,1268,1945,2336,2416,2379,2008,1448,825,119,-471,-1079,-1431,-1515,-1366,-1031,-490,155,872,1553,2051,2335,2423,2207,1836,1244,592,-140,-713,-1187,-1423,-1507,-1254,-821,-229,418,1157,1692,2161,2398,2378,2171,1647,1037,395,-354,-914,-1240,-1535,-1449,-1128,-579,1,635,1337,1816,2275,2465,2263,2024,1484,791
3133,518,-1188,-705,-423,581,1624,1897,399,125,2955,6227,5674,2113,-821,-634,-147,-238,1090,1969,1122,221,996,3940,6507,4457,930,-848,-794,-673,238,1526,1759,1182,11,1981,5481,6335,3646,193,-1278,-233,-168,790,1721,1995,246,276,3112,5824,6059,2521,-707,-1060,-314,4,686,1979,1753,175,811,3628,6746,5356
-1489,-1564,-1242,-677,128,1041,1835,2460,2814,2823,2482,1903,1033,239,-646,-1261,-1494,-1547,-1166,-430,438,1285,1981,2600,2824,2672,2342,1632,821,-91,-790,-1367,-1577,-1361,-892,-183,654,1503,2221,2715,2893,2647,2066,1367,481,-317,-1037,-1493,-1561,-1204,-769,43,922,1677,2383,2855,2824,2507,1913,1080,253,-582,-1236,-1558
96,-1227,-1355,-1147,-609,-607,-527,-615,-1351,-2493,-3908,-4817,-4842,-3014,-750,1133,738,-246,-1022,-1726,-1114,-635,-501,-645,-817,-1745,-2881,-4072,-5139,-4698,-2620,-142,1042,526,-552,-1383,-1571,-1104,-414,-603,-621,-873,-1381,-2837,-4417,-5185,-4427,-2316,142,862,618,-972,-1699,-1266,-966,-691,-288,-441,-766,-1805,-3003,-4350,-5192,-4024
-434,-1061,-1356,-1246,-799,-197,492,1230,1522,1605,1223,635,-173,-749,-1221,-1307,-1074,-527,319,871,1417,1653,1428,941,321,-464,-967,-1295,-1235,-827,-169,550,1193,1566,1587,1233,654,-101,-766,-1163,-1285,-1055,-527,227,802,1437,1626,1435,968,348,-425,-997,-1288,-1224,-813,-221,549,1210,1595,1623,1241,593,-79,-732
2826,2033,1101,707,1334,1680,1884,1307,619,415,382,515,1212,2219,2773,2692,1839,1163,897,1044,1728,1402,744,503,138,407,602,1155,2139,2992,2653,1344,1067,881,1755,1816,1418,1033,507,664,538,759,1493,2274,2809,2276,1295,1042,1209,1609,1680,1307,623,698,689,345,892,1752,2881,2906,1999,1159,885,1406
407,731,736,427,-92,-941,-1753,-2566,-3348,-3687,-3802,-3671,-3220,-2521,-1720,-923,-93,459,718,736,398,-215,-1037,-1918,-2709,-3322,-3831,-3843,-3664,-3112,-2443,-1623,-664,8,531,775,727,219,-344,-1128,-2035,-2846,-3429,-3850,-3826,-3560,-3061,-2237,-1412,-611,111,605,723,666,189,-487,-1352,-2146,-2986,-3522,-3856,-3839,-3573,-2933
-3209,-3835,-2564,146,1792,749,-564,-734,287,593,305,-712,-1286,-1794,-3120,-3853,-2715,-312,1367,902,-397,-981,158,922,190,-574,-1263,-1695,-2657,-3832,-3081,-347,1273,1048,-371,-828,133,682,398,-753,-1070,-1606,-2708,-3621,-3191,-726,1161,1076,-264,-889,-210,816,360,-567,-1057,-1487,-2432,-3578,-3383,-1188,1180,1399,7,-1001
2098,1467,1029,603,466,720,1156,1811,2299,3001,3356,3406,3274,2811,2145,1528,976,564,428,625,1076,1698,2332,2841,3252,3438,3212,2840,2297,1598,995,673,472,620,1038,1516,2173,2802,3220,3414,3260,2931,2383,1682,1126,654,476,604,902,1483,2090,2746,3210,3437,3377,2957,2447,1818,1142,744,497,595,893,1422
-1236,-1756,-2015,-2086,-2028,-1962,-1058,713,1678,1836,1355,-657,-1853,-2008,-1851,-623,-62,-1099,-1492,-2253,-2125,-2152,-2595,-1882,-749,880,1709,2151,1008,-681,-1688,-2067,-1914,-1118,-1008,-1145,-1898,-1808,-2110,-2357,-2154,-2062,-579,1497,2182,1626,881,-1021,-2015,-2246,-967,-1258,-1431,-1417,-1761,-2112,-2145,-2348,-2095,-1797,-361,1069,1981,1654
2642,2775,2445,1623,527,-583,-1247,-1531,-1257,-616,481,1525,2340,2832,2646,2051,1081,35,-933,-1460,-1539,-1031,-115,967,1998,2637,2832,2508,1691,549,-514,-1212,-1529,-1317,-640,383,1459,2326,2757,2709,2110,1213,36,-873,-1444,-1467,-1071,-147,917,1886,2543,2849,2479,1682,665,-361,-1209,-1564,-1368,-776,279,1342,2308,2720
795,-1155,-1675,-1272,747,1350,-1491,-2963,-848,3079,4962,3014,1018,-375,-1290,-1485,435,1043,-577,-2952,-2190,1771,5163,3629,1754,-261,-1373,-1960,-297,1607,763,-1956,-2540,1084,4404,4347,2862,769,-1310,-1849,-1154,799,907,-1017,-3100,-566,3053,5209,3103,1087,-484,-1608,-1652,607,1411,-349,-2562,-1995,2137,4589,3918,2077,56,-1045
1024,1015,791,325,-233,-790,-1340,-1774,-1998,-2044,-1869,-1493,-985,-371,137,608,1009,1050,919,594,89,-425,-1015,-1497,-1876,-2099,-1984,-1662,-1205,-726,-141,391,794,1047,1020,814,422,-103,-656,-1212,-1714,-1990,-1992,-1881,-1507,-1054,-496,152,564,984,1106,959,698,200,-339,-923,-1493,-1852,-2037,-2058,-1764,-1374,-802,-184
860,-2111,-3678,-3181,-1104,-571,-1522,-1832,-1087,-88,240,1182,1528,-151,-3134,-4228,-2476,-851,-989,-1957,-1591,-423,-2,1019,2043,1662,-1373,-3963,-3284,-1448,-403,-1340,-1890,-1097,-205,279,1073,1673,576,-2383,-3844,-3069,-1119,-704,-1507,-1455,-1230,-396,728,1305,1353,-423,-3175,-3997,-2190,-784,-997,-1737,-1544,-84,171,925,1717,1096
-630,67,308,101,-712,-1763,-2874,-3748,-4289,-4262,-3708,-2766,-1642,-630,137,335,-14,-790,-1825,-2983,-3819,-4304,-4247,-3663,-2656,-1593,-545,125,348,-31,-781,-1845,-2965,-3825,-4282,-4163,-3646,-2631,-1467,-538,135,279,-52,-913,-1966,-3010,-3901,-4303,-4144,-3548,-2616,-1404,-462,161,327,-142,-877,-2020,-3180,-3928,-4347,-4123,-3471,-2484
2710,3188,2389,2497,2355,2451,2692,4276,5859,3850,-432,-3840,-3238,73,2680,3238,2742,2433,2017,2375,2987,4529,5633,3153,-1026,-3659,-2669,620,2993,2998,2493,2636,2728,2667,3185,4982,5379,2914,-1289,-4015,-2366,1188,3432,2907,2388,2373,2596,2432,3156,4899,4997,2559,-1754,-3583,-2034,1626,3139,2869,2568,2323,2566,2467,3438,5046
-1336,-1262,-1115,-679,-166,397,685,885,999,736,462,8,-481,-948,-1233,-1324,-1232,-930,-547,-22,489,767,963,943,701,301,-198,-685,-1086,-1245,-1388,-1114,-791,-315,134,530,958,994,899,572,173,-377,-809,-1211,-1428,-1292,-1067,-597,-131,381,733,1020,1027,780,395,-26,-454,-942,-1217,-1273,-1264,-969,-504,41
-1488,-1553,-55,310,-223,-2315,-3328,-1228,454,2608,2726,2209,1274,-262,-1967,-1028,127,605,-341,-2362,-3125,-1214,1040,2279,2345,1706,966,-388,-1632,-1292,-190,511,-601,-2530,-2837,-1654,1023,2699,2277,1673,1028,-587,-1806,-1566,-355,1025,-652,-2380,-3136,-934,775,2687,2177,1933,1186,-434,-1175,-1394,-497,255,6,-2093,-3109,-1159
808,984,1297,1503,1827,2027,2153,2001,1801,1471,1144,913,835,851,945,1264,1624,1835,2066,2086,2024,1757,1437,1080,827,846,892,1029,1304,1676,1898,2050,2090,1918,1744,1418,1146,963,809,847,1093,1330,1718,1922,2083,2078,1970,1627,1312,1049,876,847,951,1139,1341,1702,1958,2082,2036,1862,1580,1281,1028,861
1036,582,-1368,-3157,-3258,-3939,-3898,-4396,-1778,-147,133,-1785,-2487,-1209,638,656,-546,-1971,-3040,-2918,-4001,-4549,-3387,-1340,122,-565,-2549,-2263,-989,734,285,-1101,-2634,-3340,-4027,-4625,-4223,-2510,-1107,124,-1387,-2317,-1636,31,1032,-12,-1569,-2946,-3786,-3783,-4362,-3563,-1451,269,-283,-2125,-2715,-1147,782,776,-1186,-2166,-3205,-3400
-1363,-1087,-706,-244,252,786,1113,1233,1250,1106,811,349,-247,-681,-1081,-1281,-1343,-1323,-1009,-509,-10,409,904,1199,1344,1196,960,530,73,-363,-852,-1161,-1391,-1409,-1166,-835,-336,157,657,1035,1305,1311,1153,887,417,-130,-552,-1031,-1275,-1426,-1345,-1033,-582,-113,383,812,1195,1289,1296,1091,764,180,-400,-726
-308,-1282,-595,1266,2844,2751,729,-1362,-2703,-3007,-2980,-3048,-1982,-512,55,-284,-1229,-1031,1085,2976,2654,931,-1167,-2383,-2764,-3092,-2684,-1889,-513,111,-559,-1208,-701,914,2780,2689,1313,-1065,-2605,-2996,-3094,-2624,-1936,-776,-76,-713,-1331,-873,821,2782,2713,1127,-1266,-2577,-2752,-2953,-2817,-2094,-690,229,-374,-1147,-981,801
-2649,-2810,-2756,-2692,-2385,-2128,-1781,-1448,-1127,-899,-902,-952,-1224,-1345,-1757,-2125,-2450,-2777,-2805,-2838,-2683,-2371,-2094,-1738,-1346,-1090,-924,-911,-988,-1210,-1498,-1861,-2178,-2485,-2738,-2807,-2812,-2656,-2437,-2072,-1666,-1361,-1116,-964,-913,-1000,-1234,-1486,-1858,-2210,-2512,-2708,-2733,-2774,-2616,-2391,-2058,-1728,-1358,-1067,-884,-895,-1012,-1197
-819,-947,-586,-412,722,1259,1136,45,-814,-370,-229,-393,-574,-1307,-1154,-994,-698,-376,731,1202,941,-317,-919,-434,-57,-396,-1059,-1309,-1029,-681,-610,288,805,1398,698,-262,-761,-325,-202,-479,-1184,-1035,-1190,-677,-218,283,963,1413,609,-582,-481,-419,-76,-659,-1206,-1044,-433,-440,-342,753,1395,1319,-127,-428
764,1028,1267,1428,1319,1064,801,370,25,-224,-287,-152,47,348,731,1110,1281,1355,1247,1076,762,345,15,-199,-318,-213,60,345,720,1090,1319,1351,1264,1003,693,306,12,-216,-249,-236,87,368,768,1113,1334,1387,1280,1027,742,335,27,-178,-259,-247,87,376,731,1065,1279,1410,1233,1067,671,292
2467,1127,-219,-1116,-2111,-2839,-2904,-2342,-1100,-1131,-2474,-4932,-5841,-4023,-1197,1723,2498,1615,312,-649,-1682,-2408,-3025,-2677,-1215,-960,-2074,-4210,-5779,-4982,-2074,1071,2315,1989,713,-604,-1332,-2307,-3021,-2638,-1505,-917,-1668,-3585,-5486,-5313,-3256,127,2238,2152,795,-282,-1258,-2028,-2899,-2671,-2170,-1098,-1149,-3019,-4991,-5758,-3882,-659
828,629,374,188,55,38,89,195,367,625,781,1101,1204,1367,1442,1453,1378,1169,970,768,497,289,214,116,54,103,200,446,650,887,1151,1279,1384,1475,1458,1312,1199,987,726,487,333,175,37,19,131,255,517,698,962,1071,1378,1466,1542,1439,1299,1103,881,665,401,210,96,77,53,191
3852,3514,1626,443,700,1885,1817,159,-782,-213,994,3011,4129,3691,2206,417,510,1683,1873,336,-1094,-467,1037,2592,3798,4041,2508,324,416,1373,1994,684,-864,-761,791,2398,3730,4206,2639,864,214,1283,2099,944,-935,-784,615,2366,3716,3795,2811,1044,164,909,1824,1111,-639,-986,276,2165,3512,4067,3242,1482
-2040,-2292,-2354,-2193,-1881,-1429,-952,-551,-110,68,19,-167,-501,-1019,-1513,-1997,-2235,-2365,-2256,-1996,-1641,-1146,-715,-302,2,-1,-92,-414,-852,-1334,-1724,-2136,-2349,-2333,-2105,-1826,-1280,-846,-385,-60,82,-42,-291,-682,-1139,-1613,-2006,-2286,-2350,-2204,-1909,-1459,-996,-562,-131,10,38,-125,-540,-970,-1471,-1963,-2286,-2382
2856,2070,181,-1815,-2036,-222,1938,2564,2059,2106,2183,2957,2943,3085,3313,2451,172,-1489,-2200,-671,1421,2470,2290,2023,2192,2543,3184,3151,3092,2309,713,-1531,-2255,-714,1293,2452,2344,1940,2164,2642,3092,3090,2897,2527,981,-1298,-2215,-1107,964,2505,2277,2054,1963,2658,3173,3185,3231,2920,1285,-1117,-2200,-1398,722,2392
418,529,125,-430,-1399,-2331,-3093,-3734,-3956,-3792,-3266,-2550,-1576,-657,21,529,410,117,-524,-1374,-2355,-3184,-3687,-3951,-3802,-3200,-2459,-1494,-598,54,475,479,109,-557,-1513,-2408,-3278,-3753,-4015,-3734,-3232,-2360,-1494,-572,148,446,415,32,-665,-1583,-2410,-3271,-3797,-3972,-3691,-3136,-2323,-1372,-523,162,508,436,-20,-722
2313,3529,3432,2218,827,562,1281,2206,2918,2354,707,-897,-1721,-2736,-2607,-2032,-1410,-5,1440,2944,3537,3030,1535,801,761,1513,2406,2685,1420,90,-1740,-2456,-2556,-2209,-1980,-972,437,2004,3334,3403,2504,1518,975,1298,2409,2672,2590,1107,-557,-1812,-2459,-2507,-2127,-1737,-474,1237,2896,3614,3240,1950,1357,477,1438,2513
-1895,-1568,-1127,-600,27,476,789,1060,985,751,278,-152,-700,-1292,-1744,-1959,-2061,-1889,-1581,-1155,-607,-29,514,813,966,984,745,325,-175,-737,-1278,-1704,-1991,-2062,-1885,-1560,-1102,-518,-35,429,781,1021,934,711,310,-235,-821,-1251,-1694,-1994,-2025,-1948,-1579,-1096,-584,55,531,814,976,989,713,284,-176,-760
-1544,-1896,-1294,522,763,509,-444,-1464,-2986,-2917,-1822,-785,-1227,-1993,-1900,-2,799,814,-1146,-792,-2586,-3488,-2755,-1671,-1067,-1945,-2313,-1054,655,1094,56,-539,-2214,-3292,-3079,-2043,-1049,-1355,-2308,-1596,-132,1243,197,-190,-1399,-2843,-2956,-2106,-1200,-901,-2163,-2016,-289,629,1258,-227,-1296,-2070,-3708,-3240,-1296,-851,-1674,-2465
2686,2484,2214,1778,1436,1147,938,752,729,790,1023,1277,1661,2061,2332,2602,2769,2856,2790,2543,2266,1880,1525,1113,934,759,738,805,990,1287,1593,2003,2405,2578,2761,2866,2750,2577,2244,1853,1563,1265,937,816,648,757,958,1298,1600,1958,2364,2601,2800,2778,2755,2521,2302,1918,1607,1236,1016,817,735,739
979,-285,865,620,1271,1090,823,1164,990,1754,2995,2724,1781,600,511,672,1245,932,612,1267,840,1260,2587,2858,2137,941,303,508,907,998,735,726,1097,1009,1979,2555,2585,1357,450,387,592,623,1021,698,953,863,1583,2590,2925,1813,717,259,438,1023,903,1191,1005,201,1336,1884,2863,2226,1134,364
2216,1839,1033,273,-652,-1316,-1774,-1845,-1562,-934,-119,721,1496,2073,2353,2180,1788,1028,178,-618,-1323,-1776,-1786,-1518,-960,-127,744,1514,2186,2362,2196,1709,979,99,-695,-1378,-1790,-1867,-1502,-901,1,910,1596,2184,2255,2119,1657,899,95,-711,-1478,-1757,-1818,-1492,-819,26,890,1609,2173,2306,2230,1687,927,83
-4255,-3503,-2983,-2314,-1232,-792,-1576,-2024,-813,1329,3056,1545,-1796,-4707,-5604,-4799,-3426,-3208,-2412,-1367,-794,-1133,-2022,-1424,698,3010,2510,-449,-3925,-5558,-4948,-3730,-3378,-2756,-1945,-1026,-718,-1552,-1998,-261,2043,2899,601,-3006,-5206,-5168,-4335,-3283,-3064,-2316,-1410,-674,-1538,-1958,-913,1434,3104,1966,-1823,-4708,-5588,-4705,-3689,-3041
-1303,-1597,-1910,-2369,-2651,-2792,-2722,-2586,-2299,-1959,-1488,-1081,-892,-875,-974,-1279,-1679,-2049,-2405,-2656,-2835,-2780,-2569,-2241,-1857,-1425,-1099,-963,-938,-1047,-1320,-1685,-2146,-2487,-2730,-2841,-2786,-2557,-2223,-1773,-1335,-1047,-938,-914,-1060,-1400,-1729,-2167,-2510,-2740,-2846,-2708,-2470,-2115,-1715,-1330,-1014,-908,-948,-1073,-1417,-1782,-2182,-2570
379,1196,1922,2059,1236,-1125,-2968,-3456,-2328,-433,1007,1402,1195,1183,1148,576,268,822,1860,2235,1503,-567,-2755,-3598,-2702,-699,835,1341,1288,1211,850,700,534,633,1539,2262,1841,-316,-2745,-3708,-2963,-1158,429,1482,1465,1273,951,838,596,756,1622,2304,1965,200,-2428,-3567,-3214,-1544,226,1310,1360,1184,1059,726
-745,-340,-9,93,86,-201,-502,-910,-1324,-1654,-1851,-1981,-1750,-1429,-1063,-653,-286,-35,69,0,-296,-609,-1023,-1443,-1708,-1878,-1900,-1670,-1266,-902,-513,-195,76,91,-48,-333,-703,-1146,-1447,-1771,-1907,-1829,-1630,-1229,-890,-408,-112,95,106,-90,-325,-817,-1253,-1614,-1852,-1813,-1775,-1528,-1153,-706,-309,-20,143,36
-1109,-2056,-3785,-4401,-2728,-300,655,-119,-843,-1129,-377,-235,-542,-810,-804,-1354,-2747,-4423,-4121,-2468,33,553,-118,-1223,-922,-187,-130,-530,-976,-941,-1802,-2881,-4439,-4052,-1743,572,494,-524,-1189,-823,-102,-411,-736,-628,-855,-1880,-3464,-4558,-3308,-879,800,305,-1257,-1065,-701,-54,-483,-847,-1022,-985,-2378,-3956,-4457,-2495
-1554,-1625,-1465,-1052,-452,72,502,975,1058,954,655,148,-409,-983,-1441,-1651,-1670,-1412,-1103,-578,-2,493,904,974,951,635,255,-300,-911,-1379,-1578,-1646,-1509,-1068,-584,-86,517,785,974,960,731,219,-248,-808,-1294,-1598,-1726,-1506,-1258,-738,-137,387,798,968,996,749,348,-249,-755,-1233,-1569,-1660,-1560,-1274
1218,1167,862,-589,-1040,-122,2,-693,-581,-264,-64,-54,210,812,1403,1189,494,-939,-758,119,430,-781,-703,-110,-155,-86,329,635,1397,1130,350,-1057,-614,381,-102,-185,-420,-532,-83,289,301,1141,1544,1100,-329,-740,-372,134,341,-379,-417,204,242,85,573,971,1444,380,-563,-561,-38,166,-268,-742
60,-764,-1173,-1222,-663,189,1184,2111,2795,3039,2773,2147,1119,189,-669,-1175,-1183,-745,51,1070,2027,2767,3050,2830,2194,1244,303,-570,-1157,-1260,-743,-23,950,1953,2679,3038,2914,2316,1378,336,-449,-1100,-1190,-824,-102,891,1797,2626,3025,2934,2402,1529,508,-466,-1051,-1169,-902,-170,809,1764,2552,2924,2948,2488
1189,-540,-1193,-313,1582,2280,1564,1205,1750,2437,2738,2017,1433,-33,-1293,-83,1491,2244,1427,1148,1386,2346,2271,2118,1350,-55,-1195,-666,1251,2287,1464,1065,1288,2211,2608,2292,1382,113,-1128,-504,988,2051,1782,774,1384,2254,2557,2188,1873,130,-737,-713,1141,2382,1794,878,1651,2248,2834,2097,1711,706,-956,-864
2968,2793,2529,2255,1856,1363,968,613,482,384,471,733,1226,1662,2131,2457,2744,2893,2862,2641,2347,1919,1481,998,723,436,345,462,750,1119,1539,2042,2423,2724,2893,2853,2718,2356,2042,1576,1128,740,520,402,517,698,1030,1443,1956,2313,2642,2927,2838,2743,2438,2070,1613,1136,793,517,397,429,653,906
1525,2708,2722,1092,-2166,-3755,-3253,-1352,178,416,-205,-304,510,1030,683,205,951,1709,2929,2366,-714,-3023,-3823,-2222,-762,157,-273,-513,-154,646,1100,512,587,1835,2662,2193,363,-2159,-3625,-3208,-1069,824,366,-509,-389,817,615,385,664,924,2188,2872,1720,-930,-3473,-3611,-2312,-396,182,-196,-193,109,380,676
-2541,-2157,-1561,-895,-313,-4,140,-110,-536,-1115,-1736,-2279,-2622,-2846,-2610,-2203,-1694,-1032,-443,-92,47,-112,-482,-1035,-1610,-2250,-2696,-2776,-2709,-2252,-1707,-1110,-553,-120,55,-3,-418,-1003,-1626,-2119,-2600,-2830,-2730,-2375,-1830,-1234,-638,-190,37,35,-376,-916,-1507,-2073,-2547,-2793,-2680,-2346,-1884,-1360,-700,-148,25,-19
4077,3864,1951,166,-812,-1088,-1740,-2537,-2100,-1128,179,1203,906,-370,-1171,-631,1299,3377,4369,3385,1200,141,-822,-1451,-1740,-2384,-1934,-888,583,1032,867,-421,-1079,-205,1693,3930,4204,2802,926,-645,-1522,-1614,-2331,-2528,-2051,-960,626,1081,171,-973,-1274,-112,2316,3749,3989,2355,501,-862,-1667,-1514,-1880,-2396,-1689,-452
1900,888,-202,-1040,-1425,-1516,-1101,-201,744,1791,2688,3072,3155,2692,1820,807,-222,-1109,-1524,-1539,-937,-137,951,1901,2730,3149,3133,2631,1677,651,-391,-1155,-1573,-1467,-882,-12,1040,2032,2793,3157,3043,2486,1569,491,-518,-1233,-1536,-1412,-850,123,1139,2162,2857,3169,2970,2406,1480,383,-560,-1313,-1563,-1354,-749,255
-1000,-1478,-2285,-2539,-2264,-2021,-311,1213,1152,167,-901,-777,193,1852,2852,2171,1423,74,-1478,-1542,-2376,-2385,-2357,-1760,718,1292,976,207,-597,-619,804,2328,2725,1937,1188,-386,-1283,-1883,-2148,-2814,-2336,-1201,310,1026,952,-148,-714,-267,1569,2227,2708,2098,472,-313,-1264,-1797,-2468,-3024,-2333,-1027,251,1507,1112,-110
3170,3701,3781,3383,2610,1627,573,-451,-967,-1309,-1075,-430,521,1621,2628,3388,3788,3731,3193,2345,1311,289,-573,-1143,-1262,-838,-135,873,1937,2852,3507,3834,3591,2917,2002,911,-52,-796,-1222,-1171,-686,160,1189,2207,3155,3718,3762,3397,2708,1680,641,-279,-1001,-1261,-1052,-515,526,1555,2562,3385,3804,3705,3225,2367
2068,1536,599,124,369,1483,1648,1542,1079,1201,2042,2360,2197,1610,1540,322,-51,1178,1586,1902,1271,1149,1599,2075,2390,2201,1491,742,-46,270,1446,1952,1551,800,1246,2271,2513,2258,1680,999,112,1066,1320,1600,1682,1384,1424,2138,2527,2099,1298,979,500,230,1530,1807,1990,1134,1339,1772,1929,2091,1605,1367
-1090,-1070,-840,-629,-359,-86,30,186,214,192,44,-225,-442,-761,-932,-1082,-1128,-1040,-905,-714,-516,-202,-34,177,241,144,77,-147,-441,-648,-820,-1069,-1116,-1128,-994,-795,-529,-315,6,110,199,208,95,-31,-258,-594,-728,-974,-1126,-1118,-1034,-853,-638,-446,-131,61,192,217,140,-46,-232,-451,-764,-910
2664,1978,1559,1362,2655,4022,4628,2308,-280,-2905,-3636,-2159,-1099,89,500,1367,1632,2471,2686,2423,1209,1568,2195,3867,4460,3035,112,-2491,-3720,-2854,-975,20,655,1004,1926,2239,2714,1917,1609,1620,2111,3892,4034,3241,563,-2084,-3315,-2570,-1291,-225,579,1114,1695,2315,2676,2349,1543,1215,2279,3541,4553,3483,1001,-2469
-742,-1360,-2049,-2689,-3253,-3500,-3416,-3022,-2473,-1741,-1151,-584,-388,-420,-887,-1431,-2172,-2783,-3284,-3499,-3373,-2982,-2359,-1659,-999,-550,-297,-510,-888,-1542,-2191,-2826,-3265,-3470,-3361,-2960,-2295,-1604,-977,-553,-325,-493,-994,-1557,-2269,-2895,-3385,-3397,-3356,-2858,-2243,-1512,-840,-478,-397,-570,-957,-1633,-2355,-2967,-3381,-3532,-3281,-2789
1620,2640,1389,-492,323,399,101,286,210,-481,-3280,-4356,-2428,1155,2641,1141,-484,79,319,48,231,145,-775,-2942,-4279,-2197,1635,2474,1119,-325,-97,653,87,153,390,-622,-3096,-4366,-2235,791,2525,1452,13,-213,448,126,-477,424,-544,-3036,-3948,-2674,1107,2725,1250,-544,-69,673,-205,-56,518,-370,-3125,-4696
379,576,478,163,-321,-849,-1227,-1449,-1480,-1258,-885,-447,-100,388,573,478,281,-252,-701,-1106,-1380,-1424,-1328,-928,-516,25,318,532,487,238,-188,-661,-1113,-1370,-1473,-1351,-1036,-530,-96,300,529,573,314,-71,-596,-1040,-1410,-1506,-1357,-1065,-590,-150,258,490,501,337,-62,-490,-940,-1306,-1444,-1410,-1053,-635
-723,-3675,-3371,-1437,-155,375,762,1557,1314,724,398,2115,4144,3970,849,-2656,-3785,-2501,-621,283,671,1001,1558,988,266,1065,3383,4509,2592,-1164,-3790,-3181,-1282,-41,323,705,1300,1409,609,565,2211,4240,3781,617,-2863,-3809,-2365,-657,340,574,1245,1294,832,383,1437,3430,4409,2198,-1665,-3893,-3194,-1127,-69,375
1664,1567,1236,802,446,-58,-492,-807,-969,-1165,-973,-689,-304,204,680,1039,1449,1599,1641,1484,1232,877,395,-117,-516,-834,-1035,-1035,-956,-709,-242,239,647,1079,1369,1629,1635,1472,1257,782,361,-129,-487,-920,-1091,-1092,-926,-622,-284,274,778,1146,1461,1634,1593,1448,1110,721,263,-200,-526,-885,-1065,-1056
-2460,-2210,-1270,-793,-1776,-2550,-1749,-160,591,407,-687,-1226,-2229,-2457,-1730,-1007,-1113,-2099,-2804,-1221,425,327,-374,-1129,-1674,-2381,-2440,-1593,-740,-1434,-2564,-2389,-499,551,324,-357,-1074,-1833,-2270,-2038,-1133,-899,-1859,-2604,-1376,-32,652,-120,-940,-1685,-2144,-2506,-1460,-734,-1268,-2502,-2289,-912,345,529,-322,-947,-1754,-2176
-1680,-1496,-1186,-981,-764,-576,-440,-408,-441,-568,-752,-967,-1237,-1498,-1703,-1873,-1890,-1937,-1811,-1606,-1346,-1126,-906,-657,-420,-416,-427,-440,-637,-958,-1139,-1424,-1642,-1858,-1869,-1949,-1837,-1710,-1456,-1235,-1019,-755,-579,-440,-403,-381,-566,-760,-1081,-1293,-1568,-1799,-1924,-1912,-1916,-1769,-1553,-1332,-1076,-829,-646,-470,-402,-361
1329,595,-5,-350,-765,-952,-390,120,-417,-1932,-3609,-4229,-3581,-1053,2057,3329,3143,2502,1402,760,517,-261,-560,-1237,-664,192,-141,-1148,-2906,-4381,-3960,-1547,1165,2927,3460,2732,1630,1117,588,-121,-587,-994,-653,-206,241,-893,-2611,-4206,-4155,-2060,395,2897,3486,2670,1806,1047,751,276,-399,-1043,-662,-147,411,-528
3386,3633,3347,2436,1256,14,-1074,-1501,-1346,-642,526,1864,2875,3552,3620,3072,1999,725,-418,-1234,-1533,-1111,-219,959,2294,3191,3675,3392,2691,1493,192,-805,-1387,-1436,-854,270,1554,2660,3445,3656,3255,2293,1041,-197,-1207,-1525,-1246,-464,730,1999,3065,3612,3590,2897,1853,582,-570,-1371,-1456,-985,-15,1237,2376,3298
608,131,-927,-2057,-2679,-2402,-1810,-943,-679,-1281,-2607,-3579,-3665,-2925,-1618,-292,372,912,810,330,-679,-1336,-2360,-2836,-2329,-1433,-449,-1079,-1943,-3397,-3835,-3207,-1840,-584,468,756,911,397,-15,-1453,-2128,-2664,-2576,-1690,-900,-710,-1536,-3016,-3726,-3657,-2664,-1056,80,565,934,753,30,-836,-1832,-2500,-2903,-2011,-1150,-684
452,870,1058,1045,859,538,170,-313,-814,-1260,-1564,-1699,-1578,-1334,-980,-432,0,428,805,1072,1101,908,678,122,-404,-790,-1209,-1498,-1695,-1530,-1404,-960,-559,-3,466,825,1044,1064,965,620,143,-300,-761,-1169,-1503,-1609,-1572,-1402,-1052,-510,-80,412,782,1021,1002,972,728,159,-237,-837,-1219,-1495,-1701,-1546
2611,-285,-2091,-2332,-1980,-2313,-1914,-1195,-601,-1097,-2631,-3446,-2006,1513,4275,3976,1167,-1352,-2416,-1977,-1933,-2285,-1946,-701,-495,-2200,-3422,-3463,-798,3265,4146,3411,-327,-2156,-1795,-2581,-2250,-2187,-1857,-644,-682,-2353,-3800,-2392,398,3990,4186,2094,-852,-2167,-2017,-2270,-2487,-1957,-1183,-866,-1243,-3692,-3094,-1247,2970,4483,2960,78
-452,-669,-986,-1054,-1163,-1107,-863,-666,-402,-72,91,249,280,288,152,-81,-503,-769,-1013,-1147,-1148,-1127,-884,-673,-375,-54,186,295,337,281,74,-156,-546,-706,-1024,-1213,-1139,-1127,-819,-638,-349,-36,242,303,400,168,30,-197,-448,-750,-1067,-1109,-1080,-1055,-863,-623,-340,-71,137,228,356,179,54,-231
861,1820,2156,1858,1199,1724,2275,2154,2129,1892,1127,574,-70,265,1079,1731,2181,1585,1243,1318,2370,2356,2186,1754,1369,359,-138,453,1394,1957,2219,1357,1241,1532,2082,2251,2247,1717,1019,347,50,505,1463,1791,1710,1503,1304,1583,2331,2340,1836,1348,876,490,-19,694,1564,2106,1917,1389,1370,2162,2260,2030
667,1044,1594,2169,2649,3128,3419,3446,3276,2937,2451,1930,1381,841,445,280,205,479,811,1240,1867,2414,2973,3281,3454,3382,3213,2719,2230,1712,1135,595,366,224,329,602,975,1524,2078,2606,3069,3373,3405,3278,3005,2528,2013,1418,915,474,295,235,334,705,1199,1804,2327,2799,3230,3362,3392,3157,2814,2273
4327,4464,2309,-2600,-4924,-4395,-1315,386,1549,1380,1769,2263,1193,957,2213,4568,4476,1765,-2387,-5374,-3926,-1601,807,1036,1450,2258,1885,1294,762,2231,4337,4501,1889,-2525,-5009,-3982,-1789,838,1424,1434,2097,2409,1219,1234,2017,4139,4769,1601,-2843,-5234,-4272,-1306,801,1666,1547,2166,1842,1072,819,2124,4548,4508,1363,-2709
-118,79,71,-84,-389,-682,-996,-1202,-1253,-1032,-685,-383,-123,53,100,-18,-351,-639,-972,-1209,-1267,-1113,-810,-439,-163,40,154,69,-180,-640,-872,-1125,-1209,-1184,-854,-540,-240,85,161,114,-159,-522,-854,-1090,-1202,-1159,-934,-681,-327,55,160,25,-154,-452,-698,-1008,-1175,-1252,-992,-712,-382,-122,119,81
2625,3276,2016,423,1256,2772,3778,4184,3878,3396,2816,660,-1520,-3174,-2479,475,3432,3234,2132,573,1126,2810,4079,3910,3487,3505,2570,398,-2217,-3850,-1907,1306,3534,2952,1507,148,1627,3295,4085,3832,3602,3427,2370,380,-2611,-3185,-1446,1961,3605,3080,1394,578,1792,3576,4078,4115,3618,2775,2193,-360,-3071,-3702,-1323,1946
-1857,-1725,-1201,-340,565,1281,1859,1995,1734,1090,215,-592,-1359,-1855,-1839,-1546,-882,-20,877,1480,1947,1916,1507,773,-61,-950,-1651,-1920,-1784,-1331,-532,344,1154,1719,1969,1813,1304,419,-436,-1274,-1746,-1967,-1599,-1065,-220,657,1439,1835,1986,1660,960,141,-759,-1489,-1880,-1890,-1469,-752,129,965,1655,1996,1900,1456
-418,123,473,938,338,-180,-514,430,1835,2412,1710,530,-936,-992,-1097,-1485,-664,-388,39,612,782,8,-37,-63,864,1990,2541,1329,-47,-1310,-1239,-1388,-900,-383,-129,681,846,328,63,-193,612,2000,2840,2097,696,-418,-947,-908,-1143,-566,-587,-76,758,566,-533,-355,-416,831,2380,2408,1362,-157,-1295,-1281
-1434,-2019,-2445,-2769,-2850,-2689,-2360,-1907,-1224,-773,-357,-106,-84,-411,-807,-1398,-1958,-2507,-2791,-2845,-2726,-2445,-1880,-1336,-778,-308,-97,-119,-371,-727,-1318,-1851,-2385,-2721,-2876,-2787,-2433,-1948,-1344,-775,-387,-124,-91,-275,-694,-1267,-1846,-2401,-2783,-2901,-2730,-2458,-1921,-1399,-827,-384,-99,-110,-286,-712,-1232,-1778,-2286,-2742
-2266,-1977,-451,399,582,-480,-1595,-512,1698,2209,1211,-1093,-2301,-2631,-2274,-1900,-680,288,732,-93,-1140,-751,1266,2637,1503,-1120,-2286,-2837,-2502,-2013,-813,376,403,-345,-1341,-761,1088,2323,982,-1091,-2228,-2630,-2324,-2010,-740,321,740,-714,-2011,-682,1324,2191,1668,-1058,-2369,-2652,-2292,-1928,-1062,343,488,-65,-1256,-684
-582,-749,-546,-208,306,905,1366,1779,1893,1779,1461,849,276,-159,-509,-636,-492,-186,364,883,1424,1717,1808,1803,1414,796,316,-259,-544,-658,-584,-224,300,867,1395,1780,1863,1769,1428,917,351,-182,-551,-691,-572,-167,250,872,1392,1759,1859,1764,1502,872,386,-122,-572,-627,-553,-226,280,852,1383,1714
-514,-445,-627,-1063,-1896,-2440,-2943,-1932,-1227,-1814,-2718,-3100,-1992,-1035,-349,-646,-1446,-2194,-2843,-3206,-1956,-2016,-1506,-2728,-2596,-2853,-1417,-907,-455,-931,-1212,-2448,-2799,-2520,-1812,-1381,-2427,-2868,-3069,-1724,-831,-618,-489,-787,-2130,-2398,-2983,-2074,-1566,-1878,-2491,-2916,-2034,-977,-977,-877,-782,-1567,-2383,-3082,-2555,-1616,-1497,-2205
1800,1782,1311,498,-399,-1196,-1723,-1636,-1285,-526,447,1241,1770,1816,1498,714,-190,-972,-1611,-1748,-1450,-769,185,980,1667,1778,1491,898,109,-842,-1513,-1696,-1519,-969,-82,802,1533,1886,1574,1078,258,-663,-1383,-1742,-1709,-1101,-209,643,1382,1785,1739,1212,448,-411,-1205,-1702,-1695,-1175,-483,371,1196,1764,1870,1393
802,1658,959,640,1198,2830,4564,4303,1609,-1450,-2794,-1749,-280,759,187,449,998,1343,1176,574,1060,2695,4414,4500,1547,-1074,-2693,-1920,-159,596,621,697,779,1263,1215,874,1000,2367,4208,4208,1992,-960,-2433,-2330,-590,482,673,252,846,1291,1437,675,727,2202,3961,4338,2379,-522,-2527,-2119,-652,545,547,306
2259,2504,2473,2335,2012,1646,1171,704,431,240,176,337,674,976,1477,1878,2279,2399,2470,2345,2104,1651,1200,769,389,268,186,268,555,1025,1452,1795,2234,2401,2468,2436,2076,1736,1300,903,443,242,111,247,546,881,1317,1778,2140,2467,2499,2416,2164,1766,1272,900,557,240,156,254,504,806,1339,1801
-256,565,1343,1625,776,-183,-1028,-1133,-736,-368,213,733,1180,863,225,-332,88,1285,1640,970,-394,-1228,-1212,-846,-395,-135,647,1287,1147,351,-472,154,1222,1562,1060,-340,-1017,-1041,-738,-562,-87,559,1332,1235,434,-267,44,1104,1617,947,-220,-1182,-1041,-649,-508,9,497,1117,1100,419,-192,6,990,1603
1076,-78,-1143,-1741,-1847,-1460,-498,554,1714,2515,2983,2764,2138,1042,-61,-1152,-1766,-1829,-1460,-548,559,1701,2519,2916,2820,2143,1063,-1,-1095,-1672,-1817,-1410,-512,557,1683,2568,3020,2726,2143,1153,21,-1131,-1736,-1860,-1452,-573,522,1706,2516,2990,2718,2054,1212,-32,-1073,-1686,-1825,-1409,-588,542,1655,2511,2844,2785
2500,2204,1898,1768,2553,2901,2007,829,267,583,2151,2470,2580,2136,1932,1924,2146,2834,2210,1095,-24,211,1204,2198,2658,2414,2146,1776,1496,2342,2740,1917,872,-203,914,1665,2807,2715,2336,2041,1683,1832,2462,2263,1141,152,251,729,2103,3117,2564,2203,1941,1533,2605,2731,1840,651,70,227,1719,2754,2689,2375
1080,1287,1622,2124,2449,2578,2696,2523,2233,1747,1431,1021,891,903,1238,1547,1983,2335,2580,2700,2667,2385,1973,1512,1182,958,900,1059,1384,1834,2227,2459,2610,2682,2471,2153,1709,1221,1058,931,1052,1281,1606,2063,2442,2690,2657,2554,2261,1840,1492,1127,962,962,1120,1423,1904,2313,2540,2655,2605,2383,2008,1609
129,-545,602,803,479,229,587,-259,-991,-1272,-1627,-1059,42,875,1226,-154,389,698,626,531,236,400,500,197,-989,-2156,-1922,-955,34,964,1033,-406,-95,202,60,1105,1305,975,50,354,-320,-1955,-2149,-1517,526,1382,522,171,-79,107,535,455,534,737,903,239,-673,-1557,-2113,-1507,-46,437,596,134
414,588,688,685,606,370,23,-186,-493,-645,-652,-627,-440,-176,114,383,649,652,650,629,370,110,-170,-446,-586,-586,-587,-431,-174,131,292,571,698,700,623,350,79,-173,-442,-618,-606,-597,-362,-226,110,363,539,706,727,584,396,131,-217,-307,-578,-627,-632,-419,-159,102,397,597,610,757
-1357,-326,1209,1390,-753,-1283,227,2549,2814,3165,2938,1238,-932,-858,664,1553,321,-1590,-699,1137,2925,2484,2894,2239,189,-552,-73,1508,1504,-657,-1027,67,2443,3164,2559,2559,1228,-389,-1099,756,1689,478,-1516,-1142,1402,2447,2283,2692,1692,311,-1038,127,1251,1092,-693,-1444,-149,2199,2592,2957,2748,941,-681,-975
473,946,1130,1152,833,405,-142,-512,-850,-865,-727,-353,48,674,1068,1152,1057,828,242,-282,-677,-867,-848,-593,-179,314,792,1113,1151,946,663,166,-401,-802,-919,-854,-504,-24,519,919,1101,1101,871,410,-86,-521,-815,-942,-765,-364,152,609,1029,1161,1104,737,258,-209,-582,-897,-837,-719,-179,304
2913,3240,2131,1999,1446,469,175,963,2079,2942,2156,1616,1386,1949,2451,3010,2446,1699,1169,425,-160,820,1889,2633,2346,1403,1417,2435,3083,2829,2340,1710,1202,438,-203,562,2423,2877,2208,1375,1746,2159,2895,2826,2104,1951,828,563,389,777,1889,2936,2164,1501,1664,1869,3293,2474,2120,1698,1070,119,48,1101
-369,-96,354,1000,1797,2458,2933,3214,3215,3012,2554,1865,1143,420,-49,-367,-461,-292,203,806,1477,2211,2775,3124,3288,3140,2679,2193,1431,709,86,-237,-444,-398,25,536,1318,1984,2643,3065,3280,3160,2837,2293,1658,916,352,-187,-390,-448,-35,398,1081,1804,2415,2999,3189,3258,3018,2534,1932,1145,455,5
-3809,-2416,-1586,-1552,-1534,-1546,-1945,-1499,-269,454,-1096,-2763,-3663,-2894,-2212,-1486,-1608,-1169,-1996,-1862,-703,449,5,-2093,-3672,-3766,-2576,-1663,-1460,-1614,-1960,-2111,-1024,-150,-64,-1292,-3402,-3667,-2735,-2038,-1774,-1213,-1575,-1848,-1820,-637,458,-621,-2742,-4091,-3128,-2007,-1899,-1317,-940,-1927,-2017,-947,128,116,-1554,-3354,-3541,-2411
3821,3912,3616,3114,2331,1441,749,209,-52,118,514,1229,2044,2841,3474,3825,3818,3530,2951,2136,1406,602,165,18,154,682,1385,2181,2927,3562,3843,3856,3468,2821,2045,1197,552,41,27,344,769,1570,2293,3063,3668,3893,3766,3406,2661,1815,1123,501,9,67,264,904,1585,2453,3254,3624,3876,3767,3211,2551
-2663,-3936,-3153,-1721,-437,431,1886,2876,1115,-1520,-2924,-1694,-66,-199,-3053,-4302,-3164,-1535,-347,418,1807,2552,1475,-1358,-3041,-1965,0,63,-2579,-4073,-3461,-1623,-314,423,1501,2814,1319,-1477,-3096,-1764,-8,73,-2002,-3768,-3297,-1443,-433,520,1468,2905,1822,-1265,-3116,-2240,-48,-69,-2242,-3865,-3316,-1440,-210,160,1471,2546
766,1384,1807,1826,1518,929,192,-628,-1317,-1695,-1640,-1331,-705,3,824,1482,1825,1837,1494,782,50,-751,-1364,-1647,-1662,-1228,-655,171,917,1525,1847,1785,1379,716,-92,-842,-1433,-1656,-1597,-1207,-514,271,1021,1579,1863,1747,1310,664,-163,-911,-1443,-1713,-1644,-1152,-498,318,1088,1579,1856,1681,1344,559,-260,-960
-48,-79,-1057,-1500,-1789,-1646,-1818,-2402,-2234,-2504,-3571,-3517,-2370,-1182,179,171,-976,-1669,-1876,-1790,-2519,-1964,-2264,-2449,-3272,-3657,-2559,-1131,245,265,-687,-1604,-1731,-1861,-2261,-2418,-2531,-2484,-3203,-3457,-2736,-1298,-342,168,-867,-1624,-1643,-1556,-2014,-2218,-2129,-2286,-3625,-3689,-2793,-753,497,61,-1010,-1656,-1875,-1941,-1760,-2348
1445,882,354,-246,-703,-1102,-1232,-1314,-1103,-697,-205,371,869,1434,1754,1938,1956,1732,1318,893,279,-252,-761,-1115,-1275,-1247,-1097,-681,-195,370,899,1448,1774,1920,1962,1661,1283,824,152,-279,-731,-1151,-1258,-1263,-1019,-631,-116,449,1027,1489,1804,1951,1873,1661,1301,810,236,-376,-827,-1140,-1302,-1308,-1031,-594
2227,2399,1099,-733,378,2002,2898,2713,535,-261,-1112,-1829,-2715,-1466,-210,1379,2619,1305,-216,103,1640,2873,2899,1558,-220,-796,-2006,-1888,-1604,-719,1435,2373,1703,-143,-303,1542,2650,3066,1368,8,-959,-1512,-2412,-2578,-975,1109,2171,2189,779,-241,482,2526,2886,2437,395,-1022,-1679,-2298,-2212,-1642,453,2670,2341,1101
1295,968,618,19,-504,-1087,-1561,-1936,-2050,-2018,-1792,-1419,-910,-293,292,777,1133,1367,1367,1173,893,440,-127,-738,-1291,-1695,-1949,-2050,-2028,-1715,-1235,-725,-140,529,928,1276,1441,1395,1160,731,191,-387,-928,-1435,-1875,-1969,-2035,-1879,-1539,-1049,-487,94,654,1019,1366,1466,1287,996,574,35,-551,-1160,-1636,-1863
1871,2563,2111,1914,2017,1459,1277,1565,1840,509,-1014,-558,1447,2831,2247,1802,1906,1635,1091,1539,1944,735,-813,-620,1312,2538,2389,1994,1995,1633,1159,1469,1819,1163,-899,-992,929,2714,2609,1944,1977,1894,1268,1191,1984,1439,-607,-1261,646,2551,2388,2059,1988,1744,1107,1277,2048,1590,-263,-994,206,2146,2605,2066
-1413,-2347,-2883,-3057,-2760,-2125,-1187,-204,618,1233,1599,1467,922,56,-893,-1859,-2621,-3052,-2951,-2475,-1753,-822,242,1050,1542,1599,1257,532,-445,-1391,-2255,-2934,-3062,-2825,-2186,-1267,-316,596,1329,1640,1445,886,103,-886,-1872,-2531,-2995,-2965,-2613,-1792,-825,185,943,1453,1642,1314,615,-278,-1341,-2221,-2840,-3085,-2855,-2233
-1439,46,375,473,229,90,-132,34,-522,-783,113,98,277,-365,-2203,-3439,-4212,-3893,-2383,-648,533,533,151,7,-383,-429,-392,-719,-424,63,997,588,-709,-2391,-4010,-4768,-3104,-1385,514,1065,478,-363,-134,-643,-201,-426,-364,-24,163,576,-220,-1307,-3852,-4899,-4099,-2699,-921,289,933,303,-8,198,288,-185
2579,2905,2864,2525,1914,1291,743,385,404,775,1410,1998,2626,2897,2885,2560,1941,1313,685,435,393,677,1315,1911,2506,2871,2873,2562,1996,1372,793,405,375,673,1245,1846,2495,2803,2870,2581,2060,1409,812,367,415,660,1115,1819,2478,2820,2953,2660,2111,1413,821,467,380,588,1087,1702,2410,2831,2948,2729
1500,1838,2342,2365,1941,721,-125,45,790,1445,1279,1075,1331,822,1117,1174,1087,1707,1991,2641,2262,1537,475,-205,240,740,1277,1634,1322,945,1067,1335,1456,1671,1466,2221,2386,2512,1508,503,-137,0,716,1390,1167,1204,1116,1159,1079,1295,1265,2048,1989,2403,2068,1152,289,-283,182,785,1440,1389,947,760
-2278,-2087,-1731,-965,-219,632,1443,2060,2415,2438,2189,1705,1042,194,-657,-1400,-1980,-2215,-2206,-1905,-1349,-524,210,1030,1712,2238,2502,2411,1987,1364,568,-297,-1110,-1667,-2120,-2262,-2144,-1641,-998,-189,655,1451,2109,2382,2393,2228,1667,986,105,-673,-1468,-1875,-2263,-2204,-1949,-1329,-591,295,1091,1787,2252,2425,2387,1978
-932,-795,-809,-1128,-1400,-1496,-2008,-1951,-663,1106,852,-170,-1377,-1051,-957,-1081,-1573,-1545,-2205,-2343,-1849,94,1106,442,-556,-1115,-654,-839,-1059,-1469,-1475,-2129,-1927,-785,700,949,382,-800,-993,-933,-845,-1601,-1375,-1605,-2296,-2021,-390,1054,815,-695,-1462,-997,-1082,-1408,-1367,-1696,-1812,-2120,-1540,311,1007,465,-1252,-1116
290,78,26,82,313,624,974,1229,1291,1369,1185,948,527,258,94,29,174,446,757,985,1272,1305,1263,1169,770,507,205,96,59,276,545,806,1130,1340,1332,1282,914,694,357,95,-17,84,257,521,877,1185,1325,1342,1166,943,614,343,47,45,41,398,700,1039,1246,1429,1329,1105,726,456
-153,217,907,656,108,700,2403,3134,2264,427,-665,-344,-186,-529,-309,435,720,641,187,1276,2757,3276,1814,-181,-844,-317,-192,-672,-34,460,950,100,278,1721,3295,3044,1242,-553,-470,-54,-162,-574,-215,887,1112,364,561,2234,3536,2706,712,-307,-751,-470,-322,-409,142,776,448,144,675,2508,3596,2194
-1580,-926,-448,-44,134,-49,-451,-1038,-1669,-2290,-2639,-2854,-2923,-2552,-2051,-1470,-782,-255,12,68,-167,-604,-1248,-1802,-2409,-2796,-2867,-2746,-2399,-1872,-1241,-667,-195,27,79,-289,-760,-1405,-2025,-2556,-2763,-2913,-2749,-2253,-1668,-1063,-454,-59,89,-36,-411,-969,-1692,-2189,-2676,-2937,-2859,-2592,-2142,-1553,-850,-330,6,56
1011,-217,-1361,-1129,15,-183,-780,-1433,-2718,-2658,-2933,-2645,-630,566,1509,753,-1082,-1315,-860,41,-437,-830,-2069,-3018,-3488,-3022,-1358,278,1397,1047,-170,-922,-812,-413,-204,-458,-1575,-2734,-3005,-3391,-2343,-981,919,1546,684,-600,-1009,-921,177,133,-919,-2165,-2654,-3667,-3325,-1495,295,871,778,91,-1415,-714,-451,248
3468,3583,3330,2768,1846,970,61,-549,-776,-679,-61,777,1721,2604,3259,3646,3454,3083,2149,1233,306,-383,-703,-672,-337,516,1389,2311,3086,3533,3599,3247,2505,1646,650,-129,-668,-739,-479,168,1064,2025,2867,3433,3625,3366,2774,1919,1026,72,-484,-828,-625,-94,692,1655,2596,3263,3617,3549,3031,2251,1381,398
3031,258,-3109,-5681,-6319,-4580,-1910,236,1253,875,317,403,147,67,-70,527,1844,3502,3913,1971,-1135,-4676,-6583,-5614,-3300,-771,481,1094,830,297,133,54,140,291,1636,2752,3627,3022,486,-3083,-6073,-6483,-4354,-2160,186,1105,762,718,297,305,98,-244,901,1681,3462,3573,2003,-1229,-4894,-6280,-5733,-3221,-881,380
-1182,-1551,-1308,-512,723,1958,2954,3522,3550,2961,1903,636,-484,-1315,-1528,-1204,-242,928,2106,3135,3582,3453,2713,1687,397,-720,-1371,-1499,-1001,-34,1253,2435,3340,3621,3358,2545,1432,161,-887,-1489,-1465,-859,224,1441,2617,3359,3681,3225,2381,1161,-72,-989,-1571,-1408,-725,427,1665,2786,3476,3644,3117,2154,903,-252
415,-1582,-747,409,354,846,2407,2478,1096,968,3059,4933,3565,397,-1731,-976,256,598,1189,2055,2421,847,632,2825,5129,3990,645,-1299,-947,296,764,1076,2107,2266,1158,913,2778,5249,4156,646,-1503,-924,550,725,1158,2033,2201,1194,587,2434,4810,4397,1127,-1392,-1284,218,483,1183,2089,2413,1251,849,2510,4709
464,914,1499,2122,2692,3016,3112,2941,2547,1938,1380,758,392,250,269,722,1222,1859,2460,2826,3074,3006,2733,2270,1597,1034,565,232,241,542,958,1627,2229,2749,2952,3112,2896,2470,1856,1185,661,343,207,397,680,1326,1961,2514,2935,3146,3040,2653,2163,1541,952,462,220,288,541,1107,1690,2344,2746,3046
-1253,-316,-318,-757,-1388,-1781,-1041,96,845,614,148,-500,-315,-1127,-1466,-1624,-1063,-427,-266,-1045,-1414,-1442,-690,286,695,423,-2,-392,-622,-1131,-1537,-1526,-976,-408,-578,-875,-1440,-1496,-659,433,731,601,39,-488,-539,-1101,-1620,-1370,-1003,-106,-469,-1116,-1654,-1458,-227,443,943,377,-287,-368,-636,-1272,-1460,-1406
-520,-319,109,833,1844,2903,3707,4272,4536,4364,3756,3000,2017,1031,137,-360,-499,-371,195,1170,2063,3096,3874,4412,4543,4199,3624,2744,1764,840,25,-390,-530,-207,511,1353,2346,3206,3926,4436,4453,4148,3468,2532,1515,608,-83,-473,-466,-126,666,1615,2590,3396,4149,4429,4407,4005,3184,2278,1296,468,-202,-508
-19,59,1205,1276,975,-227,-830,-202,660,549,-686,-2734,-3205,-2464,-1368,-446,-383,510,1284,1048,-400,-1079,-215,635,695,-393,-2340,-3282,-2476,-1126,-977,2,768,1213,1030,-173,-1071,-321,840,783,-583,-2363,-3138,-2637,-1263,-484,171,313,1155,1338,382,-1118,-828,425,969,14,-2181,-3414,-2860,-1609,-634,45,446,1043
-482,-1307,-2266,-3044,-3586,-3897,-3847,-3307,-2493,-1590,-704,-43,315,392,-114,-734,-1669,-2571,-3358,-3831,-3949,-3582,-3010,-2152,-1239,-493,164,425,235,-298,-1070,-1954,-2908,-3541,-3878,-3848,-3440,-2679,-1782,-943,-204,247,370,76,-539,-1480,-2335,-3167,-3707,-3933,-3735,-3154,-2478,-1471,-615,35,369,329,-138,-853,-1731,-2704,-3389,-3841
4951,4958,4230,2001,147,-247,106,794,1113,371,-37,-371,-1031,-2125,-3574,-4093,-2985,476,3667,5164,4762,2778,827,-99,168,1138,937,895,466,-74,-567,-1553,-3448,-3907,-3585,-943,2009,4713,5635,3822,1391,362,-170,737,1585,1073,287,119,-470,-1171,-2109,-3739,-4013,-2410,440,3413,5187,4950,2870,862,-283,374,1074,1048
703,1388,1841,2071,1819,1387,602,-47,-669,-1060,-1178,-904,-410,283,1066,1535,2023,2026,1720,1083,396,-320,-841,-1128,-1162,-789,-140,591,1289,1780,2013,1876,1436,825,112,-588,-1033,-1186,-988,-490,169,902,1478,1961,2037,1794,1235,557,-238,-836,-1080,-1167,-819,-302,417,1149,1714,1998,1925,1555,909,208,-438,-943
1544,225,-982,-1687,-207,1349,1134,-1122,-3446,-3154,-195,2657,4022,3489,2309,1952,1018,-119,-1549,-1485,277,1548,189,-2134,-3782,-1993,1130,3778,3897,2662,1983,1619,228,-1155,-1630,-582,1235,1054,-1102,-3148,-3406,-494,2705,4097,3463,2349,2032,1198,-437,-1475,-1348,164,1336,530,-2031,-3656,-2337,939,3842,3832,2843,2225,1337,319
-2663,-2419,-2012,-1634,-1165,-781,-584,-530,-631,-941,-1408,-1830,-2209,-2544,-2690,-2704,-2456,-2129,-1723,-1298,-876,-601,-540,-636,-865,-1296,-1672,-2118,-2415,-2677,-2677,-2554,-2186,-1774,-1325,-941,-695,-568,-554,-758,-1156,-1608,-2015,-2437,-2676,-2671,-2578,-2239,-1888,-1442,-955,-694,-547,-599,-761,-1045,-1445,-1931,-2352,-2567,-2675,-2601,-2343,-1983
-1804,-5070,-5278,-3990,-2382,-2025,-1364,-1176,-478,-685,-1921,-1135,1207,3164,2073,-1319,-4727,-5593,-4156,-2896,-2017,-1642,-819,-717,-1234,-1685,-915,1661,2672,2044,-1071,-4347,-5547,-3964,-2940,-2139,-2111,-934,-851,-683,-1945,-1124,398,3045,2500,-769,-4240,-5402,-4459,-3219,-2123,-1793,-1440,-842,-744,-1791,-1337,825,2519,2423,-793,-3938,-5469,-5159
-1399,-336,845,2186,3026,3154,2734,1721,490,-817,-1617,-1914,-1517,-532,646,1925,2811,3153,2919,1955,748,-536,-1509,-1896,-1651,-745,405,1707,2755,3199,2940,2103,922,-341,-1381,-1882,-1760,-1038,201,1520,2611,3099,3021,2368,1226,-111,-1213,-1794,-1800,-1220,-54,1267,2346,3124,3087,2563,1464,141,-989,-1713,-1829,-1306,-307,998
556,1008,1888,2934,2592,1756,-477,-1602,-1978,-1879,-1259,-854,-199,1343,2653,2388,1780,1333,821,1425,2453,3444,2727,1260,-448,-1634,-1964,-1742,-1337,-257,469,1640,2415,2055,1479,567,744,1784,2997,3173,1797,299,-1307,-1930,-1678,-1605,-610,-575,938,2058,2360,1756,1231,847,690,1991,3369,2699,1001,-658,-1548,-1880,-1483,-1410
-1023,-378,233,488,689,577,244,-311,-890,-1609,-2174,-2745,-2995,-3171,-3058,-2738,-2227,-1611,-933,-325,151,478,643,509,175,-246,-959,-1597,-2192,-2766,-3066,-3135,-3057,-2701,-2171,-1526,-974,-311,124,572,600,514,202,-322,-972,-1601,-2206,-2765,-3061,-3214,-3042,-2685,-2195,-1492,-902,-302,263,565,665,529,123,-369,-1022,-1612
2731,112,-1966,-1464,-105,1628,1618,372,-734,-1444,-2340,-3479,-5321,-6551,-4979,-1644,2314,4376,3272,213,-1914,-1713,-138,1352,1693,524,-691,-1643,-2239,-3688,-5220,-6354,-5164,-1874,2361,4269,3394,546,-1695,-1937,-27,1403,1662,788,-314,-1493,-2199,-3130,-5088,-6046,-5544,-2316,1797,4223,3190,653,-1449,-2074,-347,1196,1885,706,-395,-1410
28,116,432,1039,1705,2361,2673,2710,2328,1753,1057,403,67,49,380,883,1656,2254,2687,2734,2401,1845,1141,506,111,-30,324,927,1540,2246,2578,2750,2455,1912,1208,562,112,4,320,807,1375,2115,2628,2683,2534,2072,1399,658,200,-2,180,716,1312,2040,2556,2606,2590,2141,1475,743,253,21,212,569
-1989,-2331,-1652,-1437,-2560,-4013,-3666,-1263,932,525,693,-54,-695,-1805,-2485,-2203,-1896,-1231,-2856,-3903,-3402,-1180,221,1044,144,-397,-717,-1737,-2408,-2049,-1244,-1789,-3302,-3870,-2353,-313,460,1139,-65,-417,-1082,-1812,-2286,-1661,-1542,-1925,-3357,-3447,-2259,-337,1088,453,-27,-559,-1259,-2378,-1986,-1707,-997,-2125,-3464,-3464,-1696,514
521,1134,1491,1759,1832,1610,1159,650,93,-358,-683,-664,-433,-119,458,1089,1485,1846,1889,1686,1233,740,134,-340,-644,-706,-464,-49,444,1029,1585,1829,1793,1554,1218,706,175,-274,-650,-718,-426,-60,492,929,1475,1815,1854,1686,1220,686,157,-304,-633,-732,-475,-48,340,1004,1444,1797,1813,1675,1208,688
1279,1763,1051,868,2477,4415,4116,1112,-2195,-3787,-2529,-347,-22,-287,-241,691,1446,1120,960,1904,3887,4625,2542,-1211,-3371,-2930,-1126,76,57,-579,202,1194,1567,760,1490,2964,4452,3679,512,-2803,-3551,-2075,-4,54,-481,-278,1151,1591,1238,1162,2578,4333,4298,1992,-1695,-3862,-2729,-673,110,-505,-290,409,1464,1591
1911,1472,749,-81,-796,-1526,-2094,-2410,-2495,-2280,-1818,-1179,-440,356,1076,1695,2096,2247,2055,1737,1100,389,-507,-1242,-1869,-2267,-2503,-2398,-2066,-1493,-772,-5,821,1464,1941,2170,2198,1941,1433,687,-80,-860,-1536,-2121,-2404,-2466,-2246,-1792,-1128,-341,462,1105,1753,2162,2257,2069,1678,989,254,-472,-1251,-1894,-2289,-2508
1125,1228,1251,1857,1239,-242,-2248,-2958,-1524,1139,3782,5135,4697,3768,2858,2406,2290,1715,1120,1032,1504,1712,1291,-575,-2557,-2774,-1513,1397,4123,4946,4862,3614,2873,2499,2083,1995,1229,1133,1606,1657,1145,-483,-2322,-2925,-1516,1255,3745,5243,5024,3617,2936,2436,2428,1562,1103,1086,1433,1660,1055,-602,-2322,-2742,-1401,1378
-1712,-2312,-2380,-1942,-942,161,1255,2044,2388,2207,1466,483,-599,-1629,-2286,-2373,-1896,-1004,120,1224,2091,2366,2236,1522,479,-648,-1632,-2233,-2341,-2001,-1079,73,1148,1997,2366,2302,1533,566,-594,-1673,-2252,-2396,-1985,-1079,-1,1173,1954,2384,2235,1629,603,-576,-1528,-2232,-2379,-1988,-1101,5,1054,1908,2404,2286,1654,675
4488,2689,895,538,2281,2866,2182,475,-572,-244,635,1350,3000,4122,4521,3595,1376,777,1378,3048,2764,1156,-388,-680,244,1115,2257,3446,4478,4204,1819,529,743,2731,3005,1853,-186,-886,148,778,1480,3081,4464,4333,2852,909,639,1815,2960,2344,585,-733,-163,822,1812,2645,4076,4575,3470,1759,882,1576,3009,2709
2417,2320,1968,1490,903,278,-188,-520,-534,-413,46,716,1221,1814,2208,2428,2268,1933,1433,869,190,-259,-496,-527,-250,166,788,1390,1943,2245,2352,2338,1882,1366,713,97,-250,-527,-563,-244,160,790,1485,1935,2330,2362,2165,1752,1181,624,71,-391,-548,-488,-152,270,883,1514,2009,2306,2289,2234,1749,1153
3802,2240,-569,-2087,-786,2012,2277,596,153,1633,3941,4221,4128,4012,2708,-88,-2192,-794,1383,2378,831,83,1509,3559,4335,4433,3922,2817,592,-1846,-1385,1042,2395,1023,-138,983,3501,4278,4250,4067,3038,624,-1564,-1368,987,2161,1244,-33,836,2991,4262,4189,4161,3394,1284,-1440,-1796,390,2562,1411,-166,683,2826,4029
1497,2217,2291,1930,1139,-7,-1111,-1891,-2195,-1932,-1311,-230,921,1874,2259,2268,1654,617,-519,-1432,-2062,-2164,-1727,-825,213,1342,2076,2344,2087,1221,180,-899,-1767,-2133,-1970,-1478,-393,722,1686,2275,2292,1689,820,-245,-1324,-1942,-2200,-1773,-1085,80,1132,1961,2319,2136,1410,408,-720,-1686,-2162,-2151,-1522,-590,497,1550
2963,4961,4200,2414,1488,1783,1749,1405,1600,1313,175,-225,1889,4569,4711,2950,1647,1705,1958,1928,1577,1376,477,88,984,3912,5020,3741,2014,1743,2004,1782,1601,1566,869,-336,432,2719,4978,4472,2449,1479,1631,1838,1404,1554,1024,411,-24,1738,4464,4813,3087,1469,1367,1865,1539,1224,1246,386,-172,913,3588,4991
-2523,-2026,-1232,-270,682,1378,1830,1910,1509,866,-54,-1001,-1914,-2445,-2711,-2601,-2112,-1274,-311,600,1310,1758,1905,1570,890,10,-885,-1776,-2404,-2719,-2662,-2130,-1361,-440,482,1265,1719,1922,1576,906,95,-812,-1727,-2405,-2729,-2601,-2231,-1530,-513,442,1198,1690,1883,1611,968,168,-761,-1651,-2331,-2675,-2625,-2229,-1548,-641
-1760,-2180,-1120,361,524,-252,-596,479,848,637,1055,886,-995,-2497,-2018,-255,881,125,-674,-268,547,512,1052,968,951,-1431,-2690,-1466,201,601,22,-127,-75,818,517,1054,1198,-52,-1735,-2609,-873,648,683,-354,-490,547,602,985,1517,685,-676,-2471,-2260,-420,679,471,-746,-477,301,858,910,1202,463,-1601
-72,-443,-696,-812,-634,-472,-152,92,459,489,421,196,-67,-418,-644,-783,-719,-540,-246,-6,365,478,509,213,-111,-394,-631,-703,-792,-584,-286,-7,266,546,516,359,33,-302,-642,-780,-756,-617,-364,-35,271,464,496,325,111,-278,-503,-758,-755,-616,-359,-1,339,423,440,408,68,-256,-511,-769
1409,2347,2660,2451,2666,2301,1613,789,-327,-627,847,1762,2057,1788,1158,1723,1910,2261,2328,2272,2360,2154,1323,183,-355,130,1174,1905,1790,1268,932,1755,2200,2245,2484,2370,2338,1556,557,-503,-226,984,1606,1870,1583,1203,1600,1626,2210,2373,2170,2348,2150,809,-35,-336,352,1138,1724,1936,1444,1367,1760,2262
2201,2157,1688,972,277,-522,-1085,-1206,-1039,-595,218,912,1623,2077,2159,1931,1322,474,-245,-886,-1183,-1189,-760,-161,686,1424,1978,2237,2074,1539,857,4,-684,-1096,-1200,-957,-395,310,1142,1824,2131,2192,1790,1097,343,-468,-1036,-1239,-1097,-568,62,923,1561,2138,2205,1928,1347,604,-190,-827,-1187,-1174,-836,-136
1105,1298,2710,3554,2022,-1057,-3264,-3663,-2037,-347,352,1127,1722,1869,1076,717,1429,2870,3655,2297,-882,-3315,-3267,-1907,-380,489,1276,1805,1638,1388,705,1188,2789,3414,2233,-1136,-3550,-3486,-1875,-320,799,1232,1606,1498,1193,404,1689,2761,3364,1967,-881,-3222,-3704,-2147,-655,790,1233,1566,1850,844,726,1299,2713,3596
-1359,-2222,-3100,-3764,-4187,-4273,-4022,-3580,-2936,-2081,-1224,-433,143,539,635,365,-112,-850,-1652,-2577,-3285,-3875,-4302,-4263,-3967,-3361,-2683,-1751,-854,-110,367,691,692,281,-346,-1162,-1985,-2877,-3613,-4059,-4285,-4153,-3823,-3071,-2288,-1473,-624,145,543,707,588,27,-634,-1477,-2376,-3196,-3844,-4133,-4248,-4050,-3576,-2796,-1997,-1095
1660,391,525,1160,784,176,-99,301,283,848,2472,3355,3015,954,523,1202,1225,439,-73,302,320,633,2064,3281,3344,1328,463,890,1369,813,39,-170,153,521,1216,2802,3690,2679,685,526,1286,1453,366,-33,48,120,624,2019,3385,2961,1473,511,1033,1301,685,331,-151,206,437,1365,2915,3583,2161,509
-3137,-2941,-2514,-1820,-953,-243,249,412,260,-312,-1111,-1902,-2611,-3018,-3099,-2828,-2203,-1428,-612,-24,405,364,-136,-710,-1576,-2291,-2887,-3095,-3006,-2489,-1768,-1026,-203,178,364,189,-424,-1050,-1912,-2603,-3050,-3048,-2822,-2140,-1408,-602,5,323,255,-37,-681,-1522,-2273,-2892,-3120,-2968,-2479,-1780,-994,-308,262,422,177,-344
-235,461,1498,3684,4757,5367,4338,3021,1091,510,773,2189,2689,2653,1335,-14,-328,-600,216,1085,2550,4013,5114,5071,4093,2063,710,-31,1123,2290,2687,2039,1495,-84,-278,-70,625,1251,2701,4442,4994,4683,3584,1747,526,315,1523,2448,2397,1905,560,-29,-857,97,-12,1367,2889,4225,5638,4982,3240,1377,729,149
-119,-71,-72,-320,-583,-989,-1325,-1716,-2044,-2267,-2441,-2388,-2213,-2008,-1631,-1298,-877,-482,-254,-136,-83,-120,-365,-711,-986,-1374,-1795,-2115,-2318,-2366,-2353,-2145,-1903,-1579,-1214,-798,-465,-231,-2,-73,-210,-421,-739,-1156,-1525,-1914,-2175,-2360,-2392,-2292,-2134,-1778,-1455,-1077,-669,-418,-188,-65,-72,-219,-482,-880,-1271,-1615
-1443,-4552,-4857,-3352,-1956,-2368,-3639,-4117,-3564,-2745,-2525,-2595,-1247,1407,3510,2965,-163,-3783,-4838,-3739,-2191,-1979,-3176,-4185,-3989,-2924,-2794,-2993,-2021,543,2856,3411,968,-2810,-4884,-4382,-2386,-1870,-2721,-4122,-4097,-3264,-2792,-2750,-2475,-407,2461,3790,2036,-1901,-4577,-4612,-3076,-1847,-2733,-3884,-4120,-3589,-2969,-2753,-2629,-1079,1681,3397
1253,1485,1659,1882,1981,1862,1891,1747,1552,1333,1072,855,745,685,679,804,953,1189,1454,1637,1735,1918,1998,1925,1732,1526,1286,1035,807,675,675,694,830,1056,1237,1496,1619,1782,1941,1910,1844,1662,1471,1244,1039,797,667,661,655,810,1047,1306,1465,1665,1877,1905,1932,1788,1695,1447,1262,987,754,698
-4231,-3040,-526,1620,2390,2122,1193,1139,1275,662,825,1337,1302,361,-2684,-4253,-3833,-1050,1697,2575,2047,1486,1662,1108,697,438,1030,1558,654,-1475,-3499,-3811,-1339,725,2397,2352,1925,1213,1384,533,212,863,1252,733,-1165,-3418,-3971,-1827,618,1886,2149,1358,1486,1308,412,142,805,1451,947,-935,-3277,-4021,-2163,176
990,-100,-1206,-2170,-2505,-2492,-1788,-799,400,1434,2256,2536,2170,1367,198,-858,-1898,-2458,-2588,-2020,-1113,9,1174,2118,2473,2302,1652,682,-541,-1671,-2299,-2539,-2286,-1433,-318,751,1761,2339,2401,1900,1067,-128,-1283,-2135,-2588,-2370,-1740,-721,423,1558,2189,2478,2163,1347,215,-925,-1875,-2517,-2531,-1984,-1111,55,1193,2041
-2923,-3892,-3735,-3860,-3028,-997,-532,-849,-1057,-2125,-2201,-2141,-1172,-312,557,-58,-1027,-1774,-2786,-3502,-3507,-3450,-3194,-2149,-960,-436,-1115,-2235,-2568,-2804,-1831,-649,66,490,-430,-1608,-2611,-3155,-3244,-4059,-4053,-2386,-1565,-1073,7,-686,-2053,-2833,-1846,-1339,-180,393,226,-560,-1675,-2551,-3130,-3223,-3589,-3561,-2323,-1502,-665,-877
-2118,-2113,-1792,-1339,-864,-307,254,693,1125,1286,1217,1083,699,233,-294,-935,-1447,-1849,-1999,-2087,-1954,-1639,-1143,-615,-84,440,856,1219,1271,1180,830,541,2,-647,-1186,-1657,-1976,-2112,-2076,-1816,-1460,-923,-321,178,726,999,1221,1227,1088,708,294,-354,-841,-1424,-1746,-2034,-2075,-1914,-1654,-1247,-730,-27,462,794
-1629,-2445,-3862,-5098,-5837,-4111,-1401,583,264,-1275,-2478,-1942,-1060,-124,-430,-1042,-1661,-2344,-3847,-5248,-5674,-3615,-926,739,18,-1293,-2434,-1942,-778,-211,-514,-991,-1827,-2541,-3990,-5550,-5392,-3448,-740,708,234,-1422,-2320,-1565,-486,-342,-603,-1046,-1793,-2436,-4095,-5432,-5395,-3346,-700,722,-148,-1808,-2403,-1605,-504,-181,-578,-1268
977,241,-821,-1857,-2647,-3011,-2871,-2239,-1186,-168,721,1294,1230,733,-256,-1309,-2305,-2872,-2950,-2588,-1758,-696,367,1032,1311,994,234,-797,-1746,-2589,-3039,-2940,-2194,-1280,-194,768,1253,1260,761,-215,-1265,-2365,-2854,-3005,-2666,-1790,-755,264,1102,1294,1068,303,-782,-1764,-2654,-3036,-2859,-2264,-1347,-244,603,1205,1229,715
1404,1502,1259,1533,1635,1157,466,470,1944,3750,5146,4206,2635,1190,1664,1329,1611,1130,1703,1676,1263,78,470,2087,3955,4868,3842,2504,1754,1163,1561,1249,1335,1367,1724,569,227,1019,2602,4384,4788,3877,2262,1467,1174,1031,1634,1521,1771,1542,927,-14,1273,2859,4377,4700,3441,2056,1749,1126,1507,1545,1347,1574
-1022,-68,942,1751,2217,2172,1729,897,-54,-1082,-1843,-2278,-2255,-1905,-1077,-82,912,1710,2142,2131,1751,1087,106,-973,-1741,-2226,-2356,-1945,-1228,-324,844,1512,2063,2270,1912,1134,151,-813,-1637,-2196,-2347,-2004,-1301,-434,673,1525,2115,2249,1926,1244,284,-642,-1533,-2162,-2427,-2150,-1470,-471,502,1404,2043,2183,1972,1301
239,-775,-2109,-2067,-622,937,1010,-1133,-3462,-4228,-3962,-3273,-2874,-2531,-1341,-348,129,-1127,-2237,-1859,-235,1027,405,-1723,-3775,-4066,-3822,-3227,-2679,-2083,-1050,-90,-284,-1392,-2393,-1324,722,1106,-83,-2432,-4292,-4361,-3558,-3091,-2562,-1907,-609,-70,-614,-1897,-2140,-850,580,1246,-420,-2860,-4491,-3890,-3362,-2877,-2469,-1584,-280,18
710,622,644,719,1000,1239,1531,1707,1911,1888,1755,1548,1365,994,732,672,615,617,854,1115,1428,1718,1849,1876,1860,1641,1393,1157,812,719,647,585,877,1086,1376,1595,1713,1910,1883,1749,1515,1229,973,715,566,631,738,987,1240,1482,1737,1862,1910,1774,1571,1336,1061,780,689,656,696,905,1116,1426
-2568,-2410,-468,1196,1891,2979,3207,1364,-2068,-5238,-5677,-2821,180,689,-866,-2428,-1910,-718,721,1870,2655,2863,1447,-2169,-5517,-5401,-2631,48,801,-931,-2405,-1859,-491,484,1877,2750,3331,1612,-2125,-5259,-5484,-2607,488,605,-849,-2367,-2407,-698,775,1680,3009,3084,1634,-2132,-5083,-5913,-3008,151,889,-826,-2591,-2336,-710,795
-1023,-1887,-2487,-2799,-2732,-2178,-1428,-518,449,1313,1920,2291,2241,1771,1060,208,-808,-1712,-2369,-2715,-2704,-2329,-1650,-761,96,1076,1761,2301,2275,1898,1305,421,-526,-1453,-2172,-2657,-2817,-2526,-1906,-1106,-117,867,1607,2111,2280,2068,1529,676,-291,-1140,-2048,-2607,-2751,-2614,-2052,-1368,-375,576,1439,1993,2251,2172,1754,937
1764,1350,-897,-2352,-2147,-511,668,635,682,366,-72,93,1529,1873,647,-1396,-2498,-1582,-102,599,914,499,316,6,833,1832,1910,-227,-2046,-2385,-1104,134,552,926,494,56,34,1035,2134,1057,-1138,-2508,-2050,-586,590,696,763,200,19,511,1748,2087,540,-1780,-2552,-1357,66,638,714,660,100,-91,1013,1977
2661,2394,2000,1303,687,42,-471,-782,-863,-761,-333,202,816,1473,1996,2411,2664,2684,2366,1986,1373,701,72,-426,-770,-821,-714,-401,130,695,1388,2002,2369,2660,2642,2447,2031,1542,797,232,-387,-725,-830,-775,-414,54,714,1327,1915,2370,2628,2669,2483,2033,1521,871,215,-311,-669,-895,-858,-447,-24,601
81,161,-165,-1098,-2381,-1485,600,2146,1678,287,10,363,560,409,-195,-1021,-1905,-1883,356,1611,1947,166,211,-59,269,73,-85,-821,-2147,-1891,211,1926,1782,999,-125,462,195,214,211,-1089,-2217,-2170,-71,2194,2158,755,123,-109,297,-17,-22,-728,-2141,-2246,-607,1450,2087,727,237,133,235,411,38,-625
497,548,117,-634,-1670,-2511,-3215,-3421,-3257,-2536,-1608,-594,249,634,422,-84,-1026,-1978,-2864,-3352,-3435,-3015,-2129,-1250,-277,338,587,334,-371,-1312,-2261,-3053,-3420,-3333,-2815,-1821,-882,-18,458,548,110,-747,-1731,-2638,-3284,-3435,-3183,-2424,-1508,-507,195,607,440,-151,-1110,-2071,-2918,-3412,-3424,-2995,-2100,-1137,-215,391
-918,-1115,-985,-746,-311,-388,-1130,-2307,-3023,-2627,-1796,-1143,-899,-1066,-1016,-856,-932,-1042,-1143,-917,-422,-528,-1238,-2223,-2999,-2568,-1939,-1249,-1147,-894,-838,-724,-878,-1145,-1214,-805,-324,-548,-1242,-2197,-2823,-2560,-1753,-1036,-849,-1084,-1036,-802,-1115,-898,-1001,-653,-354,-627,-1510,-2442,-2915,-2467,-1396,-1123,-1098,-948,-912,-787
-297,-778,-1346,-2014,-2423,-2719,-2667,-2466,-2010,-1426,-789,-304,62,276,145,-90,-705,-1276,-1768,-2254,-2625,-2667,-2571,-2064,-1601,-933,-454,75,214,243,-62,-519,-1099,-1637,-2124,-2554,-2705,-2609,-2256,-1730,-1098,-548,-32,198,224,41,-361,-961,-1538,-2105,-2392,-2667,-2637,-2351,-1829,-1305,-706,-154,160,240,135,-213,-798,-1347
-2851,-2214,425,651,-1027,-3078,-2508,-563,1287,2655,4159,4693,2922,-768,-2800,-1855,551,788,-1578,-3052,-2288,-250,1588,2704,4340,4604,2097,-1367,-2855,-1392,649,332,-1935,-3123,-2000,159,1594,3000,4517,4284,1772,-1878,-3023,-954,714,-18,-2350,-2853,-1555,270,1923,3199,4623,4278,1013,-2016,-2453,-477,1054,-190,-2599,-2955,-1337,758
-3223,-3665,-3892,-3857,-3567,-2964,-2228,-1579,-778,-78,535,853,930,701,164,-355,-1119,-1914,-2723,-3346,-3668,-3830,-3804,-3371,-2883,-2125,-1326,-607,162,540,856,864,561,62,-617,-1334,-2138,-2908,-3397,-3689,-3879,-3675,-3290,-2667,-1891,-1117,-353,298,737,900,783,496,-130,-809,-1560,-2375,-3044,-3500,-3756,-3922,-3612,-3188,-2498,-1771
-1988,-2387,-1722,-546,-158,571,741,-620,-2467,-2318,-804,-619,-1978,-2312,-1921,-810,-121,588,648,-638,-2560,-2556,-907,-556,-1761,-2510,-1946,-1000,-285,638,831,-308,-2259,-2519,-1112,-461,-1609,-2583,-1954,-1104,-256,505,829,-367,-2387,-2798,-1036,-684,-1607,-2587,-2028,-984,-382,337,938,-129,-2088,-2574,-1385,-430,-1260,-2333,-1752,-1132
-263,-865,-1318,-1352,-1060,-440,315,1254,2087,2684,2909,2913,2534,1805,1014,119,-675,-1137,-1402,-1243,-690,-2,777,1660,2423,2836,3005,2727,2191,1403,555,-306,-907,-1296,-1367,-1013,-380,365,1299,2068,2686,2899,2875,2419,1730,924,43,-750,-1195,-1345,-1222,-715,-6,909,1840,2465,2889,2993,2664,2160,1339,484,-365,-980
-452,266,3394,5350,4492,2355,1657,2218,1782,828,740,990,57,-568,563,3370,4988,4602,2328,1571,1961,1792,1027,575,896,-40,-490,467,3573,5425,4221,2139,1390,1919,1797,920,577,961,257,-601,369,3818,5368,4352,2387,1648,2104,1781,850,869,854,169,-488,490,3450,5567,4214,1925,1514,1938,1803,1189,710,796
-3389,-2826,-2155,-1223,-434,169,404,377,-172,-853,-1680,-2448,-3131,-3509,-3445,-3148,-2428,-1524,-743,-90,358,360,141,-525,-1342,-2231,-2886,-3462,-3492,-3310,-2679,-1904,-1062,-345,229,459,268,-310,-978,-1918,-2710,-3258,-3559,-3384,-2910,-2195,-1411,-561,69,378,428,-45,-706,-1492,-2374,-3114,-3468,-3470,-3185,-2506,-1658,-858,-109,315
1220,632,-450,-1058,-947,-1587,-1501,-1632,-1774,-1917,-1695,-1874,-2359,-3072,-3709,-3358,-1947,29,1007,976,568,-433,-1185,-915,-1363,-1822,-1678,-1374,-1441,-1437,-2094,-2206,-3480,-3767,-2787,-1431,235,1177,1327,89,-568,-750,-1516,-1473,-1782,-1803,-1144,-851,-1280,-1878,-3090,-3472,-3353,-2161,-961,913,1132,611,90,-695,-1108,-1285,-1652,-1334
3620,3453,3065,2255,1353,499,-210,-491,-471,49,796,1737,2599,3252,3649,3535,3062,2434,1495,581,-122,-494,-404,-80,700,1630,2523,3204,3529,3582,3170,2474,1605,781,1,-436,-475,-158,519,1489,2380,3062,3619,3616,3168,2632,1737,896,129,-377,-558,-248,486,1325,2213,2940,3520,3592,3352,2827,1901,950,226,-385
506,2146,3239,2026,9,-736,418,2189,1608,-92,-1945,-2955,-2333,-1785,-934,1331,2791,2393,1373,-430,-50,812,1721,896,-771,-2398,-2252,-2031,-1273,-358,1833,3104,2723,836,-607,-64,1700,1838,170,-1671,-1940,-1816,-1885,-1302,520,2446,3558,2246,-103,-531,786,1915,1600,-184,-2138,-2151,-2247,-1423,-1070,1225,2645,2877,1211,-293
2002,1651,1341,1064,922,864,980,1212,1486,1804,2163,2488,2694,2755,2748,2665,2346,1985,1650,1289,1018,938,900,1006,1201,1497,1885,2271,2570,2743,2799,2834,2607,2324,2006,1590,1303,1014,846,856,1067,1215,1582,1997,2267,2546,2732,2759,2803,2643,2294,1954,1581,1234,1072,921,906,1013,1258,1624,1885,2345,2606,2759
-187,-182,-1735,-4600,-5530,-3414,799,3607,3111,506,-53,-197,-252,-365,-639,-685,-499,-3277,-5709,-4506,-1023,2682,4116,1805,205,-94,-213,-211,-597,-173,-619,-1935,-5159,-5554,-2588,1415,3440,2610,1148,-114,-269,-817,-700,-321,-166,-1292,-4081,-5811,-4669,-91,3299,3283,1635,15,-410,-85,-251,-516,-174,-517,-2688,-5347,-5109,-1699
-1068,-837,-443,-66,413,777,1008,1212,1024,839,552,95,-273,-642,-973,-1165,-1241,-1058,-775,-382,78,469,802,1127,1149,1045,772,451,25,-390,-853,-1068,-1202,-1110,-943,-616,-204,234,586,955,1067,1151,1017,680,336,-179,-494,-867,-999,-1198,-1100,-850,-568,-115,294,742,981,1154,1136,900,578,204,-179,-630
-4132,-1404,725,1009,453,179,889,688,-638,-1770,-1851,-880,-374,-1318,-3374,-4906,-3817,-1005,805,1043,936,351,963,517,-334,-1648,-1857,-1214,87,-1031,-3597,-4771,-3770,-1319,860,1425,527,396,767,620,-445,-2278,-1980,-946,-303,-1041,-3610,-4975,-3629,-1452,805,1335,809,498,499,959,-492,-1967,-1883,-929,-207,-943,-3094,-4952
1521,1298,972,659,421,249,225,260,383,661,932,1217,1560,1730,1756,1671,1529,1286,1050,748,525,322,211,214,379,612,949,1207,1494,1670,1781,1737,1578,1340,1115,701,498,351,221,201,385,560,841,1267,1475,1690,1739,1726,1573,1418,1108,789,526,358,106,196,335,616,792,1185,1415,1690,1752,1728
-1710,-2412,-1926,-800,736,1461,1241,-717,-895,-335,950,2673,3132,3183,2691,1024,656,-550,-1695,-2240,-2300,288,685,1291,697,-585,-955,92,772,2613,3330,3447,2995,1022,-44,-1347,-2068,-2932,-1549,-36,1066,1171,-26,-588,-513,-115,1319,2772,3717,3549,2076,910,-539,-1618,-2167,-2277,-1182,212,1193,790,82,-875,-861,375
288,1332,2364,3072,3517,3322,2877,2080,1043,-2,-911,-1487,-1645,-1349,-721,181,1254,2214,2986,3422,3390,2988,2198,1125,18,-823,-1403,-1676,-1471,-759,121,1130,2139,2968,3402,3323,2975,2175,1202,102,-775,-1421,-1599,-1466,-885,-13,1092,2003,2894,3376,3491,3012,2270,1315,246,-624,-1374,-1673,-1497,-884,-4,979,2039,2807
1639,3035,2923,-1406,-4536,-3371,-276,-199,-4283,-5166,-3026,-54,865,2814,3206,132,-4585,-4137,-681,-487,-3495,-5446,-3273,-418,785,2332,3801,849,-3440,-4529,-1286,383,-2631,-4859,-3879,-1305,546,1788,3732,1765,-2961,-4873,-1889,245,-1532,-5112,-4284,-1684,7,1512,3630,2403,-2072,-4981,-3025,-70,-1440,-4864,-4750,-1782,-136,1121,3375,2715
1164,1847,2375,2679,2850,2729,2416,1806,1185,522,-118,-569,-779,-838,-698,-168,344,1014,1715,2253,2685,2815,2742,2491,1924,1336,642,-25,-489,-815,-911,-732,-301,289,885,1595,2147,2587,2833,2773,2465,2073,1421,740,60,-386,-698,-889,-796,-382,120,805,1458,2150,2503,2839,2845,2587,2166,1510,884,248,-329,-654
2102,2664,1683,101,-792,-445,427,437,562,710,1329,962,756,1046,1972,2535,1763,140,-804,-513,333,674,608,841,1038,880,502,819,1974,2687,2239,270,-695,-461,298,605,691,803,1076,1002,797,647,1864,2426,1912,490,-674,-101,-16,562,745,485,1111,1072,719,746,1760,2702,2093,503,-752,-444,158,478
-2754,-2644,-2321,-1696,-864,-98,490,960,1074,716,227,-493,-1261,-2026,-2543,-2739,-2561,-2123,-1446,-674,98,658,1023,963,586,3,-839,-1552,-2242,-2575,-2751,-2469,-2035,-1195,-423,280,843,1080,856,471,-217,-1002,-1750,-2476,-2685,-2692,-2402,-1790,-970,-203,460,914,1072,797,249,-412,-1265,-1889,-2474,-2711,-2613,-2134,-1508,-753
-4880,-3156,-1419,-462,-393,-241,160,-361,-874,-45,1490,1978,292,-2851,-4799,-4301,-2266,-958,-527,-166,125,-162,-563,-758,355,1878,1465,-1135,-4179,-4815,-3399,-1352,-483,-452,-100,201,-387,-917,-51,1244,1996,743,-2812,-4803,-4392,-2524,-859,-489,-241,-46,216,-979,-1087,418,1951,1764,-872,-3973,-4816,-3593,-1584,-541,-208,-305
-2527,-2259,-1635,-884,-43,796,1256,1454,1134,543,-220,-1113,-1937,-2337,-2619,-2298,-1829,-961,-174,674,1181,1377,1128,663,-130,-1012,-1735,-2422,-2569,-2341,-1881,-1101,-248,533,1175,1354,1266,777,82,-728,-1546,-2260,-2542,-2457,-2038,-1270,-465,388,1062,1356,1338,825,236,-602,-1484,-2154,-2501,-2510,-2122,-1427,-599,237,975,1317
-1983,-2481,-947,226,-1250,-2699,-3721,-3631,-3710,-2396,-328,243,-1684,-2723,-1886,357,-664,-2383,-3312,-3595,-3838,-2768,-829,453,-978,-2854,-2006,-463,-134,-1618,-2996,-3545,-3931,-3469,-1589,262,-137,-2269,-2390,-1182,344,-1090,-2984,-3598,-3963,-3780,-2306,-202,60,-1713,-2872,-1603,-137,-568,-2298,-3453,-3699,-3863,-2776,-757,259,-788,-2558,-2141
-3857,-3676,-3111,-2301,-1414,-610,-125,90,-81,-631,-1459,-2300,-3131,-3690,-3863,-3727,-3135,-2305,-1405,-576,-91,145,-113,-684,-1472,-2404,-3096,-3625,-3967,-3698,-3139,-2233,-1335,-563,-90,56,-90,-651,-1529,-2393,-3152,-3716,-3898,-3616,-3024,-2235,-1453,-592,-23,115,-87,-652,-1471,-2404,-3177,-3789,-3901,-3663,-3052,-2206,-1261,-540,-19,173
-724,-60,953,1077,1295,369,-1490,-4036,-6213,-6035,-3722,-410,838,311,-643,-1039,-634,157,873,1066,1037,46,-1948,-4666,-6447,-5285,-2641,139,1094,327,-791,-1023,-308,395,678,1191,926,-748,-3086,-5580,-6484,-4671,-1672,584,800,-180,-1031,-838,-74,484,1038,1123,520,-1236,-3867,-6055,-6096,-3703,-594,662,395,-273,-847,-607
2289,3462,4213,4490,4311,3649,2600,1419,378,-383,-623,-375,404,1398,2561,3495,4263,4537,4244,3473,2379,1311,201,-448,-550,-316,463,1585,2699,3703,4388,4522,4153,3373,2296,1092,153,-456,-614,-201,650,1738,2856,3815,4439,4511,4007,3228,2079,913,15,-530,-575,-131,769,1953,3103,3943,4482,4440,3904,3039,1901,800
-3373,-3198,-1233,-201,-477,-1464,-1725,-1226,-489,-541,-541,-889,-736,-2134,-2886,-3385,-3052,-1004,-207,-490,-1626,-1882,-1276,-639,-117,-396,-554,-749,-1940,-3106,-3633,-2313,-709,-189,-537,-1922,-1889,-948,-658,-733,-649,-688,-903,-2142,-3131,-3162,-2229,-680,-194,-933,-1415,-1437,-999,-104,-481,-92,-495,-1210,-2240,-3465,-3267,-1782,-410,113
1520,2311,2799,2820,2464,1726,709,-304,-1151,-1788,-2008,-1912,-1305,-472,518,1545,2333,2786,2841,2494,1729,740,-294,-1117,-1809,-2018,-1918,-1336,-505,526,1523,2302,2763,2831,2399,1727,793,-267,-1211,-1812,-2062,-1900,-1298,-506,587,1513,2280,2754,2848,2416,1708,766,-222,-1130,-1844,-2115,-1863,-1281,-423,481,1578,2365,2802,2762
-3555,-3607,-3632,-3179,-2292,-1280,-1032,-2182,-2008,-107,1588,397,-1586,-3723,-3739,-3957,-2939,-2413,-1197,-722,-2385,-2076,-161,984,614,-1786,-3481,-3714,-3568,-3441,-2428,-1230,-1042,-2284,-1995,-347,1551,1039,-1415,-3276,-3718,-3579,-3760,-2520,-1431,-796,-2092,-2015,-749,1280,1165,-1314,-3187,-3750,-3841,-3398,-2567,-1353,-739,-1480,-2098,-634,1158,1128
-1294,-2230,-2859,-2956,-2613,-1883,-793,423,1329,2007,2236,1859,1166,151,-969,-2053,-2736,-2942,-2738,-2031,-1076,68,1149,1858,2126,1993,1327,299,-752,-1838,-2601,-2985,-2910,-2302,-1183,-193,886,1740,2192,2033,1542,564,-465,-1588,-2456,-2928,-2927,-2442,-1494,-399,742,1512,2124,2120,1694,816,-312,-1355,-2309,-2856,-2988,-2580,-1633,-732
-1859,-1545,-915,-332,-1002,-1621,-2104,-668,1539,2182,966,-2420,-5536,-7132,-5910,-3906,-2101,-2094,-1291,-1148,-585,-830,-1169,-2471,-1882,363,2193,1828,-593,-4740,-6429,-6871,-4605,-3126,-2248,-1886,-1411,-743,-209,-1270,-2378,-1803,-645,1285,2166,565,-3007,-6333,-7265,-5638,-3402,-2238,-1789,-1538,-922,-368,-373,-1899,-2593,-1334,683,2163,1436,-1433
-1767,-1273,-615,275,1061,1685,2159,2232,2027,1495,795,-5,-834,-1465,-1889,-1959,-1723,-1174,-473,413,1189,1800,2085,2253,2005,1376,573,-205,-1034,-1615,-1930,-1950,-1612,-997,-289,527,1295,1916,2184,2174,1892,1250,492,-320,-1141,-1709,-2050,-1891,-1469,-903,-82,637,1445,2013,2219,2112,1741,1085,292,-510,-1245,-1757,-1966,-1921
277,-26,177,370,329,203,650,706,-384,-2417,-3212,-2622,-748,876,1004,295,66,115,350,378,264,387,911,-152,-2208,-3459,-2931,-932,705,786,380,95,-91,426,190,122,649,637,-11,-1691,-3375,-2969,-1318,470,1003,491,108,-70,315,333,100,448,662,216,-1418,-3242,-3095,-1562,319,1040,344,154,287,372
-136,-922,-1456,-1458,-1165,-477,399,1299,1904,2102,1747,1129,227,-687,-1288,-1502,-1343,-700,127,993,1792,1974,1947,1398,580,-323,-1104,-1497,-1434,-976,-206,637,1423,1974,1980,1662,922,66,-820,-1373,-1474,-1176,-519,316,1248,1848,2025,1808,1169,386,-488,-1224,-1564,-1386,-832,-40,901,1636,2002,1983,1550,642,-166,-942
-1052,-1333,500,2153,3133,3813,4335,3691,2303,1045,1818,3062,3199,1328,-861,-1274,-8,1900,3400,3807,4321,4008,2640,1394,1510,3011,3426,1860,-600,-1632,-435,1355,2847,3645,4183,4085,2782,1435,1436,2644,3546,2433,16,-1128,-791,968,2790,3404,4061,4230,3273,1812,1255,2140,3328,2834,735,-1312,-1016,777,2430,3377,4215,4025
370,980,1358,1396,1151,644,-124,-801,-1572,-2035,-2485,-2497,-2163,-1646,-992,-197,485,1071,1377,1359,1084,509,-201,-886,-1636,-2157,-2432,-2406,-2115,-1603,-835,-123,638,1101,1346,1368,994,462,-226,-1083,-1756,-2225,-2491,-2432,-2029,-1518,-729,10,661,1109,1358,1325,980,360,-393,-1182,-1806,-2297,-2491,-2343,-1996,-1409,-667,98
66,1101,-291,-2393,-3111,-1763,5,911,939,1368,868,-416,-958,-164,757,-378,-2340,-3141,-1827,-106,519,1114,1289,886,-648,-1187,38,838,-107,-2300,-2985,-1818,-180,690,1061,1318,889,-448,-978,-95,809,-347,-2291,-2921,-1962,-189,788,1069,1384,926,-539,-1008,-7,711,-160,-2493,-3079,-1871,-145,644,986,1386,725,-443
1208,579,-177,-1134,-1819,-2454,-2863,-2930,-2760,-2339,-1717,-940,-91,709,1346,1783,1991,1980,1534,966,279,-589,-1407,-2110,-2604,-2860,-2914,-2626,-2132,-1378,-646,209,969,1583,1872,1967,1758,1366,644,-145,-1053,-1722,-2351,-2788,-2918,-2835,-2443,-1795,-1097,-186,589,1250,1757,1998,1938,1590,1037,428,-472,-1328,-1993,-2541,-2897,-2908
194,-1129,-1090,-254,784,1250,1538,924,-181,-483,-1172,-1714,-1918,-1227,-562,905,421,-351,-1190,-931,261,1001,1644,697,463,-198,-679,-1564,-1907,-1905,-1310,59,430,134,-331,-995,-374,552,1120,1283,552,245,-433,-1379,-1622,-2169,-1695,-742,451,558,-30,-627,-1040,239,904,1310,1237,658,210,-737,-1101,-2030,-1710,-874
1267,1948,2501,2760,2739,2379,1728,852,187,-647,-1117,-1392,-1403,-1080,-510,294,989,1867,2370,2698,2705,2404,1909,1198,382,-327,-970,-1341,-1397,-1179,-691,98,823,1608,2318,2698,2793,2551,1997,1396,523,-185,-942,-1342,-1421,-1203,-773,-190,667,1487,2182,2531,2791,2612,2172,1569,787,-79,-795,-1193,-1448,-1249,-931,-264
-1587,-859,-367,-251,-812,-1375,-2190,-2165,-2042,-1530,-1014,-471,114,994,820,572,-724,-2047,-1446,-446,30,-575,-1230,-2229,-2214,-2053,-1507,-974,-684,22,592,871,864,-245,-1536,-1389,-842,-198,-427,-1037,-2022,-2679,-2112,-1479,-630,-628,-255,12,1312,362,200,-784,-1391,-1065,-299,12,-662,-1822,-1965,-2310,-1891,-1650,-845,-87
-2124,-2221,-2180,-1869,-1451,-758,-118,485,887,1060,1023,767,188,-372,-1042,-1696,-2069,-2296,-2241,-1973,-1466,-845,-178,443,787,1054,985,783,285,-359,-1040,-1592,-2060,-2312,-2317,-1987,-1578,-883,-301,381,842,1046,1012,742,329,-285,-946,-1548,-2041,-2296,-2286,-2072,-1588,-991,-287,280,797,1061,989,882,379,-223,-869,-1541
2454,1962,1643,1590,1885,1849,1839,732,-128,219,525,1300,1374,2121,2429,2617,1708,1590,1473,2169,2151,1878,540,-70,-36,618,1056,1628,2318,2315,2514,1899,1467,1589,2220,2304,1492,547,-164,96,872,1354,1597,2447,2312,1975,1877,1327,1936,2017,1946,1180,322,-9,-176,947,1549,1868,2262,2417,2257,1670,1414,2155
1223,1192,578,-424,-1519,-2422,-3084,-3111,-2563,-1611,-571,434,1203,1210,796,-63,-1194,-2233,-2890,-3168,-2838,-2009,-983,166,873,1231,1027,297,-723,-1809,-2695,-3133,-2973,-2303,-1330,-240,679,1209,1181,577,-391,-1431,-2445,-3033,-3023,-2592,-1764,-641,414,1121,1258,892,61,-997,-2077,-2883,-3143,-2870,-2175,-1009,-26,836,1266,1075
-1507,-2198,-3569,-4062,-3373,-2328,-1774,-883,338,1971,2238,377,-2903,-4988,-4755,-2877,-1546,-2334,-3578,-4324,-3559,-2412,-1676,-1054,71,1639,2584,927,-2603,-4816,-4869,-2951,-1595,-1707,-3426,-4455,-3777,-2598,-1838,-1146,346,1823,2295,629,-2339,-4836,-5005,-3355,-1791,-2025,-3194,-4105,-3727,-2760,-1790,-812,-39,1815,2605,1217,-1966,-4714,-5207,-3337
-866,-687,-494,-481,-705,-880,-1366,-1670,-2014,-2335,-2335,-2289,-2090,-1796,-1409,-1075,-690,-601,-464,-591,-854,-1161,-1499,-1886,-2145,-2265,-2368,-2236,-1894,-1626,-1227,-855,-615,-489,-504,-721,-992,-1395,-1730,-2056,-2350,-2383,-2315,-2105,-1800,-1370,-1024,-737,-564,-474,-656,-836,-1177,-1594,-1882,-2164,-2354,-2338,-2182,-1900,-1604,-1223,-868,-604
614,951,94,-896,90,2773,4141,2364,-1327,-2892,-2837,-1808,-923,469,1005,471,-594,-575,1526,3727,3751,465,-2585,-3252,-1913,-1302,-440,653,1092,69,-764,54,2690,4144,2584,-1054,-3000,-2670,-1682,-752,309,824,326,-361,-710,1483,4048,3381,268,-2469,-3349,-2170,-1270,-467,695,1077,134,-701,147,2667,4099,2359,-1283,-2887
-291,-1123,-2131,-2978,-3782,-4147,-4042,-3620,-2804,-1812,-920,-162,281,265,-127,-857,-1845,-2750,-3637,-4048,-4134,-3717,-3074,-2087,-1071,-253,215,340,24,-701,-1651,-2643,-3468,-4064,-4198,-3865,-3176,-2283,-1253,-429,143,276,106,-465,-1463,-2405,-3365,-3923,-4275,-3913,-3431,-2434,-1503,-594,60,344,150,-348,-1228,-2160,-3117,-3810,-4216,-4062
-1636,1535,5114,5935,4266,2023,614,690,998,536,544,600,663,-586,-1977,-2607,-555,3654,5935,5591,3008,977,630,901,931,548,569,1045,299,-1383,-2374,-1776,1558,5056,5932,4156,2103,812,867,872,609,667,745,685,-29,-2143,-2426,-167,3677,6071,5662,3350,1270,457,845,677,491,634,759,280,-1215,-2419,-1576,1526
2994,2918,2661,2131,1568,1035,614,379,350,532,956,1428,2087,2564,2878,2954,2764,2584,2063,1428,917,581,367,389,606,1021,1610,2139,2686,2957,3025,2760,2413,1896,1311,834,478,333,488,714,1259,1733,2255,2711,2889,2975,2662,2301,1758,1159,777,433,366,432,804,1364,1979,2489,2841,2973,2930,2613,2244,1625
1195,1500,1104,800,961,1212,1557,1296,-874,-1784,-954,275,1103,914,1132,1490,1095,636,613,1482,1835,860,-642,-1641,-1034,324,964,1210,775,1303,1106,719,704,1922,1797,575,-1061,-1554,-466,724,1394,934,1275,973,1240,807,1118,1734,1515,231,-1528,-1485,-313,884,774,1342,1327,1084,665,674,1346,1700,1425,-191
-1505,-2057,-2449,-2632,-2603,-2238,-1774,-1114,-390,210,734,1030,1038,799,404,-180,-854,-1505,-2091,-2513,-2604,-2529,-2180,-1657,-1037,-433,235,679,963,968,738,292,-221,-997,-1589,-2123,-2514,-2675,-2509,-2118,-1622,-904,-368,304,750,946,1066,699,330,-348,-971,-1609,-2189,-2506,-2670,-2523,-2175,-1597,-925,-286,342,810,1043,1023
6136,3973,885,-966,-1397,-1312,-1944,-1838,-873,363,1626,928,-1081,-1520,478,3980,6472,6057,3400,131,-1248,-1506,-1330,-1376,-2185,-312,739,1265,38,-925,-844,1680,5054,6510,5180,2180,-276,-1413,-1466,-1211,-1921,-1897,-139,1542,1233,258,-1044,-362,2365,5222,6713,4394,1865,-517,-1274,-992,-1682,-2003,-715,317,1657,1319,-282,-1290
140,333,341,177,-188,-571,-935,-1158,-1195,-1064,-725,-358,-13,230,377,221,-102,-499,-896,-1088,-1232,-1109,-812,-471,-44,219,381,262,-26,-415,-817,-1098,-1186,-1137,-930,-573,-175,137,320,236,36,-291,-717,-1004,-1156,-1145,-1011,-685,-298,93,291,317,169,-231,-525,-934,-1206,-1152,-1042,-772,-360,-37,292,299
-2608,-4237,-2940,-1600,102,1218,1936,2353,2566,1016,-1307,-3409,-3460,-2181,-718,-1000,-2737,-4250,-3172,-1169,554,1344,1905,2426,2114,457,-2082,-3920,-3896,-1721,-1051,-1370,-2881,-3863,-2619,-730,942,1483,1959,2791,1736,504,-2382,-4023,-3770,-2175,-442,-1741,-2984,-3606,-2828,-977,864,1645,1864,2458,1954,-149,-2620,-4265,-3493,-1011,-1081,-1751
-1267,-1322,-1533,-1854,-2269,-2511,-2693,-2625,-2482,-2168,-1844,-1479,-1340,-1366,-1450,-1748,-2156,-2370,-2657,-2711,-2569,-2324,-1991,-1656,-1383,-1256,-1384,-1616,-1986,-2293,-2594,-2727,-2632,-2440,-2061,-1728,-1455,-1226,-1375,-1486,-1835,-2156,-2488,-2665,-2672,-2546,-2211,-1910,-1567,-1268,-1320,-1423,-1664,-2046,-2318,-2564,-2679,-2625,-2380,-2059,-1746,-1436,-1245,-1349
500,331,692,2178,2716,2941,2301,1265,865,528,359,136,652,876,1474,1677,870,299,600,1412,2512,3082,2717,1988,1237,880,490,230,134,660,1068,1511,1743,836,72,485,1641,2581,2962,2788,1809,1149,935,470,314,-50,670,1301,1773,1308,896,313,822,1723,2666,3000,2573,1804,1085,640,535,89,368,941
-2272,-2018,-1634,-1176,-790,-454,-316,-326,-530,-962,-1312,-1765,-2088,-2300,-2286,-2126,-1767,-1326,-888,-559,-346,-297,-454,-808,-1178,-1632,-1952,-2313,-2343,-2276,-1939,-1532,-1003,-698,-410,-323,-331,-674,-1024,-1491,-1899,-2200,-2374,-2286,-2003,-1671,-1253,-838,-432,-291,-362,-552,-878,-1334,-1825,-2134,-2313,-2350,-2086,-1777,-1393,-950,-589,-368
360,-1673,-2133,-1632,-746,-608,-1394,-1909,-1439,-330,632,1401,1804,1678,176,-1589,-2309,-1722,-691,-649,-1385,-1882,-1538,-496,537,1487,1868,1652,299,-1429,-2219,-1468,-648,-458,-1187,-1896,-1316,-661,559,1497,2036,1720,239,-1337,-2296,-1357,-464,-461,-1295,-1627,-1559,-262,544,1396,1988,1773,420,-1464,-2248,-1455,-808,-470,-1336,-1977
1824,1199,699,266,29,116,378,834,1413,2010,2454,2784,2788,2570,2181,1608,1053,495,81,0,133,486,995,1658,2190,2603,2762,2831,2450,2037,1390,873,369,112,75,248,699,1190,1770,2353,2693,2828,2755,2328,1916,1308,636,247,4,142,315,793,1368,1978,2456,2780,2820,2601,2271,1671,1122,554,165,-13
-2486,-3543,-3456,-2945,-1520,-1694,-1955,-2244,-1614,-1714,-1268,-1360,-580,78,-1128,-2132,-3206,-3656,-2607,-2072,-1921,-2081,-1466,-2155,-1797,-1634,-909,-366,-268,-696,-2189,-3388,-4275,-3357,-2300,-2025,-1754,-2141,-2060,-1978,-1755,-1060,-544,-298,-713,-1768,-3331,-3543,-3396,-2595,-2133,-1879,-2209,-2141,-1764,-1451,-1159,-747,-290,-584,-1580,-2986,-3724,-3820
-47,164,593,1171,1771,2324,2666,2882,2864,2569,2172,1548,951,456,75,-83,-15,307,761,1391,1947,2449,2758,2891,2815,2414,1946,1431,796,258,-65,-128,118,468,989,1511,2169,2554,2913,2894,2649,2340,1736,1264,618,147,-8,-39,168,615,1120,1782,2243,2682,2906,2837,2548,2153,1543,975,442,27,-62,-3
-2575,-1967,-862,147,-548,-1638,-2810,-2884,-2379,-783,-117,385,808,1527,1833,1066,-380,-2085,-2494,-1789,-416,-126,-566,-2124,-3114,-3049,-1664,-482,17,369,868,1527,1855,1114,-812,-2315,-2254,-1865,-289,-336,-1019,-2382,-3182,-2507,-1167,-396,150,399,1205,1424,1753,617,-1313,-2419,-2325,-959,-46,-172,-1394,-2877,-3123,-2289,-1018,-124
1809,1746,1507,1122,803,412,189,229,463,704,1127,1492,1720,1817,1670,1475,1137,709,363,235,210,457,719,1123,1484,1740,1856,1700,1395,1061,764,379,193,275,372,808,1164,1517,1731,1826,1719,1442,1078,739,360,212,207,476,789,1219,1505,1757,1814,1635,1446,1039,702,402,193,275,448,811,1194,1548
18,293,-465,-796,-2600,-4675,-4910,-3636,-1279,-828,-2175,-3110,-2178,-367,252,-57,-498,-1615,-3520,-5247,-4540,-2344,-474,-1575,-2750,-2610,-1468,237,37,-531,-1021,-2737,-4641,-5152,-3576,-1068,-519,-2002,-3012,-2376,-773,601,-197,-769,-1335,-3158,-5153,-4799,-2447,-527,-1312,-2846,-2713,-1458,-231,-34,-261,-922,-2386,-4606,-5195,-3696,-1054,-751
-2092,-1416,-664,175,988,1612,2012,2079,1941,1523,770,42,-851,-1649,-2212,-2545,-2569,-2377,-1812,-1099,-325,541,1294,1878,2073,2097,1757,1229,474,-372,-1211,-1858,-2373,-2630,-2492,-2179,-1489,-769,92,938,1565,1958,2084,2044,1550,929,185,-728,-1441,-2073,-2506,-2597,-2316,-1841,-1147,-440,451,1212,1738,2112,2075,1852,1373,531
2236,1618,1221,1041,346,-306,-907,-160,912,2157,2090,1577,1175,393,1119,2310,2089,1853,1679,1240,387,-500,-990,-430,313,1644,2409,1875,1334,1108,1307,1956,2407,2098,1716,1117,719,-156,-784,-1025,-105,1344,1986,2636,1102,784,589,1665,2276,2517,1908,1342,1075,161,-368,-664,-660,783,1936,2150,1924,852,534,1486
449,-34,-404,-437,-244,109,556,1152,1456,1521,1431,1041,532,-16,-326,-418,-317,29,511,1042,1337,1491,1416,1053,648,50,-255,-419,-379,19,499,973,1393,1546,1503,1125,667,171,-290,-343,-412,-30,374,842,1328,1517,1433,1173,740,242,-248,-425,-447,-103,322,858,1300,1539,1499,1239,741,313,-222,-453
-4831,-3535,-2630,-1560,796,1797,619,-911,294,2554,1594,-2404,-4908,-4411,-3010,-2300,-633,1569,1621,-427,-964,1319,2637,450,-3486,-5007,-3926,-2797,-1703,438,1841,907,-963,-210,2061,2139,-1549,-4458,-4691,-3250,-2406,-776,994,1671,160,-1024,930,2556,1104,-2865,-4693,-3948,-2917,-1804,-191,1716,1367,-590,-502,1759,2524,-648,-4008,-4815
35,430,1102,1740,2412,2996,3348,3455,3317,3078,2507,1840,1162,561,107,-153,-129,99,580,1122,1789,2449,2981,3358,3457,3258,2983,2402,1771,1113,445,89,-226,-141,203,573,1202,1918,2501,3028,3446,3464,3285,2969,2363,1705,1056,429,26,-211,-134,126,622,1243,1912,2602,3145,3415,3399,3276,2874,2302,1685,939
1048,974,2756,2140,1993,1806,72,-2607,-2413,-231,2632,2724,1306,626,1948,2041,2118,2034,924,-1795,-2951,-1020,1782,2662,1706,922,1965,2166,2287,2245,1501,-489,-2807,-2111,512,3088,2811,1528,1235,1986,2198,1914,1551,705,-2407,-3409,-1175,2178,3126,1699,903,1796,2333,2552,2131,1308,-1071,-2940,-1944,1436,3420,2435,1216,1194
3336,3669,3838,3534,3163,2521,1689,908,217,-156,-337,-123,236,967,1710,2506,3102,3640,3832,3728,3316,2715,1962,1152,441,-98,-277,-205,93,689,1493,2271,2954,3495,3729,3724,3406,2842,2070,1315,593,99,-199,-218,-31,517,1292,2000,2850,3354,3720,3809,3598,3045,2384,1549,790,198,-166,-274,-94,348,1114,1843
-809,468,1303,2575,3041,2648,2158,1424,2620,3802,4828,3391,511,-836,-826,-815,528,1541,2563,3015,2840,1957,1444,2932,4685,4846,2419,184,-1281,-1218,-287,390,1744,2979,3237,2350,1316,1969,3269,4696,4193,2006,-168,-1284,-803,250,1112,1816,3033,3100,2762,1400,2026,3694,4810,3748,1418,-891,-1215,-727,249,1192,2226,3314
-1118,-661,-2,867,1558,2134,2363,2271,1823,1075,211,-479,-1032,-1175,-1062,-527,108,972,1660,2170,2372,2244,1682,995,183,-544,-1127,-1220,-994,-538,264,1079,1733,2202,2339,2180,1657,845,-37,-737,-1191,-1227,-965,-415,418,1138,1903,2348,2437,2063,1473,774,-189,-735,-1180,-1212,-866,-241,502,1305,1894,2313,2297,1990
-2469,-2398,473,1972,1013,-646,963,3832,4679,3484,2193,1025,-1174,-2789,-1617,1367,1896,75,-668,1773,4445,4236,2901,1924,289,-2147,-2848,-487,2316,1407,-502,-15,3043,4586,3836,2533,1448,-277,-2784,-2254,695,2268,724,-741,1238,3862,4583,3287,2106,798,-1544,-2887,-1254,1702,2085,-24,-485,2333,4312,4472,2827,1771,144,-2333
-2347,-2046,-1578,-961,-228,515,1128,1583,1689,1595,1272,694,3,-765,-1524,-1920,-2274,-2412,-2157,-1745,-1087,-395,422,1044,1508,1749,1663,1391,877,196,-518,-1243,-1902,-2227,-2343,-2284,-1880,-1321,-551,125,881,1377,1665,1717,1564,1068,445,-387,-1042,-1708,-2131,-2387,-2258,-2048,-1485,-815,-43,609,1213,1638,1775,1599,1188,540
-203,-631,-1058,-597,-401,-358,-167,587,2618,3597,2697,52,-2340,-2903,-1884,-530,-59,-483,-932,-789,-438,-503,-499,75,1442,3115,3598,1958,-908,-2731,-3027,-1411,-203,-161,-696,-1014,-866,-101,-264,-456,522,2113,3489,3236,1054,-1569,-3066,-2458,-954,-74,-179,-911,-1015,-698,-335,-297,-279,695,2538,3568,2662,221,-2213,-3214
1563,1403,1212,959,598,249,24,-315,-446,-524,-453,-276,-72,246,592,976,1245,1431,1494,1587,1429,1178,869,526,217,-97,-229,-403,-467,-373,-313,23,257,696,974,1202,1442,1568,1494,1326,1106,882,477,178,-108,-355,-559,-576,-396,-138,49,511,768,1102,1344,1433,1573,1478,1305,1054,722,424,77,-211
-188,2919,3252,1493,135,611,3067,4243,5062,4491,4191,1773,-542,-1988,-231,2665,3607,1985,-85,322,2619,4055,4761,4450,4002,2070,-521,-1930,-465,2445,3607,2175,455,419,2384,4014,5253,4543,3988,2596,-516,-1986,-1041,2454,3478,2199,134,421,2458,4424,4585,4530,3969,1976,-106,-1893,-761,2051,3670,2410,508,-118,1672,4444
-1968,-1773,-1319,-808,-239,233,682,904,865,715,286,-258,-876,-1369,-1697,-1982,-1885,-1641,-1220,-758,-102,389,780,926,888,587,182,-427,-1029,-1445,-1821,-1988,-1888,-1522,-1091,-548,102,511,787,916,814,475,-46,-553,-1201,-1545,-1903,-1942,-1826,-1440,-949,-384,191,617,862,916,761,424,-194,-773,-1269,-1681,-1928,-1988
-1749,-1499,-105,-270,-1462,-1492,-1255,-1951,-2184,253,3456,3444,960,-1780,-1303,-382,-746,-1384,-1433,-1486,-2091,-2016,391,3370,3822,706,-1659,-1319,-327,-534,-1746,-1315,-1585,-1744,-1987,647,3962,3570,84,-2006,-1018,-181,-835,-1577,-1491,-1393,-2144,-1855,1270,3720,3289,204,-1819,-1144,-214,-846,-1554,-1467,-1325,-2200,-1740,1071,4158,2977
-737,-1321,-1492,-1253,-725,197,995,1683,2036,1998,1573,771,-137,-894,-1404,-1477,-1172,-538,378,1109,1797,2099,1938,1437,607,-274,-1006,-1498,-1432,-1116,-352,504,1338,1935,2101,1891,1279,448,-400,-1043,-1459,-1449,-976,-292,642,1406,1863,2062,1793,1164,362,-528,-1176,-1471,-1405,-898,-81,781,1560,1967,2053,1702,1073,218
1393,2486,3118,2663,1524,2137,3699,3603,883,-2266,-2721,-1044,779,1268,1477,2653,3171,2605,1280,2730,4028,3263,66,-2544,-2580,-360,889,1181,1570,2860,3131,2018,1382,3005,4085,2943,-625,-2622,-2453,-286,1295,1150,1857,3150,2772,2141,1723,3198,4182,2530,-1088,-2754,-1685,221,1053,1513,2088,3071,2836,1512,1779,3635,3821,1787
2621,2289,1444,281,-904,-1791,-2077,-1876,-1084,39,1202,2180,2549,2349,1622,517,-714,-1614,-2156,-1879,-1216,-105,1025,2014,2567,2481,1739,666,-569,-1496,-2043,-2007,-1386,-325,866,2008,2524,2454,1910,816,-439,-1422,-2003,-2058,-1485,-433,737,1779,2505,2580,2030,1004,-112,-1259,-1956,-2098,-1587,-625,490,1695,2359,2534,2122,1202
1190,363,-895,-2512,-2687,-2483,-1532,-969,-987,-1391,-1946,-2006,-1653,-1053,-580,-376,161,555,1042,811,-290,-1593,-2671,-3019,-2184,-1330,-890,-1175,-1599,-2114,-1888,-1736,-1041,-715,-200,564,938,969,391,-908,-2633,-2936,-2639,-1725,-919,-909,-1523,-2012,-1983,-1759,-1094,-825,-374,259,592,1243,967,-128,-1744,-2774,-2724,-2033,-1244,-818
1400,965,504,137,-276,-363,-367,-116,339,770,1128,1534,1558,1409,1083,656,229,-212,-356,-379,-149,230,678,1162,1374,1493,1451,1264,786,335,-64,-338,-401,-286,41,527,919,1268,1550,1548,1253,940,552,146,-312,-385,-304,-66,381,902,1310,1474,1592,1377,1021,664,179,-162,-407,-367,-124,179,692,1084
-669,-835,-1226,-1835,-1408,66,846,808,74,-202,-172,258,232,254,-330,-622,-1415,-1563,-1046,76,875,721,239,-416,-401,-354,-21,188,-819,-870,-1101,-1657,-755,270,806,1126,412,-539,-224,-29,379,-192,-369,-1079,-1010,-1673,-1094,-136,1028,754,-288,-173,-138,59,-259,-226,-492,-1055,-1235,-1554,-1239,453,874,559
1200,557,-486,-1292,-2148,-2733,-3063,-3083,-2761,-2239,-1341,-529,422,1124,1672,1832,1746,1293,591,-310,-1210,-2001,-2707,-3063,-3118,-2950,-2372,-1490,-589,268,1079,1596,1831,1740,1381,636,-181,-1099,-1987,-2666,-3001,-3187,-2886,-2389,-1583,-690,197,1055,1564,1785,1838,1453,766,-46,-1019,-1839,-2556,-3023,-3174,-2970,-2434,-1744,-780,55
-1806,-968,-969,-1857,-2455,-1392,341,937,508,-649,-1324,-1502,-2615,-4142,-4228,-3647,-1777,-968,-1290,-1746,-2030,-1017,176,574,598,-85,-1448,-1633,-2496,-3916,-4033,-3413,-1862,-1036,-1029,-1928,-2003,-1237,307,1219,618,-128,-996,-1411,-2680,-3785,-4212,-3535,-2274,-976,-918,-2021,-2210,-1459,248,883,707,-162,-1305,-1489,-2564,-3640,-3925,-3497
2392,2170,1850,1476,1241,903,897,863,1003,1214,1544,1852,2203,2473,2616,2699,2579,2459,2142,1814,1534,1245,995,1021,903,966,1278,1497,1866,2135,2459,2604,2668,2633,2467,2179,1834,1485,1247,950,878,920,1064,1250,1557,1877,2186,2398,2631,2659,2683,2505,2182,1916,1519,1221,983,895,894,1007,1152,1541,1825,2192
-4233,-2121,-910,-1297,-231,63,-1154,-1301,1490,4981,4433,-6,-4314,-4107,-2186,-1303,-756,-650,-68,-876,-1136,1437,4705,4032,-617,-4330,-3741,-2251,-1445,-1191,-719,-8,-1162,-1187,1611,4950,4244,-112,-4536,-4173,-2435,-1315,-863,-355,-132,-1734,-985,1930,4955,4029,-1019,-3992,-4000,-1932,-1222,-936,-175,-169,-1381,-952,1628,4657,4141,-940
1314,739,240,-375,-737,-894,-883,-678,-199,443,1027,1453,1767,1801,1662,1273,802,183,-273,-729,-984,-970,-606,-142,470,1020,1430,1793,1899,1702,1314,671,178,-428,-708,-946,-841,-587,-120,526,1025,1498,1729,1890,1655,1244,792,171,-419,-779,-1032,-923,-602,-164,501,1072,1561,1810,1817,1626,1284,717,168,-406
-3587,-2721,-601,312,204,-831,-1153,-749,-70,843,2240,3160,3815,2766,-114,-2767,-3558,-2449,-674,717,320,-689,-928,-599,299,1146,2002,3356,3581,2437,-155,-2629,-3582,-2312,-454,505,-69,-718,-1049,-617,199,1193,2213,3299,3513,2538,-304,-2878,-3412,-2083,-560,502,167,-777,-897,-590,48,1100,2320,3668,3545,2274,-461,-2949
-1744,-1874,-1870,-1596,-1364,-1005,-688,-473,-401,-469,-733,-1029,-1350,-1630,-1822,-1813,-1789,-1465,-1156,-826,-547,-458,-451,-608,-885,-1225,-1521,-1715,-1774,-1779,-1611,-1225,-1051,-709,-479,-425,-547,-746,-1051,-1396,-1667,-1810,-1850,-1693,-1420,-1107,-787,-525,-383,-340,-684,-934,-1296,-1542,-1777,-1879,-1824,-1526,-1202,-857,-613,-477,-397,-544
252,432,-2433,-4756,-4282,143,2665,1172,-454,269,1473,1109,107,594,-1348,-4049,-4976,-1868,2118,1732,165,-90,1185,836,124,575,-609,-3203,-5369,-2787,1599,2268,699,-44,967,1290,858,224,199,-2354,-5102,-3770,316,2240,1333,36,472,1407,858,-39,-32,-2056,-4869,-4288,-1081,2703,1383,127,-51,902,1179,149,581,-881
-1925,-1437,-845,-90,464,875,1024,920,419,-151,-853,-1452,-1922,-2108,-1980,-1477,-889,-251,353,776,1095,930,469,-103,-687,-1361,-1854,-2064,-1975,-1670,-1066,-368,293,809,1074,956,665,76,-618,-1282,-1756,-2032,-2021,-1709,-1203,-512,168,708,965,1049,657,179,-464,-1140,-1689,-2033,-2086,-1794,-1301,-662,51,615,998,949
-399,-698,-613,-1242,-2264,-3295,-2753,-1070,567,769,360,115,-139,-325,-376,-54,-374,-608,-1685,-3555,-3883,-2636,-1343,173,657,71,-300,-539,-155,-604,-710,-229,-1402,-2377,-3588,-3605,-1876,-250,572,318,55,-510,153,-388,-362,-929,-938,-1283,-2124,-3486,-3504,-1387,331,739,389,-32,-841,-5,102,-628,-546,-1047,-1599,-2477
-2011,-2217,-2286,-2181,-1997,-1737,-1458,-1181,-1069,-988,-951,-1080,-1278,-1537,-1778,-2057,-2185,-2188,-2228,-2064,-1769,-1458,-1199,-1078,-933,-951,-1047,-1240,-1536,-1743,-2038,-2213,-2203,-2178,-2027,-1686,-1424,-1219,-1037,-882,-913,-1079,-1277,-1442,-1787,-2052,-2230,-2242,-2239,-2019,-1735,-1536,-1304,-1043,-943,-954,-1046,-1288,-1504,-1836,-2028,-2228,-2287,-2223
1962,1078,851,2124,3437,3866,2887,1797,1029,306,66,142,1405,1854,1604,887,1477,2755,3694,3384,2357,1107,626,206,37,831,1795,1739,1203,1066,1698,3251,3773,2934,2032,1076,300,-130,258,1318,1917,1219,1005,1303,2497,3600,3597,2446,1276,669,155,37,885,1684,1874,1025,811,1680,3168,3781,3115,2040,1126,439
-2335,-1186,-111,830,1083,979,135,-891,-2031,-2990,-3403,-3245,-2630,-1622,-433,609,1164,1135,427,-520,-1674,-2714,-3299,-3398,-2913,-1941,-830,257,1035,1211,761,-168,-1255,-2378,-3099,-3497,-3100,-2301,-1249,-61,700,1134,909,193,-804,-2012,-2882,-3473,-3316,-2672,-1634,-433,473,1160,1089,558,-455,-1567,-2670,-3270,-3422,-2902,-2011,-789
506,4201,6442,4534,1060,-861,-32,196,32,-910,-943,-425,-474,-2136,-1500,1650,5083,5950,3703,91,-1036,-153,292,-478,-1045,-732,17,-915,-1949,-1326,2670,5774,5796,2410,-21,-1038,-285,168,-764,-991,-437,-188,-1099,-1856,-377,3555,6268,5055,1310,-692,-911,124,-23,-1079,-971,-415,-653,-1377,-1643,941,5043,6233,4070,397
1476,1998,2314,2309,2151,1630,979,244,-558,-1237,-1825,-1967,-2098,-1769,-1269,-610,94,878,1624,2091,2303,2341,2044,1471,802,42,-740,-1388,-1836,-2056,-2021,-1708,-1172,-470,300,1097,1709,2046,2332,2233,1966,1266,615,-95,-838,-1504,-1930,-2057,-1981,-1707,-1053,-277,484,1229,1779,2185,2379,2224,1759,1247,523,-239,-1071,-1545
358,-455,-137,285,752,183,-643,-1492,-1196,-1347,-785,101,1083,1861,1868,1134,-215,-352,62,746,635,-483,-1314,-1589,-1480,-740,69,693,1479,2066,1163,47,-418,-163,418,778,14,-893,-1512,-1517,-914,-351,354,1200,2163,1374,653,-319,-231,384,847,208,-715,-1441,-1451,-1291,-753,210,1074,2004,2041,690,-114,-534
-2473,-2243,-2110,-1781,-1473,-1238,-1083,-1099,-1180,-1359,-1535,-1926,-2145,-2368,-2501,-2586,-2533,-2334,-2145,-1863,-1548,-1282,-1182,-1110,-1148,-1318,-1494,-1826,-2094,-2339,-2440,-2593,-2506,-2404,-2205,-1872,-1569,-1379,-1169,-1083,-1116,-1288,-1442,-1684,-2058,-2214,-2498,-2576,-2562,-2484,-2279,-1981,-1639,-1440,-1222,-1064,-1114,-1219,-1425,-1610,-1888,-2181,-2468,-2534
3077,3513,2532,1506,1203,994,1338,1496,1461,1635,2250,2110,1862,2100,2682,3540,3299,2179,1035,1002,1423,1771,1437,1528,1861,2147,1941,1874,2239,3022,3657,3037,1325,726,1079,1386,1587,1233,1535,1891,2027,1928,1710,2553,3568,3235,1754,762,1129,1594,1744,1591,1558,1937,2242,1706,1759,2349,3114,3316,2795,1816,707,1405
378,704,1005,1166,1361,1201,1083,780,517,121,-307,-377,-598,-591,-534,-389,27,271,663,1016,1171,1179,1243,1067,812,431,167,-169,-487,-644,-621,-602,-280,-121,237,591,951,1165,1221,1277,1148,899,574,244,-125,-446,-573,-676,-605,-347,-120,142,551,882,1098,1204,1274,1164,939,595,290,-61,-402,-533
44,1041,1402,1171,527,533,840,2052,2137,1220,358,-723,-444,-193,593,731,1439,818,28,256,1299,2033,1943,1282,0,-950,-5,-288,170,766,1452,875,611,381,1684,2187,1445,1164,-317,-213,-275,-302,642,1288,1265,895,398,1243,1899,2282,1837,1142,-132,-453,-306,7,482,1123,1412,749,178,726,1759,1908
-422,-463,-765,-1179,-1778,-2457,-2970,-3366,-3406,-3338,-2961,-2409,-1751,-1194,-676,-494,-459,-782,-1298,-1856,-2479,-2954,-3340,-3459,-3300,-2937,-2318,-1681,-1141,-690,-366,-423,-811,-1347,-1859,-2533,-3109,-3341,-3501,-3297,-2867,-2271,-1616,-1089,-677,-401,-531,-859,-1366,-1954,-2532,-3153,-3418,-3533,-3202,-2805,-2245,-1545,-1028,-647,-448,-516,-824,-1387
2380,870,-1373,-2715,-4262,-4813,-4580,-3378,-1119,20,-650,-2028,-2672,-1082,1405,2104,1102,-185,-2245,-3670,-4530,-5468,-4316,-2100,-594,-319,-1564,-2797,-1929,104,2071,2149,600,-1324,-2943,-4158,-5017,-4864,-3142,-1662,6,-1140,-2072,-2305,-1107,1044,2388,1443,-144,-2140,-3745,-4721,-5442,-4061,-1956,-254,-271,-1342,-2700,-1977,669,2123,1750,691
132,451,316,-218,-1072,-2070,-3050,-3776,-4165,-4131,-3562,-2748,-1733,-741,-17,330,386,-158,-901,-1967,-2957,-3725,-4154,-4144,-3772,-2940,-1901,-975,-127,413,347,-15,-736,-1760,-2686,-3578,-4096,-4162,-3877,-3053,-2244,-1132,-316,262,397,184,-542,-1518,-2503,-3428,-3977,-4243,-3965,-3222,-2317,-1277,-415,232,503,166,-401,-1368,-2369,-3304
1152,1070,359,274,254,387,-449,-1564,-2122,-1791,-741,-533,-1807,-3731,-5092,-5264,-3001,-918,919,1448,67,289,288,268,-65,-721,-2451,-1883,-1036,-216,-1183,-3577,-5238,-5255,-3485,-1036,782,1012,661,-42,183,170,327,-883,-2011,-2294,-1279,-990,-1238,-2879,-5073,-4993,-3960,-1759,1024,1572,1309,146,290,308,144,-888,-1976,-1698
1343,1552,1602,1579,1283,1025,715,407,264,216,391,641,973,1354,1541,1631,1557,1256,979,619,449,179,265,428,704,1093,1309,1579,1614,1477,1278,929,658,375,200,272,400,719,1104,1366,1557,1644,1444,1149,858,525,276,218,263,474,745,1126,1369,1625,1617,1406,1213,852,516,285,217,305,505,832
-2284,-654,567,272,-1708,-2117,1043,4136,3729,1184,-2539,-4270,-3874,-2878,-1982,-218,148,-1063,-2078,-1058,2740,4335,3112,-370,-3449,-3854,-3423,-2517,-1327,300,-298,-1399,-1582,428,3702,3863,1628,-2048,-3777,-3972,-2944,-2142,-387,-127,-545,-1312,-960,2120,4552,3058,-239,-2930,-4048,-3518,-3015,-869,65,74,-1717,-2227,110,3143,4100,1595
-1731,-1298,-979,-788,-680,-895,-1160,-1567,-1989,-2482,-2746,-3002,-2975,-2842,-2561,-2076,-1695,-1261,-941,-755,-747,-952,-1220,-1669,-2124,-2496,-2841,-3002,-2992,-2820,-2448,-1990,-1613,-1205,-944,-701,-721,-920,-1285,-1698,-2148,-2606,-2858,-3086,-3013,-2748,-2481,-2026,-1615,-1172,-836,-689,-743,-961,-1353,-1723,-2209,-2565,-2876,-3007,-3016,-2777,-2333,-1961
836,-431,-1284,-1247,-674,-432,-520,-1136,-1983,-2992,-4360,-3523,-798,1426,1154,-340,-1169,-1129,-507,-364,-458,-1207,-1906,-2826,-3910,-3635,-1203,1129,1858,219,-1158,-1226,-730,51,-477,-1034,-1791,-2783,-4110,-3793,-1670,960,1751,335,-1108,-1387,-867,-253,-765,-1081,-1630,-2642,-3840,-3976,-2075,264,1458,723,-1000,-1538,-441,-291,-608,-1219
644,1347,2158,2749,2991,2943,2585,1909,1184,462,105,-47,181,678,1324,2083,2736,3053,2984,2617,1918,1225,467,63,-103,162,691,1301,2132,2725,3017,2969,2596,1939,1241,534,16,-116,148,620,1359,2090,2672,3027,3038,2582,1848,1172,567,70,-89,93,605,1352,2077,2751,3046,3017,2565,1967,1250,613,74,-153
-2262,-2983,-3968,-2774,-455,-461,-1814,-2398,-1396,-293,-871,-1523,-2546,-3404,-4529,-3421,-1012,-161,-1436,-2305,-1775,-415,-184,-1547,-2412,-2626,-3486,-3902,-1914,-671,-938,-2256,-2047,-448,-348,-764,-2055,-2757,-3415,-3742,-2795,-329,-319,-1593,-2163,-407,-79,-552,-1492,-2116,-3310,-4123,-3075,-1010,-568,-1525,-1879,-1535,-216,-893,-1286,-1681,-2472,-3977
-943,-1541,-1952,-1872,-1473,-773,26,835,1544,1971,2046,1804,1168,309,-420,-1258,-1719,-1980,-1744,-1272,-586,316,1105,1806,2092,1960,1597,910,118,-639,-1427,-1865,-1934,-1663,-1043,-220,584,1371,1881,2019,1931,1367,644,-245,-983,-1637,-1901,-1872,-1325,-786,140,832,1593,1955,2027,1749,1063,287,-501,-1212,-1763,-1920,-1712,-1148
753,629,633,951,1523,1287,650,1439,2934,2786,2014,1048,334,795,333,863,1284,1218,972,1200,2310,2991,2308,1366,634,513,457,879,1047,1452,919,1075,2103,2898,2421,1301,722,511,515,621,971,1400,748,1014,1665,2864,2705,1670,685,649,401,713,921,1047,968,862,1925,3115,2669,1664,934,822,655,624
3447,2997,2168,1001,-88,-926,-1357,-1248,-573,409,1544,2607,3297,3506,3175,2329,1289,188,-753,-1313,-1344,-777,68,1269,2374,3206,3496,3335,2629,1578,396,-519,-1234,-1408,-1013,-102,1022,2095,3040,3499,3427,2847,1800,713,-355,-1141,-1410,-1066,-340,671,1860,2811,3411,3435,3016,2120,986,-80,-978,-1433,-1206,-536,375,1626
41,-1099,-1501,-567,-955,-3222,-5681,-5185,-2155,372,1149,1311,1110,-377,-1603,-2270,-574,-679,-3186,-5555,-4924,-1867,643,930,1138,977,185,-1359,-1764,-920,-734,-3009,-5950,-5337,-2129,485,1457,971,1036,-56,-1650,-1426,-519,-886,-3273,-6080,-5624,-2316,695,1114,1227,977,-146,-1742,-1906,-544,-308,-3475,-5979,-4883,-2190,152,1327,1081
1173,899,656,367,207,67,25,23,200,401,623,849,1120,1226,1373,1360,1228,1033,844,577,367,120,-11,19,55,228,484,706,938,1215,1345,1389,1309,1251,1009,695,491,228,77,-9,-22,83,288,565,797,1063,1218,1366,1351,1362,1077,873,679,397,124,20,-42,21,188,389,589,895,1178,1297
377,266,511,1133,3029,4433,5113,4137,2296,954,868,1280,1507,993,591,406,261,312,1016,2309,4222,5090,4428,2573,926,568,1268,1330,1176,624,286,492,425,804,2006,3813,5138,4879,3295,1269,675,988,1483,1322,842,682,413,243,611,1889,3373,4853,4893,3494,1579,688,954,1426,1373,875,595,221,320,402
-491,-1429,-1731,-1476,-624,482,1757,2764,3339,3357,2708,1590,285,-802,-1515,-1659,-1242,-334,872,2082,3062,3400,3253,2328,1274,1,-1060,-1640,-1563,-1029,-55,1256,2400,3255,3447,2998,2123,877,-328,-1278,-1714,-1483,-799,319,1582,2709,3307,3396,2772,1804,472,-669,-1421,-1745,-1407,-509,735,1962,2907,3427,3305,2551,1430,193
594,77,-613,-1653,-2365,-3229,-3484,-2993,-1902,-1447,-1152,-1898,-2499,-2988,-2204,-1068,212,795,525,-215,-974,-1833,-2934,-3473,-3381,-2556,-1612,-1071,-1407,-2138,-3006,-2852,-1830,-859,357,529,267,-259,-1405,-1966,-2983,-3869,-3235,-2201,-1301,-1107,-1808,-2424,-2841,-2520,-1542,-175,544,723,223,-503,-1588,-2464,-3144,-3431,-2942,-2021,-1220,-1214
-140,-340,-621,-961,-1220,-1328,-1401,-1335,-1059,-788,-469,-273,-82,-145,-182,-435,-704,-1012,-1249,-1323,-1374,-1183,-976,-649,-396,-201,-140,-121,-325,-507,-840,-1044,-1317,-1392,-1375,-1158,-796,-538,-266,-100,-10,-133,-406,-647,-953,-1282,-1302,-1354,-1250,-1017,-740,-392,-261,-87,-130,-286,-460,-769,-1046,-1282,-1389,-1354,-1205,-901
-1260,-382,281,-464,-2192,-4026,-3966,-3840,-2673,-1686,-1428,-1139,-2029,-2324,-1521,-512,95,-762,-2336,-4022,-4331,-3751,-2969,-1713,-1377,-1229,-1972,-2038,-1528,-227,644,-795,-2155,-3748,-3931,-3687,-3050,-1581,-1145,-1452,-1717,-2074,-1405,-125,431,-1282,-2620,-3908,-4163,-3008,-2579,-1882,-1049,-1512,-1963,-2215,-873,94,313,-759,-3134,-3906,-3837,-3616
1012,394,-147,-602,-756,-844,-590,-148,386,1051,1546,1815,1993,1768,1415,802,294,-255,-694,-867,-768,-472,10,580,1198,1649,1854,1950,1648,1267,707,133,-370,-730,-874,-682,-347,109,798,1304,1737,1885,1892,1598,1078,596,8,-501,-830,-846,-669,-238,312,928,1461,1797,2004,1825,1532,991,340,-184,-613,-805
-1448,-1925,-3057,-3866,-2416,290,874,344,-522,-882,-889,-1371,-1687,-1328,-1656,-3151,-3874,-2499,-93,777,274,-606,-650,-1265,-1562,-1457,-1048,-1706,-3116,-3937,-2822,-571,801,223,-570,-912,-1230,-1381,-1705,-1549,-1681,-2974,-3893,-3005,-750,697,592,-659,-1007,-1176,-1395,-1771,-1416,-1448,-2898,-3738,-3054,-1006,677,426,-261,-814,-878,-1410
-483,-1618,-2522,-3135,-3203,-2797,-1952,-913,144,908,1232,1108,509,-409,-1495,-2463,-3044,-3196,-2848,-2047,-1019,29,859,1221,1123,549,-365,-1443,-2438,-3135,-3245,-2885,-2099,-1094,-56,787,1194,1167,576,-276,-1321,-2331,-2950,-3290,-2929,-2220,-1229,-61,738,1172,1231,705,-177,-1290,-2233,-2997,-3197,-3019,-2245,-1314,-197,660,1150,1267
-1220,-1035,-438,-212,-260,-31,474,1039,719,45,-2083,-3973,-4975,-4293,-2768,-1431,-484,-796,-1166,-931,-546,-181,11,-7,221,1154,908,251,-1568,-3615,-4784,-4378,-3206,-1383,-881,-657,-966,-1124,-594,-279,-227,-61,222,792,1199,313,-1575,-3717,-4733,-4504,-2926,-1495,-617,-656,-986,-983,-761,-161,-89,-153,287,745,910,392
-1978,-2048,-1903,-1443,-749,-69,639,1132,1268,1155,671,32,-736,-1466,-1880,-2071,-1966,-1496,-886,-97,566,1090,1295,1142,723,179,-654,-1318,-1936,-2055,-2024,-1617,-983,-285,457,1026,1282,1173,888,204,-535,-1148,-1774,-2071,-2043,-1677,-1084,-396,364,913,1259,1225,990,356,-396,-1128,-1681,-2028,-2069,-1861,-1241,-552,239,816
-818,-2661,-2549,-2544,-1689,-1861,-2814,-4945,-6205,-3853,906,2594,1215,-1496,-2775,-2454,-1879,-1979,-1656,-2950,-5677,-6219,-2669,1547,2935,466,-1888,-2537,-2348,-2105,-1776,-2176,-4077,-6128,-5505,-1481,2585,2570,-74,-2403,-2114,-2081,-2357,-1944,-2092,-4595,-6551,-4568,24,2894,2136,-601,-2310,-2287,-2081,-2317,-1679,-2888,-5219,-6405,-3635,1007,3019,1191
-1621,-355,695,1255,1431,907,-116,-1201,-2304,-3049,-3220,-2930,-2076,-1053,169,1028,1415,1167,425,-648,-1806,-2798,-3198,-3215,-2553,-1553,-358,647,1252,1372,811,-130,-1220,-2309,-3057,-3279,-2889,-2079,-956,203,1059,1432,1205,384,-645,-1818,-2826,-3326,-3161,-2475,-1503,-267,648,1257,1386,818,-176,-1270,-2418,-3142,-3272,-2872,-2026,-909
1250,2376,2603,1739,955,1301,2722,3186,2508,570,-30,28,284,436,1377,2606,2517,1683,795,1635,2903,3282,2151,398,-205,-117,340,404,1515,2628,2404,1308,710,1642,3089,3115,1922,233,-83,-322,114,691,1443,2390,2335,1175,820,1877,3132,2950,1576,200,-47,-160,395,876,1850,2793,2135,1312,886,2078,3273,2968
2954,2766,2459,1908,1357,883,451,264,306,614,1056,1578,2106,2620,2911,2912,2641,2244,1654,1143,570,362,167,350,743,1346,1874,2392,2750,2969,2823,2515,2024,1463,918,476,255,299,469,1012,1566,2103,2686,2822,2931,2709,2281,1683,1145,688,371,292,434,737,1289,1742,2346,2731,2949,2805,2517,2079,1513,916
151,1185,1839,1504,-74,-296,787,703,-237,-1867,-1826,-1072,-84,489,1461,1362,-41,-477,591,858,-198,-1590,-1686,-1148,-333,503,1755,1680,178,-753,373,1140,149,-1093,-1630,-1064,-173,514,1600,1616,787,-193,121,956,441,-932,-1648,-1521,-791,55,1087,1620,1037,-116,-393,1077,878,-802,-1966,-1707,-823,49,1034,1744
-14,-12,306,786,1473,1976,2375,2500,2315,1933,1336,760,222,-11,13,288,777,1318,1944,2256,2442,2387,2015,1406,838,335,87,28,232,674,1296,1822,2240,2496,2354,2103,1489,888,406,50,2,148,522,1149,1831,2226,2480,2471,2133,1588,941,449,78,-63,62,563,1123,1706,2180,2441,2362,2146,1720,1054
-1403,-1494,-1740,-2813,-3265,-2559,-949,-874,-1536,-953,-778,-1337,-1954,-1620,-1134,-1925,-2843,-3135,-2335,-739,-1017,-1192,-1037,-603,-1627,-1791,-2090,-1781,-2031,-2727,-3102,-2268,-1297,-262,-1316,-1150,-1170,-1257,-2294,-1423,-1559,-1444,-2853,-2781,-1929,-985,-1471,-833,-1523,-673,-1702,-2120,-1750,-1672,-1874,-2672,-2896,-2374,-917,-929,-1258,-702,-841,-1075
2336,2158,1813,1510,1190,965,851,889,1032,1321,1642,1978,2292,2420,2485,2397,2202,1877,1573,1230,958,855,812,932,1361,1498,1915,2192,2467,2443,2450,2206,1926,1646,1342,1044,866,861,937,1179,1502,1849,2143,2356,2490,2429,2311,1975,1692,1374,1104,909,840,942,1126,1409,1758,2107,2314,2405,2480,2453,2125,1805
-1978,861,4563,4832,2693,-495,-2451,-3289,-2762,-2778,-1550,-546,-404,-1709,-3130,-3330,-874,2943,4867,4217,1374,-1665,-2921,-3188,-2866,-2156,-1034,-240,-844,-2338,-3723,-2888,590,4310,5094,3416,5,-2604,-2824,-2943,-2665,-1899,-1065,-165,-1065,-3171,-3442,-1576,2604,5169,4585,1945,-1282,-3089,-3469,-3250,-2290,-1440,-286,-404,-2066,-3683,-3008,23
1658,977,216,-446,-1033,-1176,-1090,-544,152,999,1624,2128,2295,2066,1430,749,-27,-716,-1113,-1150,-906,-194,538,1300,1887,2227,2217,1757,1162,362,-299,-904,-1177,-1032,-637,-7,852,1568,2031,2205,2114,1592,860,47,-609,-1059,-1241,-1024,-380,392,1115,1789,2203,2268,1880,1329,537,-249,-828,-1198,-1097,-791,-133,687
726,2550,1356,-1601,-3846,-4438,-3721,-3168,-2150,-1878,-2153,-3269,-3455,-1972,956,2537,1679,-1546,-4300,-4556,-3643,-2768,-1989,-1997,-2276,-2923,-3070,-1768,988,2583,1509,-1916,-4222,-4667,-3848,-2912,-2475,-1901,-2637,-3196,-2969,-1089,1443,2846,571,-2076,-4327,-4916,-3277,-2786,-2204,-2148,-2435,-3291,-3308,-1235,1737,2366,604,-2164,-4396,-4400,-3248,-2622
1587,1884,2168,2354,2449,2496,2315,2026,1722,1358,1190,1055,1148,1227,1544,1756,2111,2321,2489,2428,2436,2199,1823,1572,1292,1083,1045,1142,1377,1657,1950,2210,2423,2514,2397,2222,1962,1688,1330,1197,1087,1137,1226,1535,1840,2097,2347,2499,2550,2311,2068,1788,1502,1257,1093,1103,1212,1420,1727,2031,2344,2422,2512,2460
-2021,-2429,-1753,-892,-112,325,-783,-1234,-520,583,1966,2291,910,-1139,-3123,-3312,-3034,-2804,-2746,-1795,-1705,-600,78,9,-1109,-1410,-161,797,2586,1930,4,-1951,-3697,-3611,-3229,-3288,-2446,-2251,-990,-13,211,-20,-590,-880,317,2116,2017,1058,-118,-2584,-3593,-3938,-3404,-2674,-2540,-1791,-943,182,90,-568,-944,-777,349,2121
306,-31,-472,-805,-1121,-1325,-1174,-1011,-484,-161,231,397,445,185,-213,-652,-966,-1343,-1249,-1049,-737,-394,101,234,397,237,-5,-432,-866,-1171,-1326,-1199,-958,-594,-90,214,483,326,121,-227,-623,-1080,-1305,-1267,-1057,-710,-303,78,326,414,241,-100,-431,-872,-1151,-1283,-1241,-907,-521,-118,176,459,384,144
-2826,-2405,-327,1467,1439,-942,-2126,-1407,27,-448,-1632,-3401,-3433,-3047,-2739,-2323,-223,1494,1094,-653,-2269,-1271,-56,51,-2177,-3132,-2947,-3036,-2796,-1942,-208,1364,1317,-832,-2117,-1241,166,-211,-1755,-3105,-2908,-2886,-2956,-2077,-223,1691,855,-1146,-1771,-887,146,-381,-2238,-3109,-3084,-2886,-2657,-1926,424,1780,748,-1198,-2303,-1257
-3169,-3218,-3018,-2673,-2191,-1628,-1028,-606,-223,4,59,-155,-524,-996,-1646,-2198,-2692,-3058,-3228,-3184,-3000,-2599,-2123,-1508,-928,-427,-131,100,18,-218,-674,-1206,-1785,-2329,-2788,-3119,-3229,-3237,-2909,-2420,-1903,-1330,-797,-357,-88,36,-39,-287,-784,-1283,-1930,-2384,-2863,-3170,-3249,-3091,-2767,-2390,-1753,-1295,-667,-248,16,73
702,2173,-117,-2564,-341,4150,4842,3391,1271,-467,-2721,-3301,-48,1800,-219,-2711,-939,4001,5210,3978,1459,-111,-2661,-2964,-629,1699,397,-2475,-1618,3153,4947,4256,1938,-67,-1800,-2405,-318,2045,356,-2330,-1939,2521,4924,4041,2115,627,-1743,-3043,-1608,1903,1140,-1513,-2052,2210,5068,4251,2134,187,-1771,-3487,-2498,1942,1269,-1771
784,-214,-1062,-1536,-1588,-1112,-251,730,1681,2213,2255,1813,1052,5,-833,-1503,-1697,-1252,-645,419,1439,2121,2288,2037,1350,327,-609,-1393,-1702,-1449,-817,103,1164,1955,2338,2203,1547,682,-433,-1176,-1559,-1599,-1019,-211,869,1760,2312,2337,1770,913,-81,-967,-1531,-1638,-1237,-408,604,1507,2110,2302,2000,1185,264,-749
-2870,-2592,-352,118,-393,-958,-721,460,1199,2230,2862,2761,1190,-1328,-2935,-2792,-848,443,-334,-947,-732,101,1132,1822,2528,2831,1886,-260,-2620,-3294,-1274,201,279,-611,-1003,-399,1079,1725,2341,2439,2170,481,-2212,-3171,-2312,-361,261,-315,-813,-519,1008,1512,2148,2568,2128,634,-1646,-3178,-2167,-634,468,-271,-1368,-747
-899,176,1309,2146,2602,2641,2067,1166,-7,-997,-1671,-1876,-1617,-856,197,1231,2233,2608,2572,2077,1105,15,-961,-1602,-1947,-1625,-847,221,1296,2195,2666,2596,2022,1114,17,-1015,-1692,-1867,-1586,-810,210,1313,2184,2651,2513,2029,1098,34,-1068,-1707,-1930,-1510,-856,233,1336,2184,2634,2597,2014,1088,31,-1051,-1736,-1951
-259,-1357,-111,1860,2883,1796,-620,-3484,-5064,-4785,-3484,-2553,-1871,-401,1025,1879,1250,-155,-946,-705,1052,2861,2421,-4,-3073,-4667,-4846,-4100,-3094,-1915,-1084,565,1915,1625,713,-767,-1107,872,2330,2849,1233,-2035,-4344,-5136,-4255,-3426,-2370,-1246,-212,1396,1890,1354,-424,-1022,-32,1865,2902,2149,-825,-3404,-5111,-4688,-3558,-2690
2312,2796,2770,2397,1751,794,-68,-672,-994,-848,-289,599,1445,2249,2748,2698,2450,1739,972,29,-693,-927,-811,-296,500,1438,2195,2696,2797,2536,1817,975,40,-636,-959,-844,-321,361,1300,2192,2638,2798,2511,1869,1028,173,-570,-840,-1008,-435,314,1301,2056,2703,2737,2541,1991,1123,168,-533,-929,-942,-485,243
-4841,-4826,-2944,139,1614,512,-1770,-1958,-313,885,-108,-2386,-4210,-5004,-4315,-1835,947,1318,-531,-1929,-1300,422,828,-463,-2818,-4783,-4984,-3801,-745,1468,1026,-1242,-2210,-675,773,492,-1437,-3631,-4804,-4698,-2752,387,1793,600,-1760,-1920,5,878,-166,-2276,-4200,-5122,-4099,-1532,1079,1396,-633,-2229,-1411,577,820,-871,-3272,-4651
1837,2921,3734,4144,4051,3548,2589,1459,362,-394,-805,-708,-137,845,1908,2986,3738,4162,4016,3338,2435,1310,241,-516,-819,-668,22,1073,2101,3174,3951,4205,3959,3290,2325,1243,89,-620,-866,-543,120,1134,2256,3261,3962,4189,3929,3190,2122,966,31,-654,-794,-440,312,1342,2436,3378,4068,4129,3753,3093,1941,791
2228,2229,1482,919,749,955,1492,1348,1525,-162,-1595,-2882,-1987,-211,1772,3205,3373,2984,2219,1843,1664,513,427,828,1652,1875,1382,132,-1430,-2824,-2274,-1013,1338,3355,3203,3502,2555,1473,1489,777,1047,715,1081,1679,1424,67,-1269,-2724,-2238,-962,921,2872,3440,3110,2782,2142,1407,1136,555,737,1076,1736,1264,-99
-475,-98,257,614,709,818,786,600,337,-91,-497,-843,-1061,-1206,-1175,-1142,-893,-607,-188,154,493,746,796,757,589,328,-36,-385,-733,-1003,-1223,-1262,-1165,-1021,-681,-232,74,391,675,795,840,711,405,123,-254,-622,-954,-1152,-1267,-1183,-1068,-708,-475,-65,330,618,824,850,690,560,246,-103,-504,-904
676,-2,199,1534,3215,3347,2325,1661,2116,2829,3175,2318,1133,461,-135,332,1858,2960,3535,2302,1764,2193,3129,3120,2239,1462,181,113,680,2033,3208,3313,2520,1608,2082,3319,3023,2253,1077,566,252,687,2096,3713,3335,2138,1900,2804,3308,3095,2251,1057,311,-12,827,2492,3662,2938,1939,1914,2731,3381,2913,1734
946,1502,2157,2794,3178,3413,3296,3041,2443,1832,1171,672,478,457,651,1215,1803,2421,3044,3288,3319,3210,2774,2203,1518,1037,599,377,481,899,1472,2106,2648,3082,3391,3377,3039,2445,1889,1304,712,443,480,697,1099,1712,2393,2965,3304,3364,3264,2827,2249,1615,1026,619,450,509,940,1403,2009,2577,3175,3458
1397,-691,-2569,-1693,678,1917,1623,1632,1201,77,-405,670,1433,191,-2154,-2195,-108,1546,1919,1558,1415,670,-404,105,1494,919,-1581,-2591,-951,1303,1853,1762,1629,828,-163,-77,1088,1307,-704,-2485,-1826,738,1796,1915,1691,1348,206,-213,504,1542,207,-2276,-2425,-379,1682,1607,1550,1496,614,-366,141,1391,826,-1381
1855,2169,2470,2604,2681,2645,2433,2126,1802,1485,1163,941,786,867,933,1222,1502,1896,2198,2448,2619,2688,2569,2341,2090,1706,1400,1116,878,758,822,963,1174,1530,1861,2246,2502,2661,2708,2550,2364,2073,1655,1369,1043,843,745,707,937,1263,1612,1911,2261,2510,2665,2658,2515,2317,2046,1607,1316,1007,800,719
128,220,890,1706,2733,2065,470,-891,-1377,-321,376,248,-449,-1357,-1143,-630,-200,-129,80,1152,2533,2691,1776,-236,-1370,-1012,-210,387,100,-922,-1151,-1202,-660,-381,-62,581,1760,2701,2454,911,-800,-1603,-771,358,404,-203,-1117,-1310,-951,26,-202,116,1037,2353,2751,2171,-16,-1295,-1128,-128,300,108,-607,-1131
-2126,-1677,-1079,-427,193,763,1149,1332,1194,977,369,-274,-905,-1527,-2102,-2327,-2334,-2249,-1765,-1278,-554,-3,637,1119,1298,1302,1054,529,-83,-782,-1320,-1923,-2255,-2354,-2354,-1855,-1441,-849,-126,518,928,1183,1280,1138,723,90,-486,-1161,-1762,-2171,-2372,-2417,-2065,-1580,-1092,-332,231,724,1177,1269,1155,814,318,-316
-1300,-175,2324,4355,4460,4747,3598,3207,1988,376,-310,177,1788,2140,1287,-393,-1517,-1009,843,3092,4084,4327,4214,3556,2759,1086,41,-42,716,2309,2335,864,-685,-1363,-642,1750,3407,4606,4566,3873,3383,2182,812,-394,202,1575,2824,1717,164,-1646,-1183,468,2905,4129,4707,4045,3655,2805,1637,111,-25,795,2310,1999
77,-549,-1293,-2477,-3338,-3904,-4071,-3805,-2979,-1935,-948,-173,212,46,-643,-1524,-2532,-3478,-4027,-4105,-3649,-2870,-1817,-846,-72,245,3,-755,-1621,-2706,-3651,-4049,-4132,-3533,-2779,-1628,-654,-51,172,-127,-838,-1835,-2895,-3679,-4072,-4019,-3481,-2507,-1571,-530,35,164,-210,-947,-2047,-3045,-3760,-4089,-3944,-3349,-2386,-1375,-396,157
1124,2385,4288,4856,1721,-1283,-1313,866,1460,649,-254,388,1008,1916,3332,4861,3211,-192,-1811,-242,1617,1103,-63,73,766,1719,2545,4958,4413,1418,-1471,-598,887,1395,436,-209,431,1063,1985,3955,4873,2787,-878,-1442,297,1678,865,-386,131,996,1856,3231,4906,3546,556,-1674,-630,1630,1201,405,-29,443,1304,2572
-4104,-3620,-2742,-1715,-593,256,774,721,263,-569,-1702,-2787,-3618,-4105,-4074,-3574,-2676,-1593,-575,309,803,714,288,-659,-1684,-2829,-3684,-4090,-4092,-3523,-2614,-1521,-428,325,759,720,177,-736,-1857,-2952,-3700,-4137,-4057,-3488,-2499,-1475,-390,396,807,676,205,-835,-1861,-2958,-3783,-4152,-4034,-3397,-2539,-1385,-319,486,818,625
-1346,-190,383,754,68,-473,-797,237,1254,2717,3133,3740,2605,1404,-492,-1946,-2324,-2168,-325,839,842,-289,-466,-753,17,1090,2250,3331,3394,3155,1828,606,-1669,-2607,-2184,-808,470,850,-90,-548,-930,-339,766,2197,3111,3867,3005,2247,650,-1283,-2661,-2433,-1269,163,502,141,-178,-1037,-342,430,1930,2922,3628,3285
-72,428,880,1122,1325,1260,944,545,106,-443,-961,-1395,-1653,-1746,-1634,-1357,-827,-376,119,578,1048,1225,1246,1073,760,351,-132,-623,-1108,-1524,-1700,-1680,-1446,-1138,-688,-211,301,797,1182,1301,1235,1009,648,142,-323,-883,-1342,-1610,-1747,-1602,-1398,-974,-511,16,530,957,1183,1258,1148,907,451,5,-576,-1031
903,-574,-980,238,881,1348,537,236,209,642,1152,610,379,-260,-458,-1012,316,885,803,843,366,851,660,1279,579,511,-493,-543,111,1057,1647,852,334,424,857,950,227,249,-172,-954,-582,452,1817,770,696,796,723,1306,800,381,-206,-260,-819,92,723,1077,487,339,696,1099,665,444,506,-731
-579,-1328,-2054,-2632,-2939,-2935,-2598,-2043,-1290,-578,214,814,1174,1269,1099,626,-107,-779,-1623,-2341,-2817,-2908,-2841,-2437,-1853,-1077,-282,465,911,1205,1268,934,346,-335,-1174,-1798,-2503,-2834,-2932,-2744,-2255,-1522,-714,14,674,1026,1241,1133,760,121,-651,-1461,-2195,-2720,-2889,-2889,-2524,-2031,-1286,-494,270,835,1243,1272
-2322,-2542,-1418,-1469,-1594,1006,1621,1443,-1141,-2439,-2192,-1384,-1502,-1949,-2129,-1774,-1743,-1862,-750,1138,2022,963,-1406,-2456,-1930,-855,-1591,-2419,-2125,-1826,-2233,-1883,-43,1579,1711,196,-2207,-2431,-1692,-1102,-1766,-2479,-2511,-1546,-2078,-1548,524,1932,1534,-779,-2318,-2406,-1493,-1290,-1828,-2044,-2187,-2146,-1735,-1062,740,1592,1207,-539
-54,671,1393,1997,2261,2415,2328,1930,1362,594,-172,-825,-1406,-1787,-1903,-1735,-1483,-824,-123,625,1348,1841,2303,2437,2364,1981,1349,685,-59,-785,-1326,-1713,-1929,-1768,-1401,-897,-152,552,1282,1826,2280,2406,2312,1976,1389,798,22,-684,-1282,-1733,-1888,-1800,-1448,-1004,-290,462,1201,1788,2200,2442,2382,1961,1513,818
2403,2784,2839,2517,1616,1637,1707,1969,2680,2420,1938,853,141,-159,687,1555,2363,2416,2941,2443,2787,2069,1788,1625,1814,1958,2428,2477,2160,1046,30,304,1018,949,2022,2268,2216,2881,2873,2749,1847,1853,1359,1980,2093,2349,1939,920,344,222,755,1476,2335,2405,2883,2740,2814,2501,2124,1564,1975,2393,2347,2447
958,880,656,75,-554,-1215,-1719,-2069,-2056,-1774,-1320,-709,-45,495,836,965,676,292,-359,-1066,-1562,-1963,-2079,-2004,-1421,-954,-234,309,774,936,842,459,-104,-844,-1459,-1856,-2060,-2060,-1656,-1150,-454,188,751,900,980,553,48,-646,-1259,-1788,-2096,-2148,-1825,-1321,-666,40,530,866,897,658,213,-360,-1031,-1629
-1902,-2265,-1813,-1309,148,-289,-1125,-2121,-2513,-1978,-1878,-1583,-1765,-2245,-2055,-1265,-227,-257,-1425,-2195,-2252,-2191,-1799,-1693,-2062,-2217,-2424,-1423,-372,-132,-1118,-1804,-2510,-2196,-1741,-1728,-1632,-2243,-2270,-1564,-775,-436,-883,-1898,-2197,-2101,-1858,-1845,-1807,-1936,-2330,-1876,-1141,-10,-982,-1778,-2269,-2166,-1914,-1905,-1756,-2019,-2318,-1707
455,765,993,1163,1290,1370,1181,1009,735,513,284,78,50,131,283,493,792,1033,1213,1264,1237,1106,850,647,385,219,49,98,195,348,652,829,1146,1252,1293,1245,1017,807,564,358,156,52,72,228,454,696,962,1078,1311,1322,1204,1003,739,446,227,42,58,147,204,451,793,1027,1262,1241
-3918,-2723,-2227,-1553,-1335,-1677,-2105,-2191,17,2577,3866,1312,-2150,-3979,-4519,-2474,-1833,-2249,-1155,-1290,-1835,-2317,-760,1801,3887,2383,-1544,-4149,-4750,-3832,-2500,-1631,-1846,-1298,-1572,-2389,-1531,1394,3762,2764,-397,-4120,-4678,-3885,-2250,-1834,-1482,-1465,-1373,-2195,-2136,759,3172,4089,620,-3195,-4802,-3536,-2617,-2104,-1815,-1430,-1666,-1961
1255,748,372,365,436,890,1352,1900,2463,2901,3056,2996,2743,2242,1666,1046,583,385,338,514,952,1507,2093,2611,2898,3093,2895,2564,2061,1500,947,538,368,429,630,1213,1693,2184,2680,3010,3054,2848,2475,1938,1352,829,499,357,401,728,1237,1826,2358,2760,3008,3011,2763,2288,1787,1169,679,397,377,586
1099,1284,583,-179,1336,3602,4304,2868,-214,-2098,-2025,-992,-472,-316,183,749,1359,590,-213,660,3044,4497,3682,611,-1417,-2161,-1200,-318,-523,-355,446,1318,1075,267,308,2040,4334,4058,1678,-1045,-2134,-1245,-663,-187,-353,404,1555,974,112,70,1751,3878,4447,2401,-914,-1984,-1886,-754,-287,-745,-168,936,1384,558
-434,-587,-1035,-1291,-1748,-2034,-2288,-2356,-2271,-2090,-1699,-1332,-958,-614,-411,-299,-434,-713,-1072,-1383,-1820,-2104,-2335,-2420,-2281,-1980,-1756,-1257,-915,-544,-422,-371,-409,-756,-1130,-1447,-1876,-2115,-2392,-2333,-2212,-1998,-1607,-1205,-820,-497,-368,-412,-488,-792,-1110,-1478,-1864,-2230,-2429,-2377,-2154,-1890,-1548,-1152,-791,-490,-269,-325
-2769,-4213,-5925,-6418,-4727,-1810,156,2341,1305,-733,-1414,-1591,-1003,-727,-816,-1361,-1640,-2333,-4135,-6258,-6088,-4590,-1513,917,1884,733,-523,-1737,-1540,-866,-848,-1208,-1278,-1182,-2885,-4807,-6168,-6129,-4595,-1284,1122,1595,417,-831,-1405,-1820,-1087,-736,-1061,-1505,-1443,-3096,-4908,-6539,-6163,-4084,-610,1117,1566,142,-1204,-1861,-1584,-953
2195,2276,2139,1834,1391,859,399,5,-214,-125,-10,362,860,1348,1842,2136,2270,2137,1874,1419,889,446,121,-116,-211,4,340,774,1267,1736,2091,2278,2167,2012,1529,980,587,170,-142,-153,-92,282,713,1179,1586,2017,2239,2203,2066,1613,1139,588,228,-107,-223,-127,124,542,1069,1583,1956,2196,2252,2109
-701,739,2108,1786,-130,-672,1673,2663,105,-3652,-4614,-2660,-852,-89,1057,2078,1381,-241,-699,1946,2692,-634,-4580,-4560,-2620,-1145,-474,947,2010,1343,-817,91,2672,2707,-1277,-5024,-4144,-1842,-1261,-230,1426,2269,809,-850,593,2769,2109,-1536,-5026,-4010,-1971,-364,5,1719,2175,224,-1464,580,2860,1735,-2461,-4548,-4058,-1331
-1534,-2092,-2498,-2824,-2953,-2745,-2419,-1954,-1476,-1020,-744,-703,-815,-1171,-1656,-2207,-2577,-2861,-2948,-2762,-2299,-1831,-1341,-907,-697,-775,-887,-1354,-1766,-2258,-2697,-2861,-2849,-2621,-2217,-1697,-1281,-928,-733,-754,-1018,-1283,-1809,-2364,-2678,-2953,-2910,-2547,-2192,-1663,-1144,-814,-695,-665,-1024,-1444,-1902,-2432,-2785,-2976,-2858,-2557,-2056,-1506
447,314,268,842,719,468,472,606,1832,2264,1841,246,-823,-345,-64,414,222,371,867,623,611,379,909,2244,2844,2025,177,-480,-293,211,298,174,268,665,546,262,61,1279,2527,2566,1458,218,-279,-238,199,420,106,464,814,573,401,837,1740,2312,2110,929,-86,-274,49,568,177,183,571,670
1671,1557,1218,818,395,32,-274,-385,-246,27,431,874,1285,1542,1679,1577,1237,949,505,7,-213,-301,-278,33,374,792,1217,1555,1573,1543,1256,932,532,95,-182,-360,-284,-51,282,695,1171,1494,1658,1538,1361,1006,644,129,-108,-388,-335,-85,243,730,1124,1448,1579,1698,1463,1085,651,248,-87,-287
-1670,-1872,-1738,-1618,-1093,-313,169,439,-701,-2346,-2525,-1870,-1271,-1379,-2021,-1600,-1456,-559,-690,94,830,-445,-1772,-2290,-2525,-1472,-1709,-1754,-1579,-1625,-1118,-894,190,523,28,-1702,-2838,-2263,-1324,-1468,-1938,-2233,-1241,-898,-936,-289,521,113,-1354,-2505,-2373,-1631,-1395,-1720,-1869,-1686,-1155,-1369,-577,541,741,-1262,-2212,-2837
-879,-487,-132,74,242,113,-101,-313,-713,-1045,-1175,-1259,-1136,-985,-662,-307,33,187,120,136,-153,-546,-947,-1243,-1319,-1229,-1055,-767,-475,-82,146,255,138,-67,-433,-740,-1125,-1279,-1343,-1162,-930,-611,-259,73,241,226,22,-250,-626,-977,-1182,-1281,-1229,-1044,-751,-393,-38,107,209,128,-138,-497,-866,-1143
-931,-267,80,-42,805,1270,1656,1021,-336,-1529,-1163,-525,91,-452,-1224,-1821,-1428,-449,-96,-54,500,955,1272,1274,298,-1063,-1672,-828,-205,-116,-988,-1464,-1587,-1109,-156,-122,223,750,1305,1515,1078,-477,-1283,-865,-367,29,-487,-1270,-1647,-1154,-580,29,0,385,999,1840,1445,95,-1026,-1681,-744,-159,-32,-1043
-694,101,451,660,702,344,-254,-954,-1826,-2725,-3446,-4028,-4324,-4404,-4190,-3608,-2921,-2064,-1237,-404,274,624,754,602,111,-468,-1207,-2173,-2931,-3662,-4093,-4389,-4317,-3954,-3399,-2629,-1699,-866,-174,389,673,739,476,3,-750,-1594,-2405,-3243,-3836,-4251,-4398,-4229,-3771,-3108,-2333,-1401,-688,46,573,756,640,335,-353,-1035
-3468,-795,1776,1921,978,-963,-864,561,2349,3158,2202,1054,193,-407,-1301,-3039,-4279,-5302,-3422,-492,1725,1947,736,-782,-744,390,2352,2946,2414,1192,151,-260,-1421,-2863,-4741,-4943,-3750,-693,1589,1863,691,-820,-1318,262,2217,2753,2309,906,141,-505,-1431,-2927,-4624,-4896,-3723,-944,1494,2015,649,-862,-1109,298,2161,2807
-672,-298,71,280,488,400,282,-72,-320,-567,-939,-1137,-1233,-1165,-977,-769,-340,13,233,346,410,442,117,-217,-526,-861,-1106,-1220,-1171,-1094,-794,-433,-159,149,365,495,323,152,-136,-499,-747,-1043,-1206,-1216,-1084,-884,-554,-214,75,326,446,388,180,-98,-361,-774,-1056,-1167,-1226,-1156,-929,-590,-291,4
1028,282,175,460,1583,1462,752,-288,-743,-1086,-417,411,1255,1344,473,78,331,1362,1502,1201,-131,-686,-921,-516,-133,1142,1220,675,-323,260,914,1685,1078,-57,-757,-879,-652,-314,692,1330,858,62,642,1370,1640,1111,356,-343,-1042,-880,-179,747,1468,976,179,149,807,1622,1597,513,-352,-904,-699,-420
-2397,-2294,-1607,-670,427,1248,1789,1731,1274,450,-645,-1672,-2267,-2495,-2151,-1327,-324,682,1448,1822,1668,991,55,-991,-1848,-2344,-2354,-1918,-1096,-18,934,1658,1797,1515,816,-212,-1281,-2065,-2486,-2351,-1719,-799,249,1153,1733,1804,1356,525,-530,-1477,-2251,-2483,-2235,-1494,-485,554,1340,1789,1729,1144,242,-844,-1776,-2289
576,17,-1113,-1816,-1864,-1950,-1376,-734,390,1539,1591,720,-203,-556,40,461,489,-363,-1436,-2093,-1976,-1762,-1164,-114,864,1795,1225,252,-402,-357,193,862,81,-966,-1463,-2106,-1801,-1432,-631,418,1548,1583,962,-220,-383,-215,632,752,-339,-1256,-1954,-2019,-1581,-1024,-172,984,1549,1641,511,-391,-540,154,943,186
3377,3479,3256,2750,2100,1196,353,-407,-1154,-1554,-1561,-1366,-876,-150,679,1551,2336,3039,3405,3409,3176,2726,1935,1138,228,-535,-1171,-1465,-1559,-1300,-776,-39,816,1786,2478,3092,3492,3469,3146,2616,1846,1028,140,-656,-1281,-1591,-1545,-1304,-673,96,986,1857,2620,3157,3421,3455,3132,2504,1764,904,37,-753,-1282,-1585
180,-1809,-2422,-1781,-1724,-260,-627,-1652,-1900,-2427,-1759,-1079,-273,588,1092,489,-264,-1939,-2378,-1797,-1024,-310,-1472,-2017,-2510,-2230,-1301,-769,307,554,906,-484,-1646,-2594,-2137,-869,-447,-906,-1677,-2448,-2049,-1842,-946,-38,328,1312,419,-1582,-2168,-2133,-1625,-685,-1001,-1166,-2614,-2296,-1616,-1385,-274,191,303,728,-518,-1482
-122,-479,-834,-1033,-1092,-846,-556,-121,396,936,1360,1778,1930,1999,1762,1447,1010,530,-5,-459,-776,-1047,-1129,-949,-583,-154,363,936,1352,1748,1933,1955,1827,1571,1063,654,90,-325,-747,-1088,-1107,-955,-660,-232,259,827,1309,1640,1937,2020,1872,1631,1192,743,76,-350,-677,-1051,-1080,-950,-707,-304,185,700
-205,-1011,-2989,-4722,-6703,-7325,-4009,80,2347,1665,-137,-1577,-1093,250,1063,604,-172,-608,-1474,-4190,-6631,-7202,-5058,-1042,2187,2249,-48,-1805,-1471,-472,511,396,32,-327,-974,-3379,-6071,-7187,-5870,-2204,1180,2241,1176,-1235,-1840,-698,357,916,237,8,-1194,-2287,-4754,-6673,-6566,-3856,-31,2646,1522,-759,-1193,-785,436,1162
-1128,-803,-482,78,480,941,1221,1333,1268,871,459,7,-559,-950,-1163,-1145,-915,-529,-107,377,887,1198,1395,1341,1054,601,156,-394,-843,-1066,-1142,-990,-695,-372,215,758,1012,1332,1343,1141,853,298,-238,-630,-1010,-1140,-1105,-853,-416,57,610,974,1270,1383,1250,942,509,-51,-464,-946,-1116,-1124,-934,-617
-4467,-5648,-5087,-3621,-1749,-366,-181,-934,-2313,-2567,-2297,-797,288,839,921,304,-537,-2199,-4217,-5291,-5625,-3824,-1844,-144,179,-954,-2058,-2851,-2335,-910,236,741,1027,769,-511,-2023,-3719,-5433,-5403,-3890,-2222,-282,66,-764,-1869,-2773,-2175,-1076,139,708,1052,512,-568,-1959,-4125,-5187,-5381,-3887,-2518,-662,-172,-871,-1948,-2651
-612,-1073,-1592,-2142,-2658,-2936,-2936,-2809,-2443,-1967,-1369,-855,-471,-365,-450,-811,-1358,-1864,-2432,-2885,-3018,-2924,-2747,-2200,-1584,-1074,-649,-364,-349,-672,-1051,-1634,-2228,-2680,-3015,-3024,-2807,-2436,-1899,-1339,-827,-504,-354,-512,-868,-1407,-1897,-2443,-2911,-3001,-2926,-2629,-2129,-1590,-993,-561,-456,-387,-729,-1187,-1704,-2233,-2720,-2994
-1652,-1717,-1080,-737,50,377,195,-243,-495,-442,246,714,542,270,-580,-526,-879,-1488,-1433,-1547,-938,50,444,459,-358,-496,-779,230,766,501,-116,-347,-327,-842,-1657,-1467,-1252,-621,-89,900,346,-209,-578,-298,492,523,415,-309,-745,-765,-864,-1466,-1689,-1610,-712,2,555,2,-525,-244,105,240,528,155
1532,1210,686,-109,-1022,-1943,-2711,-3250,-3633,-3584,-3251,-2565,-1736,-795,131,863,1317,1528,1384,891,174,-630,-1645,-2475,-3119,-3586,-3648,-3369,-2761,-1982,-1133,-197,594,1212,1507,1444,1051,450,-447,-1338,-2199,-2943,-3489,-3639,-3452,-3019,-2338,-1447,-534,336,969,1454,1547,1302,796,-78,-965,-1895,-2711,-3329,-3657,-3655,-3230,-2584
-673,689,1935,2439,1047,-12,266,3283,5581,5598,3122,603,-676,-1382,-1297,-684,938,2444,2574,1056,-239,573,3428,5971,5516,3172,489,-946,-1246,-1517,-593,1111,2741,2192,438,-549,961,3892,6167,5091,2373,42,-709,-1347,-1240,-242,1296,2742,2294,305,-595,1484,4727,6069,5028,2204,-283,-1029,-1401,-977,142,1245,2502,1748
-3045,-2629,-2157,-1655,-1103,-662,-329,-201,-273,-501,-890,-1485,-2007,-2510,-2935,-3148,-3187,-2973,-2651,-2098,-1618,-1008,-602,-293,-167,-268,-538,-957,-1477,-2033,-2528,-2888,-3169,-3171,-2977,-2632,-2145,-1629,-1030,-537,-319,-132,-316,-487,-1079,-1513,-2006,-2623,-2946,-3153,-3174,-2985,-2584,-2070,-1500,-978,-603,-253,-196,-261,-557,-1018,-1524,-2120
1443,1264,822,161,66,316,918,911,581,76,-669,-585,415,1344,2275,2441,2017,1637,1152,1007,568,62,203,364,994,1596,313,-283,-720,-229,614,2098,1961,2268,1760,1889,1346,694,198,-189,505,1125,925,959,320,-535,-553,-428,877,2034,2398,1951,1839,1468,1269,985,228,-65,235,838,1481,861,186,-571
400,81,162,474,1081,1753,2391,2958,3302,3292,2911,2491,1865,1120,581,113,86,329,813,1458,2227,2839,3197,3248,3166,2729,2119,1346,731,233,110,209,609,1215,1926,2595,3070,3361,3283,2972,2346,1628,967,402,146,81,473,937,1653,2303,2894,3314,3295,3051,2535,1887,1237,631,162,39,265,761,1367,2106
-328,1052,1442,1495,389,-1451,-4214,-6461,-5215,-1565,1647,2118,-91,-1681,-1054,618,1468,679,1002,-841,-3087,-5650,-6209,-3386,1361,2757,559,-1345,-1056,484,1304,584,774,-101,-2649,-5465,-6961,-4615,266,2117,1297,-957,-2290,-480,1064,1109,1152,470,-1729,-4564,-6733,-5829,-1573,2436,2031,-210,-1930,-520,467,1244,973,30,-781,-3638
348,387,577,846,1083,1437,1643,1598,1533,1201,913,671,440,356,430,603,970,1236,1514,1650,1615,1367,1131,765,498,378,390,563,799,1143,1380,1618,1655,1531,1307,980,635,426,362,484,628,973,1271,1617,1671,1606,1488,1073,800,506,343,363,519,776,1177,1510,1607,1661,1531,1275,908,684,444,423
3906,2629,1297,1149,1171,1301,1525,1490,1026,118,-471,179,2292,3843,4196,3034,1844,1191,1152,1129,1232,1529,1070,162,-454,107,1937,3909,4339,2994,1794,1156,1046,1305,1356,1502,1457,523,-307,2,1599,3739,4418,3473,2048,1322,1006,1253,1274,1521,1418,711,-492,-186,1381,3446,4359,3524,2252,1312,1258,1181,1345,1330
2355,1658,983,495,160,58,166,586,1126,1769,2476,3000,3405,3514,3410,3084,2503,1861,1179,605,146,5,187,501,1093,1747,2439,2978,3380,3537,3477,3173,2545,1916,1183,610,310,48,114,351,956,1605,2273,2872,3328,3565,3556,3225,2713,2006,1287,732,261,35,67,348,890,1488,2153,2765,3249,3547,3467,3307
-57,762,1324,1068,145,131,489,602,203,852,1305,1933,1434,355,-24,701,1283,796,-164,102,145,-21,351,511,1774,1819,1906,558,424,167,1236,1505,486,451,-232,-356,41,275,1402,1477,1787,1368,-51,463,1311,1164,1118,387,439,148,210,145,1005,1515,2109,2024,729,126,611,1127,1197,320,-677,112
-877,-1184,-1518,-1696,-1668,-1585,-1300,-966,-691,-492,-392,-463,-801,-1065,-1408,-1677,-1723,-1667,-1388,-1129,-770,-492,-365,-512,-609,-1016,-1376,-1533,-1751,-1641,-1505,-1168,-883,-584,-401,-380,-571,-897,-1222,-1512,-1761,-1770,-1638,-1267,-896,-612,-422,-401,-526,-739,-1125,-1571,-1608,-1786,-1623,-1371,-975,-825,-442,-474,-440,-713,-1044,-1271
2574,981,-100,-381,-995,-82,-82,1094,3002,4434,3959,2126,1071,1015,2127,2718,3079,1605,541,-494,-535,-233,-172,532,2596,4018,4059,2769,1350,728,2424,3132,2639,1940,753,-119,-737,-290,-227,737,2091,4052,4301,3397,1891,1314,1760,2869,3166,2212,923,-266,-771,-436,-280,458,1910,3650,4370,3949,2178,1203,1377,2796
1347,783,124,-412,-920,-1121,-968,-745,-222,404,1123,1696,2202,2281,2332,2153,1558,937,334,-318,-733,-1073,-1030,-836,-432,276,874,1537,1967,2328,2369,2213,1774,1164,533,-107,-652,-981,-1062,-949,-532,-8,586,1252,1865,2218,2403,2299,1947,1414,813,118,-430,-862,-1017,-1000,-768,-269,454,1022,1613,2142,2366,2345
-483,18,314,1020,2537,3215,1924,82,-483,642,1325,447,-544,-616,198,546,1092,2298,3343,2375,231,-356,645,1336,746,-835,-628,34,68,1030,2097,3339,2508,591,-489,620,1454,757,-553,-745,-128,207,687,1713,3087,2804,792,-432,375,1239,902,-451,-777,-103,445,606,1536,3111,3122,1116,-415,-28,1099,1211
333,643,685,402,-18,-708,-1455,-2041,-2638,-2968,-3154,-3014,-2567,-1991,-1369,-603,-13,460,646,573,213,-281,-911,-1696,-2292,-2839,-3075,-3119,-2897,-2390,-1747,-1037,-407,191,574,613,420,95,-509,-1183,-1847,-2512,-2949,-3108,-3048,-2683,-2279,-1532,-803,-208,351,570,659,377,-100,-732,-1388,-2146,-2698,-3059,-3122,-2941,-2629,-1968
-2089,-1920,-1922,-781,729,2076,1865,-408,-2171,-2954,-2176,-1345,-1064,-1689,-2202,-2202,-2361,-1438,-432,1408,2097,1441,-842,-2541,-2769,-2093,-1292,-1250,-1638,-2288,-2201,-2023,-1512,86,1568,2167,1030,-1037,-2957,-2780,-2006,-1460,-1345,-1818,-1628,-1985,-1793,-1113,167,1727,2200,480,-1757,-3007,-2667,-1643,-1469,-1381,-1959,-2066,-2056,-1969,-1171,493
859,33,-923,-1539,-1989,-1943,-1609,-899,19,802,1393,1585,1394,791,-14,-893,-1597,-1955,-1874,-1469,-757,131,934,1445,1542,1330,679,-127,-947,-1658,-1988,-1934,-1467,-678,127,968,1443,1619,1321,637,-202,-1078,-1725,-1950,-1880,-1374,-711,252,959,1444,1554,1229,551,-260,-1149,-1694,-1975,-1860,-1404,-607,274,1051,1542,1527
-4313,-6059,-5848,-3608,-1145,295,-138,-1324,-1596,-1308,-30,575,409,141,-306,-120,-766,-2478,-4983,-5823,-5453,-3349,-794,113,-450,-1466,-1817,-929,180,699,403,-41,-254,-574,-1413,-3089,-5135,-6043,-5037,-2393,-248,212,-724,-1418,-1615,-769,143,795,382,-266,-382,-426,-1389,-3673,-5538,-6200,-4305,-2033,237,127,-974,-1807,-1536,-531
2964,2922,2550,2007,1388,957,637,629,991,1479,2087,2616,2943,2978,2658,2210,1563,1099,779,659,926,1340,1925,2511,2900,2956,2834,2342,1820,1204,755,660,829,1144,1741,2316,2763,2936,2867,2497,2016,1357,955,674,741,1155,1555,2088,2682,2928,2965,2666,2172,1590,1029,706,628,962,1460,1940,2536,2911,2975,2765
361,-422,-1087,-1349,-1189,87,2774,4266,2722,-255,-1649,-612,319,135,-553,-1049,-1146,-1161,364,2941,4501,2316,-470,-1624,-387,504,91,-870,-1347,-1374,-1246,504,3417,4231,2128,-899,-1689,-366,377,-246,-879,-1181,-1519,-922,1029,3621,4188,1626,-1178,-1714,67,583,-284,-930,-1181,-1381,-828,1385,3805,4111,1220,-1438,-1252,146
560,1522,2116,2169,1784,1002,-168,-1263,-2132,-2747,-2799,-2252,-1452,-232,806,1712,2198,2119,1560,575,-539,-1649,-2385,-2811,-2675,-1960,-1056,89,1164,1884,2300,2025,1260,276,-948,-1911,-2620,-2830,-2439,-1666,-691,495,1381,2101,2219,1838,962,-141,-1160,-2233,-2677,-2779,-2273,-1393,-272,815,1770,2209,2180,1570,670,-468,-1571,-2463
-992,-392,-2537,-4618,-4000,-2536,-1179,124,1497,664,-1288,-2738,-1472,-284,-1691,-3593,-4516,-2824,-1791,-401,1093,1501,-991,-2680,-2061,-148,-910,-3393,-4801,-3389,-1801,-1084,336,1537,-178,-2315,-2178,-450,-258,-3331,-4505,-4074,-2323,-1006,498,1889,344,-2089,-2795,-1249,-80,-1970,-4350,-4474,-2551,-1706,-45,1857,1154,-1284,-3468,-1470,-200,-1375
-570,-146,92,169,75,-185,-582,-1167,-1744,-2208,-2558,-2801,-2795,-2683,-2286,-1832,-1334,-764,-229,59,205,159,5,-428,-924,-1442,-1905,-2468,-2710,-2805,-2756,-2443,-2038,-1566,-944,-535,-86,116,220,36,-246,-783,-1236,-1784,-2311,-2622,-2759,-2827,-2605,-2158,-1653,-1183,-615,-230,80,237,151,-123,-549,-1005,-1591,-2142,-2474,-2791
-1195,-2446,-2984,-3173,-3500,-3755,-2522,428,2395,1294,-1511,-2699,-1789,-784,-1459,-2386,-3066,-2998,-3466,-3754,-1795,1245,2466,540,-2076,-2924,-1674,-528,-1865,-2751,-2746,-3028,-3762,-3413,-1287,1429,2185,28,-2616,-2559,-1256,-959,-1711,-3029,-3175,-3223,-3859,-2776,-567,1752,1815,-822,-2790,-2330,-1169,-1056,-2105,-3036,-2987,-3302,-3917,-2459,-55,2126
275,724,989,764,128,-705,-1573,-2239,-2594,-2471,-2013,-1200,-299,346,788,1014,675,-66,-983,-1725,-2348,-2546,-2451,-1817,-1005,-183,552,974,847,432,-260,-1082,-1889,-2446,-2500,-2267,-1521,-772,64,681,949,850,379,-447,-1345,-2126,-2513,-2547,-2125,-1413,-496,225,805,1016,731,73,-688,-1515,-2259,-2636,-2484,-1930,-1225,-298
-838,-496,-1128,-1246,-914,-3,-115,-1190,-2047,-2522,-2450,-1440,-1176,-800,-684,-838,-1023,-988,-1217,-187,235,-777,-1692,-2915,-2662,-1937,-1191,-866,-1035,-559,-122,-1075,-961,-604,-106,-426,-1081,-2528,-2124,-2163,-1625,-1194,-781,-464,-403,-1133,-833,-1095,-319,15,-717,-2255,-2578,-2475,-1672,-1399,-920,-754,-421,-686,-1096,-1391,-462,-133
358,1476,2399,3139,3421,3270,2694,1691,617,-455,-1182,-1538,-1553,-1055,-111,937,1977,2822,3338,3416,2988,2220,1170,181,-856,-1425,-1643,-1361,-646,395,1465,2475,3170,3478,3253,2626,1670,610,-406,-1154,-1603,-1544,-966,-116,919,1952,2891,3367,3436,3009,2120,1143,86,-816,-1447,-1610,-1301,-523,377,1537,2415,3159,3437,3317
-108,717,823,-60,-196,307,60,315,1142,2079,2740,2291,320,-656,-632,490,536,163,-99,-136,-1,-72,747,1689,3111,2479,754,-455,-797,204,857,675,332,-170,144,153,-1,1382,2667,2814,1633,-220,-1081,-116,1103,753,36,-137,52,362,121,1135,2287,2923,1911,296,-984,-408,598,639,645,54,347,148
-514,-184,-48,-276,-809,-1496,-2135,-2615,-2949,-2903,-2463,-1816,-1137,-551,-83,-97,-322,-847,-1504,-2232,-2723,-2910,-2858,-2400,-1748,-1084,-517,-112,7,-351,-939,-1601,-2198,-2714,-2982,-2876,-2358,-1731,-1071,-441,-43,-20,-417,-951,-1603,-2327,-2701,-2940,-2769,-2361,-1638,-1001,-477,-129,-68,-409,-971,-1604,-2265,-2743,-2965,-2860,-2313,-1691
2797,1036,176,1001,1487,1525,659,297,-514,-440,-1149,-1663,-1043,157,2483,4457,4681,3603,1533,385,609,1219,1513,990,560,-176,-582,-579,-1127,-1861,-763,1321,3226,4975,4297,2921,845,299,802,1558,1298,820,348,-500,-903,-1231,-1757,-1620,321,2244,4422,4796,3502,1701,897,844,937,1527,1449,855,271,-193,-1020,-1699
-301,-722,-1012,-1393,-1639,-1826,-1863,-1807,-1645,-1279,-996,-693,-375,-37,135,131,56,-156,-344,-737,-1155,-1382,-1719,-1813,-1825,-1819,-1618,-1315,-989,-608,-229,16,139,70,3,-126,-462,-812,-1156,-1486,-1718,-1847,-1799,-1745,-1529,-1313,-920,-553,-261,-36,94,102,-63,-166,-475,-871,-1272,-1478,-1742,-1883,-1879,-1755,-1518,-1190
-873,1466,3621,3701,1810,1250,1501,1508,461,306,819,48,-1038,-194,2799,3788,3055,1386,1243,1509,954,154,547,507,-428,-437,970,3665,3982,2251,1092,1596,1357,401,519,884,348,-936,-585,2329,4182,3209,1703,944,1883,1274,326,493,562,-309,-1077,589,3111,4333,2439,1282,1271,1666,695,227,766,424,-880,-806
-2454,-2266,-1995,-1755,-1517,-1366,-1207,-1127,-1216,-1339,-1548,-1805,-1976,-2225,-2330,-2577,-2610,-2527,-2465,-2259,-2017,-1823,-1573,-1351,-1267,-1185,-1216,-1255,-1526,-1666,-1917,-2147,-2332,-2487,-2626,-2572,-2467,-2353,-2123,-1825,-1601,-1434,-1298,-1221,-1161,-1345,-1481,-1641,-1864,-2103,-2306,-2422,-2552,-2538,-2470,-2371,-2210,-1889,-1647,-1452,-1297,-1204,-1173,-1264
2990,548,-2054,-2204,-1411,-11,-678,-1136,-1110,-1182,-1114,-419,1421,3361,2678,-489,-2356,-1967,-329,-369,-1048,-1331,-1048,-956,-827,461,2378,3318,1531,-1207,-2888,-1764,-352,-165,-824,-1464,-1251,-1282,-561,1109,3059,3214,1024,-1769,-2192,-1330,-42,-604,-971,-862,-853,-827,-231,1339,3326,2253,-618,-2184,-1856,-660,-160,-933,-1120,-1156
1641,2660,3496,3765,3667,3050,2034,967,56,-638,-680,-241,504,1614,2582,3451,3919,3691,3086,2189,1139,170,-528,-606,-309,479,1510,2514,3344,3787,3811,3170,2285,1232,225,-435,-660,-405,307,1357,2439,3259,3807,3809,3302,2404,1360,342,-345,-712,-489,193,1261,2303,3225,3788,3782,3374,2547,1398,443,-383,-673,-414
3507,2024,262,-140,-981,-1173,-1010,-454,-1036,-2919,-3903,-1201,2419,3465,2085,260,-303,-796,-1256,-663,-608,-1005,-3002,-3520,-1048,2446,3412,2179,199,-589,-810,-1018,-871,-559,-1222,-3280,-3451,-718,2768,3685,2012,172,-629,-799,-1134,-907,-85,-1443,-3313,-3459,-654,2810,3621,1875,131,-565,-921,-1332,-689,-332,-1509,-3301,-3447,-436
3866,3730,3396,2852,2020,1296,477,-281,-707,-799,-706,-289,451,1199,2069,2848,3447,3740,3756,3512,2950,2248,1387,558,-87,-559,-756,-765,-313,252,1035,1869,2695,3345,3692,3782,3608,3130,2422,1569,782,49,-489,-812,-772,-484,69,802,1675,2525,3180,3603,3793,3699,3189,2603,1835,936,180,-412,-767,-814,-566,9
-67,530,853,325,-182,-195,-438,-874,-2150,-2291,-1853,345,2861,4407,3820,1892,289,-191,-255,200,748,525,-258,-287,-616,-1219,-1615,-2503,-1953,607,3050,4555,3810,1677,-224,-863,-556,679,1098,-128,-437,-382,-458,-1456,-2350,-2246,-1880,842,3009,4669,3999,1250,-407,-548,-127,840,902,28,-569,-501,-570,-1239,-1674,-2467
-3192,-2395,-1609,-756,-121,294,158,-386,-1081,-1986,-2811,-3353,-3630,-3378,-2867,-2049,-1157,-386,104,123,-68,-712,-1508,-2344,-3106,-3506,-3547,-3162,-2474,-1644,-771,-121,188,121,-343,-1070,-1926,-2746,-3397,-3593,-3280,-2888,-2088,-1237,-407,1,139,-44,-590,-1487,-2415,-3109,-3478,-3519,-3252,-2468,-1670,-758,-139,198,173,-311,-1096,-1900
-1486,-2266,-3008,-1996,-1396,-3858,-6840,-6290,-2130,1798,1634,317,-776,-1123,-1891,-2787,-2121,-986,-3087,-6665,-6778,-3032,1288,2037,509,-403,-1222,-1989,-2567,-2269,-910,-2839,-6406,-7116,-3062,1104,2388,911,-749,-1283,-1896,-2948,-2226,-1320,-2588,-5577,-7148,-3923,379,2356,1068,-515,-1052,-1566,-2796,-2358,-1366,-1939,-5423,-7513,-4727,-72,2095,1264
-1943,-1896,-1666,-1323,-968,-577,-280,-152,-252,-354,-724,-1108,-1406,-1723,-1897,-1963,-1803,-1527,-1180,-730,-484,-234,-119,-289,-559,-883,-1269,-1556,-1812,-1999,-1939,-1665,-1373,-986,-609,-400,-231,-196,-340,-617,-1056,-1458,-1736,-1880,-1935,-1829,-1549,-1218,-751,-481,-227,-214,-245,-542,-879,-1190,-1629,-1785,-1965,-1881,-1737,-1411,-1010,-661
-482,82,562,142,-974,-1195,-1071,-645,-322,388,1151,1344,1066,95,-261,-335,382,589,-250,-1130,-1206,-884,-421,-49,631,1234,1594,1116,-109,-587,-152,420,301,-774,-1318,-1145,-622,-406,-36,546,1552,1526,673,-557,-552,116,523,124,-1000,-1389,-1013,-617,-250,238,681,1509,982,153,-464,-373,287,421,-251,-1145
-1434,-1473,-1324,-1103,-819,-507,-224,43,184,345,218,94,-124,-496,-718,-1098,-1265,-1429,-1429,-1439,-1204,-981,-668,-342,-16,163,316,386,264,-42,-343,-580,-844,-1202,-1461,-1401,-1460,-1413,-1180,-839,-504,-268,64,213,274,284,67,-74,-444,-724,-985,-1292,-1461,-1443,-1391,-1264,-937,-716,-377,-91,159,276,252,242
790,444,117,249,867,1939,2554,2737,2365,1625,1282,1177,1440,1746,1618,1552,1243,872,669,682,406,247,758,1922,2702,2911,2104,1754,1303,1432,1603,1750,1662,1407,1146,930,790,342,305,428,926,1750,2670,2915,2302,1516,1193,1202,1535,1756,1673,1207,982,904,576,585,289,511,1014,2205,2691,2626,2160,1351
-2053,-2160,-2023,-1775,-1389,-1070,-798,-586,-518,-696,-922,-1318,-1679,-1994,-2183,-2125,-1962,-1638,-1227,-961,-716,-527,-638,-759,-1088,-1478,-1802,-2042,-2153,-2060,-1852,-1569,-1170,-793,-632,-486,-642,-907,-1236,-1623,-1881,-2142,-2151,-2042,-1704,-1395,-1070,-731,-581,-599,-768,-1121,-1385,-1740,-1981,-2159,-2120,-1923,-1605,-1237,-883,-673,-505,-638
-1051,-659,-1202,-1271,-1208,-1327,-1299,-292,-499,-2841,-5204,-4297,-2434,-263,-1107,-1159,-945,-742,-1187,-1121,-700,-1077,-3659,-5065,-3592,-1431,-531,-1607,-1353,-1260,-1831,-1195,-755,-1068,-2931,-4729,-4634,-2473,-994,-501,-1482,-954,-1351,-1411,-851,-537,-1227,-3487,-5430,-3748,-1643,-510,-730,-1194,-1284,-1354,-1135,-1040,-440,-2656,-4846,-4975,-2454,-593
1456,2044,1975,1578,869,-156,-1132,-1889,-2493,-2643,-2329,-1687,-764,225,1148,1782,1974,1816,1211,271,-690,-1600,-2296,-2697,-2530,-2013,-1146,-211,765,1556,1969,1892,1488,716,-247,-1206,-2087,-2505,-2603,-2330,-1483,-607,388,1215,1845,1985,1665,1045,135,-828,-1778,-2345,-2591,-2478,-1844,-908,-17,915,1626,1990,1894,1361,538,-503
-5069,-2594,-1304,133,1767,948,-1588,-2204,525,1640,-1458,-5552,-5650,-3416,-1478,-402,1516,1484,-639,-2202,-604,1855,-147,-4612,-6002,-4168,-1734,-491,911,1994,78,-2088,-1275,1626,924,-3612,-6124,-4779,-2254,-1170,555,1827,720,-1729,-1926,987,1551,-2058,-5742,-5560,-2918,-1309,-136,1833,1391,-945,-2161,54,1922,-817,-4983,-6085,-3850,-1517
3105,2789,2200,1621,908,344,-100,-175,-19,471,1057,1695,2330,2816,3115,3093,2730,2214,1577,883,252,-48,-162,3,483,1070,1743,2369,2877,3050,3015,2738,2161,1472,810,242,-67,-164,39,481,1084,1846,2500,2862,3031,3092,2637,2104,1374,800,242,-99,-179,88,476,1207,1879,2441,2875,3118,3024,2589,2078,1405
699,-3773,-7071,-5470,-2905,-1752,-1946,-837,1201,900,-964,-1231,801,1875,-92,-4304,-6897,-4918,-2506,-1349,-1623,-643,1306,978,-1226,-1008,1229,2201,-820,-5445,-6667,-4694,-2119,-1771,-1237,104,1464,374,-889,-700,1672,1818,-1597,-6041,-6528,-4033,-1861,-1702,-1372,372,1078,79,-1231,-487,1699,1364,-2821,-6181,-6308,-3021,-1453,-2052,-864,911
-426,-1610,-2438,-2866,-2740,-2132,-1159,-9,1078,1927,2255,2178,1626,681,-450,-1553,-2411,-2887,-2775,-2182,-1222,-15,1066,1850,2222,2231,1600,709,-451,-1527,-2354,-2810,-2734,-2270,-1201,-75,983,1826,2307,2191,1632,672,-444,-1521,-2393,-2781,-2709,-2243,-1211,-94,1128,1892,2313,2175,1627,717,-481,-1572,-2424,-2832,-2735,-2240,-1202,-68
2921,1564,694,343,321,468,140,447,1106,1187,480,751,471,2009,2511,2725,1413,711,481,361,193,615,829,1232,1218,573,850,1415,2515,2584,2326,1323,533,522,150,417,580,1067,1133,1017,194,655,1822,2844,2709,1540,1026,663,133,11,463,778,1040,1044,669,326,1086,2312,2711,2362,1401,396,509,208
-2200,-2920,-3383,-3531,-3296,-2720,-1940,-1065,-385,5,141,-232,-859,-1645,-2487,-3077,-3433,-3493,-3036,-2444,-1675,-880,-243,38,72,-388,-1071,-1904,-2700,-3267,-3523,-3407,-2930,-2262,-1476,-631,-160,33,-98,-584,-1317,-2216,-2923,-3373,-3541,-3307,-2720,-1968,-1176,-455,24,100,-205,-791,-1635,-2403,-3075,-3482,-3504,-3151,-2587,-1670,-905,-297
4369,4505,3943,2641,1213,-1509,-2084,-1075,563,1692,248,-1491,-1611,665,3240,4320,4991,3909,2717,1034,-1468,-1753,-1066,1056,1364,-328,-2264,-1327,729,3282,4766,4484,3577,2423,1008,-1565,-1622,-985,967,1113,-408,-1949,-1328,871,3370,4407,3981,3784,2433,367,-1569,-2175,-335,965,1159,-327,-1967,-1199,747,3501,4147,4414,3550,2165
22,-469,-838,-1009,-986,-807,-450,32,362,780,950,884,675,331,-198,-591,-924,-1011,-944,-654,-306,121,553,892,958,848,573,134,-299,-685,-977,-1021,-955,-601,-229,270,695,887,873,773,480,35,-485,-860,-1031,-966,-768,-476,29,334,794,868,864,649,333,-128,-546,-831,-969,-909,-718,-284,157,611
3705,3902,3282,976,-1869,-2885,-1439,1313,2393,999,-492,255,2202,3776,3571,1932,30,-2301,-2355,-213,1853,1982,131,-110,1003,3212,3965,2602,1713,-1526,-2521,-1777,849,2225,1768,-158,270,1941,3967,3698,2762,655,-1723,-2757,-366,1823,1786,598,-248,1342,2689,3826,3432,1949,-835,-2417,-2005,420,2178,1671,-436,-353,1715,3684
2086,1867,1660,1377,1141,950,775,836,922,1148,1340,1635,1805,2141,2211,2255,2144,1922,1814,1390,1147,1046,819,821,959,1027,1292,1630,1822,2011,2176,2297,2172,1968,1794,1546,1211,1078,827,871,896,1063,1280,1505,1746,2002,2179,2235,2205,2072,1904,1570,1336,1115,946,904,849,974,1162,1472,1666,1946,2098,2274
2219,2168,2215,2694,2102,903,508,-630,128,1093,2340,2728,3307,3205,2974,2176,2115,1747,1890,2721,3048,2649,1464,678,-610,-1,959,2066,2544,2963,3069,3016,2000,2111,1894,2104,2137,2878,2838,1563,1269,363,-384,473,1924,2982,2499,3079,3063,2598,1940,1908,2456,2099,2990,2678,2307,950,132,-351,448,931,2472,2901
20,440,782,1029,1102,1047,845,573,176,-197,-494,-600,-580,-353,-17,334,689,935,1088,1062,924,633,200,-172,-354,-592,-579,-368,-98,282,639,914,1060,1079,951,650,307,-32,-341,-524,-610,-430,-212,149,582,883,1083,1110,989,768,385,30,-219,-587,-652,-494,-271,100,452,853,1014,1099,1055,810
4240,5960,4621,1956,-528,-1957,-2384,-182,3183,4083,1906,514,3010,5336,5687,2595,908,-778,-2757,-1524,2095,4104,2537,852,1758,4951,5494,3364,1380,-118,-2400,-2109,424,3584,3895,1369,1281,3342,5699,4418,2228,46,-1828,-2221,-587,2735,3580,2047,693,2821,5330,5337,3208,759,-1232,-2784,-1714,2112,4367,3145,909,1624,4925,6040
-568,411,1131,1428,1182,635,-304,-1309,-2187,-2766,-2802,-2512,-1782,-782,192,951,1350,1263,785,-99,-1115,-2080,-2610,-2901,-2598,-1946,-1035,61,975,1346,1361,926,66,-967,-1903,-2673,-2939,-2684,-2069,-1107,-109,713,1332,1304,999,241,-767,-1698,-2459,-2944,-2761,-2207,-1265,-287,648,1207,1381,1090,413,-580,-1623,-2467,-2838,-2822
1821,1752,1057,587,570,991,1679,1845,859,324,-326,-674,-406,-165,401,1353,2053,1732,1217,660,268,824,1563,1695,1061,529,-284,-615,-475,-203,-1,804,1809,2304,1655,661,137,681,1321,1788,1406,768,166,-176,-749,-493,-2,589,1712,1731,2193,1271,307,463,1102,1542,1625,926,367,4,-591,-577,-445,189
-1378,-1015,-482,-74,250,401,259,-238,-646,-1054,-1521,-1515,-1445,-1123,-615,-211,209,366,303,-23,-468,-984,-1418,-1550,-1489,-1228,-841,-260,104,314,282,80,-328,-825,-1314,-1488,-1517,-1332,-866,-429,28,246,407,147,-201,-675,-1135,-1519,-1550,-1406,-1074,-557,-53,225,434,211,-103,-573,-1083,-1354,-1578,-1445,-1154,-676
3034,1338,354,-108,980,1749,1529,901,266,-287,-77,979,1816,2491,2587,3036,3484,2133,992,99,204,1268,2166,1636,508,-215,-291,369,1636,1946,2355,2688,3047,3080,1921,706,35,665,1512,1932,1133,121,-308,63,1165,1628,1884,2390,3043,3442,2917,1735,313,105,1367,1860,1732,595,-324,-447,224,1184,1925,2173
3512,3337,2749,2084,1174,155,-661,-1254,-1529,-1455,-1117,-385,480,1453,2273,3019,3421,3528,3236,2626,1750,798,-110,-844,-1361,-1548,-1408,-895,-178,684,1714,2518,3194,3453,3423,3050,2391,1500,532,-234,-993,-1462,-1552,-1293,-722,83,1057,1897,2782,3321,3482,3356,2891,2116,1348,380,-481,-1182,-1520,-1550,-1132,-490,320,1325
-1859,132,1316,-277,-1426,-766,857,1826,917,-435,-2029,-2797,-3887,-3832,-2191,213,1054,-182,-1161,-910,1051,1855,1068,-737,-1810,-2429,-3858,-3908,-2653,-102,955,-35,-1062,-778,540,1916,1178,-59,-1719,-2594,-3772,-4032,-2403,-188,715,-139,-1290,-990,807,2271,1008,-248,-1600,-2519,-3406,-4037,-3270,-570,593,14,-1198,-1276,424,2287
658,1005,1305,1414,1462,1347,979,645,408,160,180,247,613,844,1214,1378,1500,1368,1118,785,461,200,190,171,429,778,1101,1370,1525,1376,1160,878,536,272,193,239,399,698,991,1333,1465,1458,1320,959,584,440,148,213,327,552,947,1226,1428,1452,1322,1072,744,437,142,131,279,518,804,1175
-1335,-1754,-1924,-1881,-3135,-4951,-6107,-3865,1042,3574,2491,-772,-2343,-2290,-1235,-1775,-1778,-1507,-2671,-4712,-6170,-5296,-314,2801,2725,848,-2017,-2529,-1664,-1572,-1846,-1684,-1868,-3596,-6067,-5874,-2189,1286,3444,1816,-1126,-2607,-2309,-1697,-1716,-1934,-1763,-3079,-5130,-5961,-3637,373,3076,2763,82,-2538,-2347,-1711,-1613,-1847,-2325,-2613,-4213,-6275
-62,-500,-749,-607,-380,222,815,1434,1959,2286,2299,2097,1703,1039,382,-195,-570,-718,-568,-233,319,997,1601,2014,2343,2343,2081,1527,900,189,-309,-619,-753,-530,-185,479,1108,1747,2198,2285,2242,1895,1312,705,172,-469,-728,-683,-423,22,530,1272,1834,2136,2290,2204,1791,1197,486,-45,-496,-649,-701,-420
1430,1600,-121,-672,870,2741,3299,1942,594,-208,-1071,-1726,-1519,-339,1695,1189,-14,-744,1087,3216,3437,1899,585,-436,-1355,-2046,-1793,32,1513,1136,-121,-514,1421,3270,3334,1458,601,-486,-980,-2048,-1334,743,1475,751,-255,-209,1905,3182,3049,1684,212,-598,-1388,-2048,-1467,557,1148,1114,-622,80,2084,3041,2907,1241
-2105,-2735,-3222,-3510,-3494,-3201,-2697,-2057,-1311,-672,-238,24,30,-298,-812,-1453,-2155,-2782,-3268,-3462,-3525,-3230,-2651,-2023,-1316,-732,-258,-28,-19,-321,-874,-1433,-2185,-2812,-3274,-3525,-3473,-3233,-2648,-2015,-1356,-685,-265,-52,-24,-279,-834,-1462,-2222,-2782,-3303,-3475,-3483,-3288,-2646,-1947,-1254,-681,-200,24,-51,-297,-912,-1535
2134,1885,2690,3393,3009,2409,1976,520,-1076,-425,2201,3764,2966,1741,2199,3013,3099,2680,2430,1411,-365,-1083,747,3082,3650,2322,1714,2461,3204,2841,2459,1995,597,-846,-479,2107,3878,2959,1795,2079,2998,3308,2690,2441,1579,-160,-1036,424,2913,3755,2504,1773,2559,3144,2652,2650,2123,962,-785,-853,1749,3606,3155,1960
3804,3293,2469,1375,331,-476,-894,-821,-344,598,1687,2721,3471,3812,3726,3050,2267,1222,169,-559,-899,-779,-161,874,1845,2895,3590,3905,3658,2952,2022,914,-88,-699,-940,-607,39,1040,2088,3101,3672,3905,3630,2837,1828,710,-213,-851,-880,-572,306,1223,2379,3213,3728,3818,3415,2595,1570,486,-422,-827,-930,-382
-444,429,1912,2689,1902,731,392,730,868,952,734,447,-182,-497,504,1988,3181,2148,876,445,731,927,794,948,192,-283,-617,-10,1948,2828,1968,865,351,791,999,645,504,756,-504,-440,361,2158,3010,1993,993,559,695,1048,1026,565,683,-411,-472,310,1993,2880,2580,1001,230,789,945,884,854,372
-536,-146,514,1387,2464,3329,3939,4189,3978,3383,2461,1421,466,-146,-446,-437,116,991,1956,2885,3775,4122,4068,3609,2941,1931,918,27,-393,-532,-191,460,1413,2474,3439,3980,4143,3932,3332,2414,1352,523,-245,-572,-367,98,944,1938,2958,3738,4114,4093,3644,2891,1894,897,42,-416,-465,-121,565,1484,2477,3366
907,1263,2363,945,-2218,-5262,-4083,-1171,1396,512,266,306,1262,1966,542,1302,2075,959,-3422,-5345,-3928,-449,1345,548,381,537,1285,1238,1084,1515,2276,281,-3436,-5109,-3490,-156,1536,240,-42,810,1238,1261,978,1488,2219,-147,-4472,-5210,-2723,404,1390,113,10,952,1511,977,965,2303,1955,-1383,-4669,-5291,-2110,1150
-1058,-768,-195,421,1207,1867,2297,2509,2442,1972,1475,709,16,-594,-1019,-1108,-1045,-656,-19,684,1426,1960,2402,2449,2333,1849,1243,518,-172,-697,-1096,-1127,-866,-404,217,920,1602,2203,2435,2448,2201,1683,993,346,-374,-942,-1095,-1128,-894,-314,450,1191,1820,2332,2477,2428,2063,1541,778,76,-585,-1052,-1212,-1032
1486,1068,20,-1012,-3586,-5944,-5854,-3127,17,-548,-2586,-2880,-275,1148,1021,708,-516,-2999,-5466,-6332,-4245,-249,93,-1653,-2469,-1341,896,1547,506,-502,-1915,-4843,-6302,-4949,-1334,394,-1168,-3032,-1749,343,1567,990,13,-1310,-3556,-5899,-5624,-2072,-28,-1107,-2713,-2449,-185,1282,889,485,-1504,-3024,-5416,-5730,-3479,-466,83,-1747
-2171,-1685,-1284,-832,-694,-506,-558,-753,-1161,-1515,-2033,-2386,-2665,-2900,-2946,-2733,-2504,-2124,-1748,-1226,-950,-648,-459,-490,-744,-1033,-1455,-1970,-2336,-2694,-2892,-2919,-2803,-2556,-2179,-1811,-1320,-1012,-703,-517,-552,-732,-978,-1432,-1925,-2355,-2702,-2872,-2975,-2871,-2604,-2243,-1842,-1450,-980,-720,-558,-559,-693,-1002,-1401,-1929,-2232,-2597
-1871,130,-54,-1003,-859,669,1192,860,1423,1105,-312,-3349,-3737,-1190,339,-488,-1687,-506,881,876,679,1408,821,-1245,-3581,-3217,-1032,397,-644,-1242,-283,721,836,755,1553,417,-2045,-4307,-2787,-194,191,-1018,-938,538,748,399,960,1545,154,-2889,-3950,-2073,7,-34,-1122,-1040,890,1112,813,1284,1660,-1059,-3337,-4052
2224,1299,304,-505,-958,-1236,-1115,-524,325,1266,2206,3047,3649,3865,3829,3316,2550,1632,593,-222,-842,-1180,-1104,-742,-17,914,1858,2807,3380,3831,3809,3500,2895,1896,984,-14,-717,-1154,-1162,-930,-319,580,1524,2471,3254,3723,3848,3685,3078,2314,1317,366,-399,-1007,-1187,-1017,-529,259,1261,2182,2975,3606,3914,3733
-496,-308,305,914,1208,339,459,1483,2884,3126,1525,5,-620,-316,-319,-91,792,999,739,163,752,2067,3084,2413,428,-275,-421,-500,119,736,883,808,642,568,1569,3027,2879,1322,45,-619,-381,-212,230,797,1110,527,388,979,2486,3015,2152,543,-524,-446,-387,-270,363,1011,926,359,586,1817,2884,2440
-1795,-1314,-704,82,817,1433,1586,1488,855,122,-560,-1310,-1728,-1839,-1531,-954,-137,574,1263,1521,1504,1118,419,-374,-1160,-1643,-1863,-1670,-1107,-362,403,1087,1526,1588,1246,578,-114,-973,-1544,-1810,-1752,-1360,-626,114,904,1410,1608,1359,855,78,-707,-1390,-1768,-1844,-1489,-858,-115,668,1311,1542,1333,1000,278,-450
2032,2434,2382,-715,-2671,-2733,-323,1530,1248,256,317,1085,1668,2630,2479,128,-2106,-3027,-1361,1183,1614,396,442,454,794,1950,2270,1344,-1702,-2867,-1761,709,1897,732,34,890,883,1958,2622,1701,-589,-3131,-2922,287,1587,1131,301,696,881,1405,2413,2245,478,-2530,-3219,-967,972,1245,837,285,383,1245,2285,2622
778,449,327,458,986,1496,2011,2378,2473,2382,1946,1508,988,575,307,461,819,1308,1813,2318,2441,2441,2165,1720,1127,686,426,316,626,1119,1662,2158,2481,2481,2339,1874,1272,875,517,360,516,964,1456,1953,2393,2444,2370,2032,1506,954,542,378,527,765,1295,1866,2315,2459,2481,2171,1687,1169,680,403
-1029,85,707,496,-804,-604,429,450,-2225,-5738,-7337,-5734,-2590,-316,-256,-978,-1300,-304,542,362,-533,-714,509,383,-1494,-5007,-7226,-6462,-3501,-814,176,-961,-1415,-797,616,632,-221,-871,259,347,-555,-4031,-6965,-7083,-4518,-939,103,-799,-1389,-981,133,585,-264,-796,-507,756,-48,-2917,-6205,-7418,-5299,-1955,-12,-250
-229,-630,-1390,-2187,-2806,-3182,-3242,-2882,-2212,-1350,-666,-332,-237,-609,-1258,-2052,-2732,-3228,-3248,-2911,-2285,-1523,-811,-333,-292,-533,-1130,-1973,-2648,-3145,-3154,-2972,-2321,-1608,-852,-300,-270,-568,-1109,-1842,-2589,-3072,-3155,-2994,-2435,-1686,-932,-395,-269,-424,-1006,-1807,-2542,-3098,-3268,-2977,-2542,-1766,-1003,-444,-216,-423,-960,-1692
-977,-1484,-2536,-4801,-5110,-3843,-2408,-1204,-962,-454,379,428,-527,-2294,-3152,-2812,-1525,-1155,-2393,-4197,-5148,-4145,-2550,-1416,-418,-705,49,598,-177,-1436,-2928,-2864,-2125,-704,-1779,-3117,-4886,-5033,-3446,-1758,-742,-707,-374,394,306,-768,-2513,-3421,-2712,-1394,-1128,-2386,-4497,-5434,-4529,-2683,-1187,-387,-67,433,417,-625,-1606,-3399
-1699,-2220,-2520,-2610,-2276,-1733,-1070,-320,379,888,1157,1140,879,276,-368,-1064,-1807,-2317,-2584,-2549,-2117,-1669,-1005,-211,473,977,1168,1152,829,277,-400,-1218,-1812,-2364,-2564,-2495,-2229,-1583,-887,-157,515,971,1159,1122,752,194,-504,-1265,-1907,-2400,-2543,-2523,-2063,-1571,-849,-63,527,1061,1186,1038,608,96,-605,-1387
1804,51,-1443,-844,561,1141,192,-468,-428,528,1587,2169,2261,2614,745,-1039,-1212,96,1258,715,-255,-504,365,1564,2098,2742,2913,1564,-126,-917,-977,608,1005,92,-502,102,887,1401,2134,2485,2046,849,-1135,-1129,-52,1682,629,-438,-401,339,1112,1517,2713,2723,1610,-117,-1277,-521,761,1096,8,-516,-63,806
535,1223,1811,2083,1978,1532,844,84,-385,-694,-632,-168,477,1152,1741,2091,2041,1600,1009,277,-388,-697,-744,-362,301,1049,1674,2095,2021,1756,1040,294,-241,-652,-720,-369,222,1002,1640,2086,2100,1749,1195,390,-222,-698,-686,-473,185,910,1519,1995,2038,1799,1237,453,-183,-655,-739,-456,94,762,1484,1968
1128,1763,2863,3059,1972,-70,-932,-909,211,1018,1727,2129,2443,2732,2645,2003,1147,1509,2765,3184,2666,694,-954,-1163,-359,728,1546,1696,2168,2821,2606,2373,1526,1216,2108,3035,3120,1527,71,-1090,-1043,116,1339,1771,1777,2140,2730,2531,1867,1176,1507,2417,3225,2396,696,-765,-1195,-512,935,1548,1645,2290,2594,3037
-1696,-1320,-780,-65,800,1418,2139,2511,2556,2409,1934,1244,487,-336,-1121,-1520,-1862,-1797,-1500,-956,-167,548,1335,2010,2418,2621,2444,2053,1355,555,-197,-860,-1433,-1824,-1822,-1551,-1069,-381,482,1186,1838,2393,2537,2528,2100,1521,846,0,-796,-1352,-1729,-1803,-1637,-1112,-462,266,1042,1814,2261,2526,2549,2172,1632,993
2119,2211,1488,392,-867,-1519,-2022,-1342,-518,-223,-119,-437,-717,-651,-84,-147,177,1148,1729,2330,1670,389,-913,-1824,-1939,-1258,-565,-210,-199,-319,-475,-635,-575,264,334,1261,1566,2047,1621,498,-704,-1993,-1890,-1416,-540,-372,-427,-595,-769,-685,-649,-262,346,965,1636,2066,1823,698,-600,-1707,-1864,-1376,-911,-216
1145,1327,1506,1554,1539,1445,1234,1098,765,597,406,290,238,350,492,598,865,1056,1283,1418,1467,1517,1429,1319,1185,939,661,467,312,329,205,377,474,675,927,1145,1396,1457,1563,1518,1360,1292,979,838,577,525,322,268,372,425,669,903,1052,1257,1380,1520,1527,1455,1344,1097,890,733,490,320
-1279,-963,-2018,-2063,-2799,-2458,-953,1129,1544,-530,-1738,-2451,-1515,-986,-1445,-2104,-2238,-2309,-1267,466,1660,199,-1625,-2409,-1499,-1255,-1411,-1808,-2006,-2404,-1485,952,1850,406,-1932,-2664,-1276,-1336,-1573,-2045,-1799,-2033,-1550,336,1428,186,-1586,-2118,-1430,-1540,-1441,-2001,-2485,-2309,-1546,496,1664,478,-1470,-2318,-2129,-1525,-1601,-2354
-651,-341,-271,-365,-626,-1143,-1658,-2303,-2836,-3275,-3494,-3598,-3519,-3099,-2652,-2106,-1495,-889,-526,-253,-311,-438,-813,-1355,-1899,-2538,-3098,-3417,-3582,-3533,-3377,-2931,-2460,-1786,-1208,-715,-436,-315,-339,-600,-1060,-1629,-2192,-2818,-3233,-3515,-3622,-3498,-3219,-2718,-2172,-1554,-1018,-514,-325,-318,-402,-765,-1273,-1882,-2478,-3020,-3439,-3652
836,115,1234,2604,2477,149,-2134,-2762,-2407,-2051,-960,788,2708,2775,1283,216,791,2456,2675,947,-1674,-2787,-2753,-2285,-1193,239,2516,2998,1772,251,572,1933,2959,1661,-943,-2876,-3054,-2179,-1656,-244,1962,2958,2086,627,211,1622,2797,1951,-358,-2263,-2896,-2214,-1516,-663,1534,2852,2383,867,257,1170,2714,2422,222,-2373
-623,-382,-117,189,506,664,698,460,228,-93,-382,-616,-683,-614,-496,-235,43,420,536,623,495,293,112,-238,-488,-691,-684,-570,-321,-49,296,483,630,585,464,240,-96,-403,-641,-655,-599,-434,-214,182,388,605,648,509,300,-35,-320,-539,-668,-628,-550,-295,-6,273,575,631,622,447,196,-118
-2877,-2387,-2189,-1600,-1582,-361,1756,3827,3304,355,-3163,-5025,-5143,-3129,-1995,-1917,-2477,-2563,-2268,-1860,-1438,-219,1661,3674,3222,238,-3344,-5104,-4582,-2498,-2252,-2002,-3067,-2331,-2114,-1751,-1775,-603,1867,3557,2808,-284,-3474,-4841,-4458,-2451,-2010,-2204,-3106,-2597,-2133,-1896,-1449,-267,2190,3629,2838,-588,-4041,-5280,-4417,-2525,-1957,-2446
-1223,-2043,-2410,-2389,-2038,-1343,-588,94,625,719,400,-157,-1027,-1783,-2222,-2447,-2253,-1658,-873,-67,425,732,594,58,-726,-1493,-2117,-2358,-2283,-1920,-1168,-389,306,707,720,242,-446,-1148,-1897,-2386,-2380,-2055,-1381,-633,76,614,694,416,-141,-902,-1706,-2165,-2410,-2191,-1692,-958,-156,434,768,551,36,-756,-1398,-2080
-64,1403,2753,3214,2120,702,-1091,-2006,-3076,-3886,-3626,-2841,-1691,-170,625,260,-867,-1420,-1017,440,2188,3235,2823,1694,-255,-1405,-2607,-3312,-3540,-3357,-2578,-851,232,470,-316,-1157,-1333,-547,1246,2833,3141,2635,1049,-534,-1868,-2709,-3453,-3697,-3246,-1862,-563,555,378,-797,-1299,-1363,-330,1794,2975,2809,2073,569,-716,-2138
2256,2419,2074,1249,178,-846,-1679,-2333,-2368,-1907,-1087,-39,1032,1859,2386,2371,1924,966,-29,-1064,-1961,-2418,-2318,-1733,-837,236,1286,2058,2409,2290,1726,794,-303,-1398,-2076,-2352,-2155,-1646,-698,441,1446,2175,2388,2175,1456,588,-573,-1521,-2151,-2352,-2114,-1386,-378,669,1695,2253,2417,2045,1296,232,-844,-1691,-2202,-2349
-121,-1235,-1813,-1734,-1525,-661,-376,-330,558,312,-613,-494,-68,706,1583,367,-620,-2003,-1537,-1194,-1265,-699,64,565,510,259,-1169,-13,378,1115,710,-853,-1416,-1806,-1620,-980,-640,-447,350,682,313,-796,-925,257,955,1184,202,-1200,-1813,-1611,-1138,-817,-761,223,376,404,-403,-530,-387,1020,1118,162,-667,-1885
1444,1005,513,-105,-816,-1526,-2006,-2385,-2474,-2359,-1976,-1459,-777,-47,530,1050,1394,1547,1264,806,291,-329,-1056,-1728,-2177,-2434,-2471,-2235,-1819,-1204,-444,117,751,1263,1452,1395,1144,658,-29,-663,-1366,-1964,-2352,-2534,-2416,-2059,-1619,-831,-254,453,1003,1353,1490,1346,930,482,-230,-942,-1516,-2098,-2381,-2467,-2266,-1886
130,470,282,-610,-2717,-3545,-3133,-1901,-1160,-1617,-1987,-2504,-1744,-1093,-719,-185,309,641,-590,-2149,-2923,-3526,-2000,-1459,-916,-2422,-2426,-2379,-1456,-748,-97,87,459,-137,-1757,-3262,-3786,-2751,-1104,-1471,-1430,-2318,-2010,-1642,-1193,-553,92,451,66,-1303,-2751,-3822,-3128,-952,-1430,-1431,-2360,-2270,-1313,-981,-647,-82,313,961
-702,216,1234,2264,3005,3483,3521,3105,2229,1272,230,-646,-1294,-1447,-1319,-630,257,1281,2291,3036,3480,3506,3073,2235,1216,168,-741,-1326,-1525,-1299,-602,293,1365,2300,3108,3473,3444,2950,2229,1129,189,-706,-1398,-1514,-1214,-583,365,1426,2374,3056,3494,3416,2965,2165,1122,117,-813,-1320,-1510,-1211,-561,429,1374,2426
2283,2810,2496,1905,1001,-8,-144,823,1639,1901,1335,434,-107,-372,843,1247,1684,2170,2310,2447,2466,1595,713,-225,106,1089,1502,1613,1040,114,-371,160,778,1380,1749,2279,2617,2904,2082,1408,394,-16,191,1037,1721,1404,847,-55,-137,344,1179,1603,1857,2378,2603,2750,2101,1214,289,-272,199,1368,1568,1408
1242,480,-445,-1152,-1812,-2073,-2021,-1550,-839,-73,784,1464,2015,2175,2034,1595,931,52,-814,-1500,-1940,-2104,-1786,-1293,-539,399,1193,1749,2171,2166,1830,1248,518,-404,-1199,-1760,-2066,-1981,-1611,-905,-89,771,1470,2038,2250,2055,1578,871,36,-823,-1552,-1958,-2004,-1805,-1237,-526,368,1133,1811,2205,2206,1791,1220,400
1492,1158,-344,-1651,-1854,-382,1439,2650,3003,2402,1998,1836,1324,739,-171,-196,313,1419,1423,325,-1143,-1736,-1148,622,2199,3024,2624,2023,1820,1496,1052,207,-414,-140,771,1429,1032,-575,-1496,-1684,-86,1874,2920,2824,2410,2098,1592,1352,635,76,-281,385,1352,1289,265,-1250,-1966,-1006,876,2308,2822,2417,2068,1666
-1302,-1028,-506,-7,363,586,658,462,57,-372,-873,-1381,-1536,-1470,-1260,-857,-405,102,452,732,576,352,-20,-542,-1016,-1343,-1508,-1461,-1193,-748,-253,122,518,651,648,308,-118,-597,-1132,-1481,-1579,-1406,-1132,-658,-168,252,616,713,500,201,-269,-733,-1191,-1399,-1534,-1357,-985,-535,-75,362,648,678,485,110
-829,-707,-1130,-1492,-1868,-1864,-1928,-1304,-1461,-2443,-2403,-1369,-786,-564,-709,-588,-1124,-1540,-2395,-1788,-1805,-1111,-1587,-2199,-2482,-1490,-872,-461,-846,-807,-1332,-1478,-2248,-2000,-1486,-1415,-2165,-2629,-2111,-1347,-794,-550,-749,-1083,-1384,-1297,-2225,-1776,-1496,-1466,-1974,-2530,-1796,-1219,-892,-318,-708,-1122,-1305,-1618,-1923,-2113,-1527,-1675
1638,806,-20,-826,-1394,-1793,-1738,-1306,-733,60,954,1759,2338,2648,2580,2229,1587,798,-141,-864,-1465,-1685,-1683,-1393,-636,188,965,1769,2317,2639,2626,2212,1476,640,-135,-931,-1522,-1796,-1715,-1312,-685,194,1030,1903,2372,2626,2594,2124,1477,615,-201,-919,-1534,-1760,-1630,-1323,-608,261,1074,1888,2444,2659,2510,2128
-102,-483,387,931,858,12,-489,-1335,-1511,-1782,-243,1625,2909,1411,-47,-532,-100,629,871,-6,-869,-931,-1478,-1589,-986,923,2276,2185,756,-119,-235,743,811,337,-349,-1198,-1333,-2115,-1154,416,2329,2215,990,-314,-528,61,1155,200,-528,-652,-1534,-1831,-1709,-228,1929,2552,2199,103,-621,244,516,911,172,-688
-3289,-3236,-2917,-2397,-1704,-933,-52,641,1239,1456,1578,1239,873,212,-626,-1432,-2155,-2826,-3157,-3319,-3110,-2649,-2106,-1353,-541,258,837,1328,1488,1470,1113,598,-154,-985,-1757,-2425,-3003,-3294,-3243,-3027,-2479,-1830,-999,-66,593,1191,1454,1533,1341,1008,278,-545,-1309,-2100,-2761,-3107,-3241,-3261,-2777,-2240,-1503,-644,158,878
192,400,-772,-1255,22,1613,1860,1205,783,344,-833,-2182,-2786,-1206,276,283,-494,-952,246,1705,2043,1099,581,325,-736,-2327,-2673,-1044,271,208,-829,-1181,470,1720,1946,862,764,213,-916,-2566,-2843,-891,621,146,-853,-850,693,1916,1827,1079,664,218,-1110,-2508,-2706,-703,711,112,-1008,-717,550,1886,1823,1000
-788,-551,-189,230,576,828,1070,1057,860,558,250,-214,-471,-840,-853,-866,-626,-286,43,493,840,1004,1063,965,640,299,-120,-432,-766,-841,-816,-713,-409,-58,424,652,916,1033,934,745,417,64,-323,-622,-907,-867,-783,-468,-184,237,613,941,1045,1076,867,534,132,-272,-670,-834,-889,-809,-565,-214
2430,543,-221,-1042,-2234,-2028,773,3572,4307,2671,1052,2078,4287,4464,2425,676,-167,-1058,-2273,-2058,582,3611,4315,2289,933,2171,4186,4111,2054,328,-227,-916,-2293,-2093,788,3762,4409,2221,1020,2103,4234,4253,2257,528,-289,-1228,-2240,-1807,483,3826,4103,2299,1095,2278,4503,4444,2273,567,-236,-1077,-2175,-1897,862,3705
2912,2081,1154,250,-199,-107,396,1181,2138,2958,3580,3673,3226,2506,1551,608,-13,-228,73,764,1687,2696,3377,3679,3547,2863,2054,1024,213,-147,-125,400,1255,2243,3111,3551,3667,3183,2385,1416,623,-32,-180,142,861,1775,2680,3430,3605,3499,2817,1937,926,231,-181,-114,451,1306,2263,3138,3619,3620,3201,2373
-5143,-4211,-3459,-1883,2117,4630,1503,-2888,-4131,-1417,428,-1408,-4534,-4699,-3747,-3203,-1025,2643,4211,1478,-3301,-4258,-850,192,-2180,-4631,-4873,-4256,-3231,-767,2903,3707,586,-3486,-4071,-760,202,-2759,-4716,-4932,-3719,-2576,-563,2987,3917,185,-3914,-3305,-827,120,-2759,-5141,-4662,-3525,-3140,280,3107,3649,-372,-4281,-3694,-430,-704,-2781
-1001,-782,-436,-68,344,680,867,820,621,339,-85,-405,-764,-996,-1119,-1051,-781,-467,-58,289,575,785,859,693,425,69,-287,-701,-921,-1068,-996,-876,-565,-141,231,556,824,882,757,471,189,-216,-655,-884,-1067,-1075,-916,-642,-251,140,569,765,855,862,572,238,-173,-558,-880,-1064,-1063,-982,-686,-322
1523,-809,-839,265,3488,5300,5253,4080,2844,781,-1365,-3049,-2077,-193,2210,1957,787,-1064,-1399,1704,4643,5640,4985,3558,1957,183,-2659,-2785,-1646,628,2826,1552,-922,-940,190,3251,5289,5656,4448,2878,671,-1404,-2736,-3022,-659,2138,2565,612,-1293,-1262,1383,4338,5687,5139,3581,2065,-118,-2273,-3115,-1929,868,2641,1755,-634
682,300,-146,-120,71,549,1152,1750,2300,2745,2935,2975,2670,2279,1634,1036,415,-32,-111,-85,251,802,1428,2008,2587,2873,3029,2869,2514,1975,1303,753,278,-45,-44,93,535,1036,1670,2303,2696,3006,2941,2719,2303,1684,980,475,121,-148,-83,218,676,1333,1961,2511,2811,3016,2878,2525,2041,1369,820,278
2385,2226,1329,-1437,-3304,-3388,-1103,2005,3913,3677,2845,2076,1281,1535,1255,1802,2559,2228,350,-2318,-3382,-2618,261,2824,3814,3108,2425,1790,1325,1269,1493,2063,2399,1405,-808,-3032,-3611,-1720,1301,3572,3950,2926,1807,1601,1027,1310,1708,2628,2171,806,-1974,-3597,-2790,-524,2417,3933,3531,2272,1723,1407,809,1467,2059,2454
-885,-655,-410,-13,441,942,1318,1667,1806,1865,1712,1429,1044,562,46,-302,-640,-916,-857,-758,-501,-176,247,688,1139,1541,1716,1896,1813,1593,1243,803,333,-104,-508,-755,-954,-861,-693,-400,132,496,937,1332,1650,1870,1838,1718,1390,1055,525,123,-297,-690,-878,-835,-816,-485,-134,363,791,1174,1539,1713
2624,2366,2255,2417,2190,1891,1474,1911,1955,849,373,773,1709,2336,2461,2095,2441,2278,1831,1623,1813,1984,1029,185,847,2013,2477,2620,2084,2195,2237,1906,1917,2194,1948,1005,387,555,2018,2491,2115,2128,2449,2032,1691,1603,2043,1890,795,440,862,2248,2506,2260,2456,2481,2250,1804,1550,2244,1705,868,218,705
-1260,-936,-563,-46,390,675,803,686,463,33,-485,-965,-1198,-1383,-1309,-1039,-604,-70,398,686,845,727,467,-7,-457,-914,-1222,-1380,-1282,-1017,-522,-48,320,745,863,755,532,66,-415,-897,-1230,-1368,-1352,-1025,-640,-156,285,716,867,776,525,83,-331,-885,-1218,-1383,-1383,-1104,-665,-148,291,666,822,762
-1883,-1324,-1263,-1472,-1794,-1749,-1985,-1612,-1529,-253,1791,2737,2250,330,-929,-1744,-1423,-870,-792,-1679,-1949,-1487,-1995,-1547,-727,1037,2395,2898,1534,-397,-1517,-1289,-1179,-1163,-1416,-2170,-1619,-2007,-1706,-1036,110,1574,2620,2244,779,-1171,-1694,-1208,-1157,-1335,-1539,-2043,-1901,-1859,-1475,-1067,393,2104,2651,1633,-170,-1404,-1427,-1304
517,320,316,288,390,706,1037,1415,1767,2111,2283,2429,2376,2299,2052,1760,1418,1027,712,457,239,204,398,556,792,1179,1521,1799,2144,2310,2401,2328,2192,1968,1585,1266,972,629,414,417,267,423,620,932,1255,1606,1915,2178,2300,2409,2326,2100,1849,1543,1207,842,567,419,270,337,418,688,1026,1326
35,2339,4293,4726,4016,3783,3132,920,-1025,-1233,480,2096,1443,-212,-92,2190,4365,4703,4282,3756,2860,843,-1057,-1252,644,2341,1405,-302,-225,1964,4086,4706,4328,3870,2983,1394,-1151,-1424,545,2079,1263,-449,-431,2015,4271,4605,4156,3875,3122,1169,-1123,-1500,697,2011,1506,-229,-352,1916,4128,4634,4016,3756,3090,1287
-653,-786,-705,-485,-148,202,592,939,1242,1353,1269,1148,848,500,101,-321,-599,-751,-746,-676,-347,26,419,797,1065,1319,1311,1157,990,616,223,-152,-417,-704,-751,-723,-463,-124,234,614,955,1243,1299,1312,1115,861,437,48,-287,-581,-751,-762,-588,-337,54,403,785,1096,1294,1340,1198,973,634,271
-250,-521,-1098,-114,1258,1965,1486,1037,434,388,724,-47,86,-42,-561,-1179,-1168,-350,1741,2188,1960,263,694,-73,364,386,39,-247,-504,-1125,-968,-211,968,2105,1638,373,334,332,452,112,-324,79,-149,-1286,-1053,255,1942,1708,803,474,247,496,65,-415,109,233,-672,-1214,-1283,161,1808,2132,839,588
-3903,-3886,-3285,-2373,-1149,90,769,1217,968,365,-685,-1803,-2918,-3692,-3886,-3646,-2904,-1825,-653,345,935,1210,773,-73,-1152,-2349,-3241,-3832,-3881,-3440,-2550,-1384,-236,606,1144,1070,527,-456,-1630,-2754,-3526,-3993,-3743,-3131,-2120,-979,116,902,1221,941,267,-922,-2008,-3057,-3717,-3916,-3579,-2785,-1617,-458,497,1071,1163,711
-1604,-817,-401,233,502,765,825,95,-794,-1532,-1460,-371,332,-90,-761,-1597,-2519,-2226,-1474,-976,-394,10,447,632,852,233,-540,-1364,-1549,-561,37,202,-414,-1447,-2458,-2501,-1789,-1445,-430,133,359,780,756,386,-755,-1165,-1482,-913,294,239,-703,-1701,-2441,-2483,-1940,-908,-270,90,548,786,910,402,-386,-1028
-1206,-260,669,1115,1203,844,84,-978,-1941,-2685,-3076,-2970,-2422,-1682,-665,336,985,1217,1074,410,-520,-1501,-2347,-2936,-3023,-2729,-2020,-1070,-137,763,1158,1142,733,-106,-1084,-2071,-2722,-3109,-2949,-2288,-1502,-501,462,1034,1324,934,249,-764,-1699,-2514,-3033,-3037,-2681,-1828,-922,88,832,1193,1134,582,-243,-1232,-2284,-2825
-871,-1568,-1871,-1484,-140,501,-945,-2518,-3389,-3874,-3122,-2185,-1943,-1156,-1276,-1989,-1544,-315,737,-199,-2111,-3559,-3521,-3229,-2705,-2127,-1126,-954,-2177,-1957,-879,463,76,-1367,-3223,-3591,-3112,-3184,-2166,-843,-1268,-1782,-2116,-1424,233,245,-967,-2543,-3790,-3653,-3298,-2170,-1379,-1077,-1082,-1792,-1507,-337,813,232,-2173,-3508,-3741,-3442
-933,-828,-531,-168,264,831,1279,1628,1894,1947,1875,1703,1291,928,301,-164,-523,-847,-932,-877,-729,-410,64,636,1009,1490,1833,1903,1966,1773,1458,1013,495,51,-361,-707,-845,-913,-773,-458,-102,437,839,1319,1648,1882,1912,1880,1616,1254,803,231,-200,-584,-877,-951,-853,-658,-232,213,682,1124,1545,1831
275,-1802,-2918,-2690,-598,1625,2718,2875,2486,1476,-91,-2037,-3234,-2542,-516,938,108,-1673,-3062,-2461,-247,1866,2727,2769,2514,1685,-188,-2354,-3563,-2266,-495,847,-113,-1985,-3177,-2184,-272,1684,2966,2767,2632,1585,-595,-2271,-3198,-2449,-261,793,-173,-1968,-3179,-2258,-158,1763,2934,2887,2547,1101,-433,-2281,-3240,-2085,-426,849
-3413,-2681,-1829,-990,-326,108,264,27,-496,-1229,-2111,-2909,-3569,-3940,-4056,-3839,-3340,-2542,-1718,-837,-253,84,174,-93,-582,-1301,-2202,-3050,-3699,-3979,-4091,-3806,-3245,-2409,-1560,-764,-169,208,179,-95,-784,-1573,-2357,-3140,-3773,-4005,-4070,-3732,-3114,-2339,-1473,-633,-86,249,177,-256,-846,-1622,-2502,-3302,-3745,-4124,-4000,-3646
1072,1201,-306,-1668,-1015,1260,3688,4113,3146,2360,1649,204,-801,-539,941,1794,1010,-942,-1444,-209,2071,3923,4121,2822,2159,1115,-162,-469,-505,1253,1747,506,-1033,-1135,457,2857,3761,4012,2793,1948,769,-582,-371,443,1313,1303,32,-1117,-935,762,3397,4123,3253,2551,1508,179,-464,-575,883,1472,1130,-276,-1711,-307
-2364,-2506,-2211,-1715,-1084,-460,106,261,220,-75,-680,-1326,-1893,-2285,-2469,-2319,-1924,-1311,-583,-84,269,297,45,-496,-1116,-1655,-2229,-2448,-2442,-2092,-1524,-894,-254,161,233,156,-347,-847,-1532,-2098,-2409,-2472,-2099,-1676,-1042,-412,-35,307,262,-170,-707,-1312,-1926,-2291,-2469,-2337,-1884,-1215,-549,-33,336,249,52,-471
-731,-681,-303,-134,439,31,-632,-1180,-2202,-2271,-1895,-928,-526,-789,-765,-1178,-771,-973,-755,-550,-231,173,153,-316,-876,-2052,-2565,-2263,-1618,-800,-559,-890,-1073,-1003,-809,-619,-576,-264,-49,265,2,-596,-1623,-2069,-2408,-1909,-943,-468,-507,-842,-869,-1093,-988,-630,-331,66,76,-67,-39,-1064,-1945,-2313,-1989,-1143
2207,2245,2225,1898,1593,1167,783,427,202,120,197,417,828,1205,1530,1949,2132,2189,2222,1920,1602,1170,827,423,201,119,121,425,786,1095,1588,1961,2177,2273,2133,1947,1626,1192,733,425,213,110,173,395,706,1180,1495,1889,2124,2257,2126,1957,1642,1229,776,467,130,97,100,420,697,1106,1551,1953
-661,-1627,-1114,-1121,-316,155,-427,-669,-1795,-2314,-2265,-1358,-1016,-1119,-1226,-1501,-1033,-675,-729,124,-820,-1640,-2062,-2285,-1849,-1002,-1304,-1708,-1497,-1329,-759,-161,142,-741,-1349,-2226,-2511,-2001,-884,-1047,-1092,-1853,-1575,-569,-556,-135,-334,-1429,-2673,-2355,-2060,-758,-959,-1645,-1478,-1375,-653,-739,-467,-721,-1846,-2347,-2684,-1987
-302,-113,216,659,1091,1499,1937,2314,2428,2342,2191,1879,1396,969,466,49,-251,-369,-307,-117,173,576,1115,1578,2010,2345,2422,2410,2189,1889,1464,904,474,51,-204,-365,-322,-145,244,638,1168,1608,1933,2284,2364,2383,2204,1873,1400,873,464,4,-309,-393,-330,-170,203,632,1088,1565,1986,2309,2399,2361
991,357,-645,-563,174,579,578,-287,420,512,563,620,540,628,1671,1847,2003,725,-105,-576,-233,259,735,26,-388,-17,211,577,319,793,1149,1459,1843,1433,938,13,-532,169,883,323,1,-115,268,418,548,707,1057,1550,1977,2018,1070,458,-586,-270,18,649,465,120,237,59,541,748,480,787
-3056,-3550,-3560,-3077,-2188,-1156,-308,357,520,170,-532,-1489,-2499,-3258,-3591,-3477,-2847,-1933,-920,-66,479,556,53,-773,-1837,-2706,-3406,-3634,-3370,-2615,-1603,-618,87,540,472,-173,-1030,-2069,-2898,-3529,-3553,-3210,-2283,-1329,-445,273,539,320,-380,-1276,-2345,-3198,-3589,-3508,-3039,-2145,-1097,-230,384,489,188,-592,-1614,-2546
-4836,-2242,245,418,-159,-284,220,635,2322,3736,3622,-937,-4878,-4729,-2609,-25,530,-353,14,169,450,1889,3898,3319,-672,-4604,-5448,-2754,229,417,-115,-465,-140,349,1690,4042,3235,-411,-4556,-5354,-2397,236,369,-626,-190,188,437,1891,3195,3487,-488,-4364,-4927,-2704,-102,342,290,-362,165,206,1498,3429,3392,103
1189,514,-259,-981,-1573,-1885,-1764,-1260,-536,241,968,1445,1502,1294,688,-68,-890,-1476,-1803,-1771,-1357,-797,111,819,1375,1567,1336,790,100,-725,-1402,-1809,-1842,-1457,-914,-166,667,1248,1613,1404,939,268,-505,-1214,-1729,-1885,-1598,-1107,-303,509,1147,1448,1439,1084,473,-363,-1152,-1615,-1775,-1741,-1213,-455,329,988
-672,-1076,-1623,-1724,-1043,-507,144,581,920,498,112,-1072,-2428,-2641,-2544,-1410,-37,-26,-766,-1562,-1715,-1012,-227,191,505,661,796,-146,-1140,-2259,-2953,-2542,-779,-496,-318,-790,-1682,-1793,-1205,-189,-13,361,690,1005,229,-1179,-2503,-3113,-2624,-963,-170,-318,-699,-1562,-1899,-1010,-150,284,467,758,508,-55,-1072,-2560
-312,-647,-1015,-1374,-1677,-1808,-1908,-1834,-1724,-1333,-1053,-750,-310,-93,133,104,31,-183,-531,-834,-1269,-1592,-1756,-1913,-1936,-1759,-1565,-1128,-873,-442,-216,40,136,181,-44,-347,-796,-1015,-1375,-1768,-1867,-1934,-1887,-1624,-1349,-940,-572,-199,-48,129,70,3,-279,-572,-920,-1238,-1628,-1839,-1932,-1915,-1728,-1457,-1141,-789
1867,1858,2321,2051,1291,1751,2124,708,-427,-192,1210,2335,2410,2100,1784,2103,2125,1667,2057,1760,800,-231,-225,1295,2496,2452,1818,1702,2160,1882,1573,2153,1851,769,-418,-190,1325,2549,2287,1832,1800,2256,1902,1948,2059,1938,597,-332,-396,989,2320,2461,2059,2071,2111,2021,1949,1621,1598,812,-423,-223,1370,2443
490,786,1034,866,603,265,-203,-645,-1029,-1173,-1175,-998,-635,-230,239,572,883,844,796,446,64,-430,-864,-1088,-1162,-1099,-818,-439,13,464,765,945,861,668,311,-187,-693,-959,-1162,-1215,-970,-616,-225,243,632,928,926,774,499,146,-370,-776,-1089,-1209,-1125,-815,-464,-6,384,725,933,918,645,238
4229,3391,133,-2936,-4114,-3565,-1131,249,151,-107,-22,1279,1669,1947,1837,1247,2254,3835,3706,2874,-653,-3369,-4480,-3383,-1294,198,490,-282,266,996,2059,2160,1489,2037,2967,4409,3900,1898,-1696,-3849,-4150,-3041,-822,77,273,-575,441,1349,2795,1856,1680,1699,3060,4316,4290,1515,-2327,-4107,-4148,-2462,-384,-49,-320,-356
47,832,1451,1582,1286,668,-299,-1292,-2292,-3110,-3511,-3484,-3106,-2271,-1230,-256,683,1337,1589,1362,853,14,-1098,-2048,-2924,-3411,-3561,-3206,-2578,-1538,-550,444,1125,1555,1499,999,287,-808,-1831,-2704,-3335,-3604,-3331,-2752,-1868,-752,175,1005,1464,1589,1153,474,-500,-1486,-2534,-3172,-3571,-3407,-2863,-2115,-1095,-51,824,1437
551,3804,4200,3820,3415,2303,-1,-801,574,1401,260,-2505,-2610,579,3607,4123,3654,3574,2130,-78,-1299,372,1540,-14,-3456,-2237,876,4145,4368,3936,3772,1942,-114,-837,263,1474,-527,-2862,-1709,1715,4037,4459,3708,3158,1106,-771,-782,831,1724,-337,-2963,-1547,2177,4468,3953,3564,3024,1829,-686,-733,960,871,-645,-3107
-963,-1968,-3013,-3773,-4058,-3847,-3191,-2216,-1085,-132,395,563,102,-686,-1788,-2842,-3630,-4117,-3961,-3334,-2430,-1301,-314,317,498,217,-554,-1603,-2607,-3517,-4037,-3951,-3530,-2665,-1524,-542,217,499,293,-323,-1317,-2395,-3391,-3900,-4123,-3648,-2810,-1742,-639,65,566,476,-171,-1034,-2210,-3214,-3930,-4080,-3793,-3013,-1983,-902,0,456
584,505,249,318,4,-966,-39,2442,5506,7074,5870,1728,-1295,-2089,-971,131,713,760,376,43,185,-194,1107,4357,6792,6474,3976,307,-2041,-1806,-95,628,696,221,329,-238,-372,437,2560,5582,7434,5427,1841,-1361,-2252,-823,101,572,414,439,-67,-198,-84,1427,4076,6993,6612,3445,-229,-1857,-1888,-225,689,373
-1462,-1267,-793,-238,369,742,911,633,188,-353,-908,-1357,-1499,-1441,-955,-309,203,592,786,702,329,-168,-835,-1282,-1465,-1439,-1040,-575,76,459,850,809,518,15,-628,-1145,-1464,-1428,-1260,-691,-148,414,748,817,665,95,-441,-1033,-1392,-1504,-1369,-868,-263,258,738,833,625,271,-299,-898,-1371,-1480,-1390,-989
-4124,-2811,-1940,-1563,-2036,-2074,-2528,-1646,-1422,-742,-715,0,527,295,-1536,-3015,-3924,-3806,-2419,-1375,-1555,-2297,-2421,-1491,-1324,-944,-604,-172,830,640,-847,-2788,-4223,-4089,-2565,-1220,-1289,-1906,-2712,-1720,-1227,-817,-574,-110,766,1073,-234,-2134,-3478,-3836,-3282,-1836,-1335,-1626,-2403,-2546,-1146,-1003,-543,-228,460,987,964,-1478
-2056,-2412,-2787,-2779,-2691,-2442,-2092,-1612,-1219,-1049,-996,-1098,-1405,-1846,-2282,-2655,-2763,-2822,-2573,-2203,-1750,-1394,-1120,-943,-1037,-1297,-1686,-2146,-2531,-2771,-2849,-2704,-2355,-1951,-1530,-1183,-969,-944,-1122,-1527,-1928,-2368,-2668,-2794,-2784,-2555,-2112,-1772,-1341,-1086,-962,-1056,-1334,-1738,-2243,-2596,-2765,-2775,-2727,-2328,-1954,-1472,-1120,-955
-453,-1987,-3219,-2722,-2787,-3011,-1735,1442,2212,171,-1969,-1650,-190,-1557,-3201,-2945,-2712,-2889,-2642,386,2724,1237,-1597,-1871,-452,-767,-2552,-3126,-2957,-2781,-2908,-946,2176,2115,-903,-2128,-1097,-578,-2053,-3272,-2822,-2684,-3029,-1860,1215,2371,393,-2250,-1437,-405,-887,-2900,-3071,-2554,-2935,-2520,54,2266,1289,-1466,-2175,-559,-484,-2472
-1215,-1894,-2438,-2765,-2835,-2649,-2179,-1535,-921,-237,163,423,499,143,-317,-958,-1557,-2251,-2703,-2854,-2699,-2431,-1882,-1157,-556,0,387,498,371,-147,-697,-1361,-2075,-2474,-2760,-2811,-2563,-2006,-1537,-787,-185,292,502,455,134,-492,-1081,-1758,-2341,-2692,-2849,-2649,-2292,-1761,-1060,-402,122,410,420,144,-181,-830,-1482,-2078
-690,464,627,282,-625,-642,-290,96,-490,-1474,-1811,-1861,-1578,-1277,97,885,268,-618,-748,132,353,-285,-765,-1421,-1545,-1596,-1391,-114,529,584,-208,-787,-336,-21,-497,-840,-1357,-1849,-1623,-1715,-317,409,931,221,-817,-260,-287,55,-887,-1452,-1614,-1947,-1225,-1132,343,1038,-65,-1199,-1097,-267,114,-386,-977,-1872
289,727,1189,1269,1260,887,380,-294,-872,-1559,-2049,-2344,-2413,-2261,-1745,-1246,-613,24,735,1108,1331,1273,1007,547,-15,-765,-1456,-1989,-2252,-2412,-2303,-1941,-1357,-743,-2,575,1054,1280,1295,1119,648,40,-592,-1267,-1909,-2196,-2439,-2366,-1989,-1553,-874,-201,404,910,1164,1362,1199,734,230,-481,-1094,-1785,-2160,-2398
-1094,70,341,-905,-2812,-3054,-2639,-1203,-941,395,379,-693,-1503,-734,212,-218,-1841,-3187,-2992,-2385,-1438,-91,272,-31,-1139,-1518,-521,312,-777,-2310,-3078,-2777,-2084,-1080,-53,169,-454,-1184,-1206,47,-2,-1193,-2892,-3247,-2169,-1286,-616,405,2,-713,-1264,-501,545,-233,-1995,-3241,-2937,-1858,-1036,-127,306,45,-1050,-1135
-754,-661,-397,14,578,1181,1727,2282,2533,2755,2743,2516,2095,1557,947,447,-122,-568,-826,-693,-509,-197,354,883,1496,2027,2449,2681,2765,2553,2241,1778,1211,611,12,-375,-612,-767,-657,-376,15,654,1302,1798,2336,2569,2777,2746,2437,2034,1404,839,291,-249,-556,-732,-717,-519,-101,417,1038,1543,2071,2540
-708,-2665,-2493,-1043,205,1917,2966,2662,3275,2211,753,-27,494,2105,1535,708,-1257,-2894,-1979,-626,809,2352,2749,3111,2107,1886,11,116,941,2458,1601,-81,-1950,-2718,-1770,-285,1393,2169,2930,2804,1827,1240,-65,585,1693,1936,1302,-1026,-2401,-2484,-1370,672,1631,2452,2601,2637,1304,492,293,493,1669,2035,634,-1817
-588,358,1104,1666,1788,1628,1173,319,-548,-1502,-2212,-2749,-2873,-2571,-2064,-1250,-358,596,1316,1756,1793,1468,921,-13,-909,-1730,-2427,-2810,-2796,-2458,-1746,-860,43,896,1462,1788,1742,1327,569,-301,-1217,-2016,-2601,-2858,-2799,-2239,-1518,-622,314,1121,1675,1879,1701,1117,409,-570,-1504,-2254,-2706,-2924,-2587,-2108,-1210,-327
-3411,-1625,913,1303,1457,2019,1821,530,424,1605,1151,-1704,-3498,-1911,428,1597,1482,1979,2003,770,104,1300,1401,-1408,-3169,-2183,334,1376,1428,1850,2085,912,256,1018,1124,-884,-3304,-2345,55,1338,1688,1965,2107,927,355,1064,1346,-700,-2948,-2547,-248,1478,1509,1769,2225,1149,74,851,1455,-333,-2928,-2869,-337,1422
1011,768,676,790,1110,1475,1966,2438,2755,3040,3007,2942,2649,2205,1735,1295,904,706,651,763,1057,1459,1823,2386,2689,2989,3079,2904,2712,2268,1798,1365,991,824,620,707,944,1415,1869,2318,2629,2939,3022,2989,2764,2308,1938,1449,1030,853,641,700,900,1335,1788,2238,2671,2982,3124,2963,2742,2428,1975,1533
387,348,-256,-733,-599,66,-152,-2349,-3878,-3201,-340,946,964,439,390,-20,-1115,-379,204,-709,-2983,-4280,-2881,-211,867,313,676,544,-273,-1034,-337,-63,-1051,-3484,-3929,-2029,232,814,935,587,544,-545,-626,-123,-30,-1572,-3581,-3608,-1616,574,888,577,678,112,-940,-1093,128,-115,-1899,-3767,-3202,-1115,671,601
2964,3657,4098,4069,3842,3289,2462,1497,639,-136,-681,-986,-871,-509,201,1106,2011,2858,3527,4038,4108,3938,3394,2668,1765,784,-18,-609,-933,-957,-581,4,911,1771,2711,3436,3919,4180,4024,3493,2782,1864,938,159,-479,-942,-1015,-741,-132,673,1568,2467,3263,3846,4127,3987,3652,2880,2106,1192,295,-447,-833,-1008
-1103,-2172,-2560,-740,23,-91,-1464,-2435,-4164,-4448,-3749,-1143,125,-1227,-2195,-1908,-852,-111,-851,-950,-3096,-3920,-4984,-3791,-1355,-207,-1288,-2263,-1722,-1036,-28,-860,-1428,-3050,-4260,-4765,-3072,-1048,-490,-1168,-2530,-1606,-214,-436,-966,-1715,-2811,-4348,-5103,-3034,-899,-224,-1707,-2521,-1397,-465,-133,-947,-1935,-3425,-4328,-4716,-2934,-671
-547,-604,-451,-188,40,322,594,787,777,701,548,320,-27,-205,-453,-595,-613,-446,-188,71,316,636,736,831,727,557,241,-4,-235,-511,-531,-516,-436,-272,20,334,584,686,822,693,523,315,69,-184,-471,-541,-526,-446,-171,-20,407,631,760,689,753,568,325,47,-216,-449,-508,-557,-345,-154
-5426,-3400,-1266,-34,247,1895,1496,-63,-1612,-1151,415,1540,-811,-3956,-5910,-4989,-2985,-889,5,958,1570,1345,-315,-1460,-1054,798,1076,-1680,-4955,-6146,-4641,-2507,-977,272,1186,1800,1135,-958,-1869,-114,1215,628,-2173,-5503,-6113,-4050,-1752,-792,87,1325,1638,314,-1200,-1197,20,1118,-163,-3412,-5441,-5590,-3607,-1655,15,595
-1579,-1791,-1898,-1719,-1449,-1085,-795,-449,-267,-430,-641,-907,-1273,-1616,-1790,-1843,-1735,-1426,-1067,-708,-438,-328,-351,-580,-897,-1262,-1589,-1809,-1811,-1685,-1476,-1050,-787,-449,-308,-424,-576,-1021,-1266,-1577,-1742,-1798,-1793,-1397,-1068,-722,-433,-313,-461,-642,-983,-1352,-1554,-1809,-1811,-1688,-1398,-990,-667,-458,-300,-420,-679,-993
-285,-155,281,-463,-767,385,1627,783,-1907,-4854,-5738,-4283,-1742,-1191,-968,-737,-153,169,-66,-983,198,1326,1394,-1094,-4281,-5734,-4432,-2177,-1223,-1027,-902,-65,25,-118,-795,-358,1425,1531,-209,-3022,-5378,-5056,-2689,-1090,-985,-1068,-732,286,-148,-756,-458,410,1993,573,-2622,-5243,-5345,-3186,-1508,-986,-897,-355,-92,117
-420,58,332,177,-131,-621,-1248,-2005,-2684,-3280,-3631,-3739,-3563,-3261,-2677,-1940,-1284,-652,-130,184,208,62,-336,-951,-1648,-2369,-2963,-3495,-3728,-3714,-3450,-2947,-2228,-1572,-879,-312,86,231,290,-139,-718,-1373,-2062,-2700,-3307,-3608,-3723,-3533,-3195,-2585,-1988,-1194,-565,-10,181,213,-21,-379,-964,-1731,-2381,-3008,-3519,-3669
1812,1212,1004,210,725,1099,717,-1205,-968,1517,3711,3695,2299,1597,1478,476,396,984,977,-938,-1632,774,3133,3513,2678,1369,1315,1114,27,527,1295,-456,-1300,-87,2446,4031,2347,1441,1475,730,267,651,998,84,-1403,-298,2270,4021,2592,1899,1427,1167,293,498,1096,362,-982,-1101,2042,3773,3040,1560,1493,1198
1390,246,-742,-1529,-1949,-1893,-1579,-808,136,1153,2132,2745,3077,2934,2312,1384,383,-693,-1396,-1931,-2059,-1662,-996,80,1086,2098,2704,3041,2819,2449,1485,492,-579,-1392,-1875,-2007,-1660,-982,-10,1069,1971,2699,2997,2989,2499,1570,539,-453,-1406,-1883,-2032,-1760,-1032,-105,961,1858,2622,2975,3000,2467,1681,602,-415,-1187
1278,2593,3473,2406,777,-1021,-649,258,686,1134,1677,2639,2538,1718,910,1610,2488,3300,2815,777,-811,-872,72,500,1309,1816,2529,2605,1902,1550,1466,2873,3500,2762,1435,-766,-853,-289,1199,1198,2150,2495,2373,2067,1132,1579,2113,3410,2942,1301,-282,-1024,-230,937,1391,1242,2137,2664,1913,1177,1066,1891,3298,3298
-1153,-1000,-895,-897,-1014,-1272,-1485,-1706,-2038,-2098,-2107,-1998,-1771,-1516,-1197,-1042,-875,-885,-960,-1137,-1338,-1646,-1862,-2019,-2059,-1916,-1817,-1574,-1284,-1048,-960,-761,-968,-998,-1325,-1553,-1790,-1986,-2096,-1983,-1914,-1688,-1381,-1173,-974,-838,-932,-1034,-1167,-1500,-1769,-1910,-2065,-2045,-1934,-1731,-1473,-1186,-1042,-860,-823,-985,-1164,-1449
-1211,-1481,-1202,-1027,-693,-731,-1261,-1736,-2210,-2342,-2725,-2813,-2326,-1560,-685,-271,-665,-1056,-1464,-1154,-778,-655,-1014,-1253,-1758,-2143,-2666,-2674,-2808,-2099,-1374,-664,-416,-612,-1117,-1375,-1316,-874,-622,-874,-1574,-2029,-2222,-2611,-2616,-2808,-2204,-1309,-435,-507,-773,-1208,-1156,-1028,-811,-666,-1085,-1744,-1914,-2268,-2664,-2945,-2608,-1969
-1513,-1265,-862,-324,17,277,280,250,-99,-506,-929,-1362,-1577,-1692,-1545,-1242,-867,-377,-65,233,362,186,-103,-498,-929,-1264,-1574,-1638,-1587,-1290,-916,-446,-36,196,292,273,-61,-422,-861,-1234,-1519,-1694,-1556,-1315,-877,-524,-58,257,291,265,47,-460,-844,-1291,-1600,-1708,-1611,-1291,-917,-522,-104,211,349,295
3164,2924,1966,1083,937,1739,2564,3564,4317,5015,5370,5105,3190,569,-1962,-2858,-1782,190,2279,3241,2556,1564,963,1380,2290,3004,3695,4747,5463,5387,4230,2263,-705,-2627,-2620,-918,1339,2975,2885,2114,1144,1046,1568,2596,3446,4248,5054,5658,5248,3829,978,-1711,-2813,-2079,330,2165,3284,2976,1606,870,1210,2003,2933,3899
-2458,-1685,-939,-120,567,1202,1530,1640,1434,995,231,-536,-1449,-2158,-2657,-2894,-2942,-2636,-2099,-1296,-446,387,1001,1566,1600,1506,1164,589,-277,-1045,-1750,-2450,-2829,-2911,-2788,-2257,-1614,-787,53,811,1336,1673,1589,1304,861,118,-746,-1518,-2202,-2736,-2969,-2920,-2487,-1898,-1116,-328,552,1096,1507,1701,1473,1057,439,-402
802,482,1175,2135,1882,568,-784,-1388,-863,-925,478,1638,4214,5820,5821,3788,1109,-42,1013,2055,1778,821,-471,-1234,-953,-324,58,1292,3331,5509,6266,4384,1837,346,532,1567,2189,1113,124,-1209,-1389,-697,-378,822,2563,5006,6318,4846,2564,871,230,1110,1976,1419,26,-722,-1139,-919,-281,560,2001,4122,5605,5736
-671,-270,47,25,-191,-635,-1060,-1641,-1787,-1973,-1767,-1556,-1044,-549,-177,35,-58,-267,-732,-1210,-1684,-1887,-1966,-1752,-1370,-882,-482,-65,-49,-62,-512,-896,-1363,-1738,-2041,-1908,-1649,-1236,-781,-358,-15,36,-160,-536,-1056,-1518,-1803,-2012,-1895,-1453,-1081,-633,-222,3,-35,-340,-665,-1195,-1598,-1868,-1952,-1809,-1497,-887
344,1757,2570,2438,2511,2218,2396,2283,2154,1309,1395,1711,2354,1636,652,-698,-1329,-787,532,1886,2445,2468,2351,2463,2108,2124,2043,1355,1352,1886,2119,1243,348,-1023,-1157,-385,1201,2117,2810,2428,2186,2432,2521,2338,1716,1466,1581,1886,2058,1098,-105,-1152,-1200,127,1432,2465,2685,2402,2288,2409,2453,2073,1644,1450
-1293,-1398,-1290,-1148,-833,-396,17,371,718,786,732,598,239,-165,-566,-1011,-1200,-1379,-1341,-1105,-766,-433,16,355,618,796,757,513,277,-166,-604,-999,-1218,-1428,-1308,-1150,-848,-442,-23,400,597,728,752,622,261,-135,-607,-963,-1192,-1327,-1339,-1164,-813,-387,-54,404,646,786,792,598,284,-150,-548,-937
1841,642,-441,-942,-1106,-1369,-472,276,1319,932,494,-329,-15,1020,2124,2392,1468,300,-796,-1269,-1218,-943,113,915,983,682,-72,-263,480,1754,2461,2014,588,-121,-1081,-1292,-1435,-526,426,833,1177,453,-282,168,911,1930,2173,1319,175,-500,-1129,-1121,-1016,-4,683,1139,757,62,-432,550,1897,2281,2106,928
-1224,-924,-733,-756,-1010,-1333,-1700,-2194,-2659,-3002,-3038,-2942,-2668,-2272,-1803,-1294,-967,-678,-768,-919,-1194,-1725,-2060,-2628,-2872,-2947,-2990,-2757,-2413,-1826,-1405,-1057,-755,-659,-808,-1143,-1654,-2019,-2457,-2850,-2973,-2944,-2863,-2452,-2051,-1532,-1170,-911,-732,-792,-987,-1460,-1863,-2343,-2643,-3009,-2997,-2942,-2574,-2143,-1713,-1296,-914,-704
-1549,-966,-913,-1438,-1679,-1695,-1237,-426,1024,1707,1545,-216,-2634,-3274,-2533,-1153,-927,-1245,-1794,-1477,-1439,-864,191,1449,2037,931,-1734,-3016,-2915,-1814,-825,-1111,-1868,-1894,-1582,-1270,-318,841,1962,1325,-473,-2638,-3115,-2485,-1296,-781,-1478,-1697,-1954,-1453,-719,356,1593,2011,366,-1466,-3219,-2819,-1480,-735,-950,-1531,-1779,-1589
1955,1664,1032,220,-634,-1625,-2164,-2495,-2438,-2013,-1290,-457,493,1195,1719,1856,1734,1144,326,-574,-1433,-2084,-2444,-2438,-2182,-1471,-574,360,1127,1709,1913,1768,1242,497,-419,-1287,-2076,-2455,-2499,-2191,-1628,-785,249,983,1620,1873,1757,1364,588,-322,-1188,-1882,-2449,-2532,-2219,-1687,-876,96,890,1551,1933,1838,1366,778
-3749,-1822,315,2043,1024,-301,-1863,-3488,-3716,-1961,-901,-2355,-3600,-3034,-230,1224,1588,621,-1115,-3402,-4003,-2437,-1122,-1562,-3010,-3383,-898,1055,1470,939,-623,-2233,-3997,-3075,-1764,-1310,-2554,-3641,-2131,72,1712,1161,335,-1446,-3530,-3996,-1974,-876,-2241,-3628,-2927,-620,844,1773,541,-1101,-2558,-4083,-2934,-1687,-1491,-2930,-3038,-1627
-2794,-1657,-517,246,465,132,-626,-1853,-2970,-3921,-4443,-4321,-3830,-2675,-1521,-459,261,447,154,-746,-1906,-3033,-3978,-4445,-4341,-3725,-2617,-1432,-349,297,431,28,-840,-1964,-3167,-4050,-4450,-4288,-3642,-2574,-1381,-345,286,484,14,-912,-2116,-3261,-4010,-4448,-4336,-3478,-2455,-1290,-317,379,438,-68,-957,-2205,-3401,-4138,-4492,-4250
817,1014,732,227,372,1004,1216,1562,193,-1266,-1680,-350,1010,791,756,690,635,1161,937,1470,628,-732,-1690,-780,583,972,466,432,928,865,973,1663,1202,-269,-1568,-1156,129,855,510,-256,677,415,1175,1334,1443,198,-1616,-1310,-228,876,905,553,417,465,1219,1311,1633,470,-1377,-1669,-689,592,889,281
-3188,-2440,-1379,-306,569,1079,1050,450,-346,-1443,-2472,-3253,-3636,-3624,-2959,-2077,-1018,30,833,1064,840,357,-644,-1723,-2750,-3491,-3565,-3471,-2712,-1719,-655,383,947,1062,718,49,-1041,-2085,-3018,-3600,-3682,-3275,-2487,-1342,-285,582,1010,1042,624,-330,-1365,-2462,-3187,-3623,-3583,-3023,-2094,-1012,-18,667,1148,947,289,-575
-3505,-2533,-932,46,303,531,877,287,-1922,-3925,-4342,-3054,-1373,-1007,-1961,-3857,-3567,-2134,-978,303,-15,670,799,185,-1449,-4062,-4639,-3091,-1611,-997,-2073,-3454,-3576,-2210,-822,188,261,662,871,-53,-2048,-4177,-4342,-2825,-1187,-1300,-2269,-3538,-3425,-2102,-698,172,407,848,953,-9,-2258,-4104,-4271,-3149,-1301,-1215,-2442,-3655
1154,163,-696,-1049,-938,-214,762,1982,3078,3780,4108,3867,3237,2152,1056,-73,-852,-1093,-832,-94,960,2119,3238,3882,4062,3827,3030,2032,829,-177,-918,-1077,-767,13,1066,2273,3241,3939,4065,3793,3007,1864,691,-260,-892,-1073,-643,173,1269,2383,3412,3989,4057,3595,2819,1705,542,-500,-900,-1020,-560,336,1418,2460
-3268,-4194,-3331,-1906,-1029,-1587,-2207,-2128,-1580,-1251,-1015,-686,-54,342,-896,-2958,-4241,-4094,-2218,-1165,-1552,-2053,-2460,-1951,-1386,-1200,-906,36,318,-304,-2428,-4061,-4086,-2394,-964,-1077,-2124,-2354,-1992,-1431,-888,-892,-337,201,-35,-2044,-3769,-4216,-2705,-1687,-1044,-1888,-2422,-2392,-1615,-1135,-1086,-362,201,364,-1233,-3436,-4351,-3285
1501,1483,1295,1004,800,386,85,-99,-246,-307,-123,73,356,643,969,1244,1372,1473,1507,1381,1112,857,474,157,-47,-246,-312,-165,44,262,562,941,1189,1411,1501,1481,1360,1167,900,673,242,-81,-169,-197,-196,-30,149,461,799,1082,1279,1436,1499,1422,1202,979,661,317,47,-99,-266,-252,-85,161
723,-540,-2344,-2413,-1995,204,1690,1338,1418,-445,-1660,-3103,-3773,-4424,-4532,-3516,-1654,19,1005,-51,-1970,-2903,-1876,-221,1519,2326,1674,-351,-1906,-3396,-4358,-4572,-4792,-3580,-1441,193,1243,51,-1907,-2695,-2487,-518,1357,2196,686,-280,-2328,-3137,-3865,-4409,-4706,-3603,-1811,605,716,-376,-1771,-2872,-1890,-369,1260,2187,1440,-491
2351,1574,612,18,-403,-676,-533,-223,462,1205,2061,2892,3515,4095,4340,4288,3928,3291,2554,1715,865,108,-329,-612,-593,-289,284,1052,1922,2657,3457,3995,4294,4270,3942,3429,2672,1867,1027,279,-309,-587,-628,-375,186,792,1705,2580,3291,3866,4251,4315,4098,3600,2869,2094,1192,475,-196,-555,-633,-441,14,709
489,-2200,-1556,1232,859,-1255,-2497,-2174,-198,495,1590,3660,5805,4444,683,-1913,-1285,651,708,-1559,-2696,-2011,-507,521,1616,4024,5591,4143,218,-1785,-1021,1101,579,-1537,-2788,-2096,-396,397,1971,4086,5762,3793,138,-2383,-752,796,990,-1702,-2794,-1834,-317,547,1877,4140,5702,3334,-159,-2162,-650,1051,701,-1381,-2598,-1648
3418,3056,2259,1275,242,-617,-1171,-1242,-928,-278,819,1819,2711,3333,3426,3149,2404,1413,384,-548,-1097,-1391,-1004,-316,642,1647,2636,3259,3475,3196,2528,1553,515,-374,-1078,-1350,-1064,-457,485,1512,2490,3148,3422,3212,2609,1713,606,-337,-1033,-1319,-1180,-533,374,1407,2332,3132,3447,3283,2758,1762,768,-170,-891,-1359
1203,1744,1392,453,181,-434,585,1395,1835,2135,1600,1713,1396,1404,1287,1589,1066,434,111,-222,484,1382,1911,2060,1748,1548,1143,1106,1408,1231,1246,546,-271,313,529,1539,2088,1786,1871,1944,943,1069,1348,1297,1181,446,69,-371,662,1759,1819,1906,1996,1871,1344,953,1341,1149,1137,265,-310,240,896,1482
1473,1164,1030,939,947,955,1168,1372,1746,1932,2176,2327,2376,2294,2166,1911,1686,1355,1209,963,927,955,1065,1226,1574,1794,2068,2248,2382,2362,2285,2123,1857,1582,1245,1020,898,875,903,1111,1381,1684,1817,2153,2273,2388,2345,2229,1978,1717,1470,1179,1032,910,963,1008,1194,1421,1639,1929,2187,2352,2334,2278
-3683,-4166,-983,3132,4253,1401,-1331,-2464,-2652,-2172,-1251,-1380,-2854,-4272,-2955,1605,4202,2813,-59,-2283,-2861,-2485,-1627,-1071,-2127,-3853,-3941,-693,3444,3846,1463,-1430,-2381,-2450,-2233,-1379,-1372,-3023,-4836,-2714,2107,4434,2552,-460,-2461,-2563,-2338,-1493,-986,-2219,-4137,-3844,-92,4110,3831,989,-1889,-2743,-2636,-2005,-1296,-1458,-3239,-4283
-82,479,992,1431,1516,1520,1108,564,-37,-439,-686,-700,-348,202,694,1266,1586,1573,1377,914,284,-313,-640,-729,-577,-231,434,935,1395,1613,1446,1098,643,96,-420,-748,-694,-400,197,687,1221,1514,1565,1270,948,326,-241,-596,-787,-591,-122,426,1029,1450,1621,1498,1165,597,-27,-494,-682,-645,-349,24
-48,-527,-2354,-2795,-1859,-1105,-626,-2725,-3613,-3592,-2972,-1884,-549,179,32,-925,-2207,-2731,-2061,-1064,-784,-2932,-3465,-3994,-2875,-1386,-191,173,283,-707,-2501,-2627,-1699,-729,-1616,-2862,-3728,-3657,-2892,-1496,-233,530,15,-1049,-2826,-2646,-1955,-941,-1498,-2741,-3935,-4335,-2629,-1194,-302,355,-42,-1351,-2577,-2757,-1916,-629,-1347,-2861
636,219,-451,-1254,-2037,-2745,-3107,-3105,-2840,-2248,-1451,-620,88,560,699,453,-15,-805,-1714,-2453,-2897,-3176,-3008,-2529,-1856,-996,-201,412,650,575,242,-427,-1259,-2097,-2753,-3125,-3166,-2852,-2216,-1330,-560,164,597,641,428,-112,-876,-1759,-2447,-3011,-3168,-3013,-2465,-1813,-958,-202,438,681,561,166,-518,-1323,-2181,-2757
-1739,-1808,1201,3486,2967,832,-1046,-2514,-4191,-4597,-2827,633,1915,-172,-2194,-965,2255,3640,2445,60,-1790,-2940,-4781,-4601,-1576,1599,1447,-1271,-2244,-66,3028,3704,1521,-563,-2255,-3510,-4901,-3816,-520,2048,879,-1708,-1902,1155,3633,3255,984,-1061,-2552,-4198,-4781,-2684,768,1989,18,-1909,-832,2067,3799,2552,317,-1422,-3018,-4575
2006,3023,3655,3780,3330,2614,1398,328,-626,-1040,-976,-475,413,1626,2665,3433,3828,3603,2857,1805,687,-313,-911,-1134,-769,62,1175,2320,3157,3761,3725,3194,2197,1105,15,-788,-1121,-958,-220,782,1970,2959,3605,3857,3491,2656,1499,321,-452,-975,-982,-548,346,1544,2544,3406,3791,3607,2993,1962,825,-174,-914,-1140
1135,2574,1568,610,178,-899,-1476,-2045,-1033,1523,3513,2005,821,1176,1475,1900,941,-367,-748,-1507,-2294,-926,1538,2594,1738,948,1165,1961,1841,1111,-542,-935,-1455,-1981,-1515,822,2944,2204,1056,910,1726,1909,834,-246,-421,-1669,-2101,-1393,1104,2917,2525,1337,953,1573,1752,1042,-624,-425,-814,-2237,-1686,870,2598,2729
2175,1443,482,-386,-1417,-2082,-2312,-2197,-1613,-678,232,1298,2035,2399,2381,1907,1169,89,-889,-1759,-2266,-2319,-1926,-1271,-271,715,1728,2209,2519,2269,1653,748,-271,-1266,-1986,-2256,-2261,-1696,-928,88,1117,1950,2321,2459,2039,1280,316,-648,-1554,-2167,-2280,-2143,-1479,-511,499,1418,2149,2509,2332,1796,913,-28,-1041,-1797
-992,-2135,-338,3327,5787,4661,2477,-311,-1889,-3245,-3365,-1638,848,2287,345,-1988,-1767,961,4645,5780,3780,1259,-937,-2521,-3514,-2999,-629,1735,1571,-566,-2444,-1287,2718,5459,5108,2952,503,-1696,-3319,-3434,-2046,383,2045,818,-1674,-1957,386,4139,5733,4447,1982,-468,-2310,-3461,-3517,-1268,1334,2234,290,-2152,-1500,1864,4738,5468
-636,-497,-447,-592,-852,-1109,-1466,-1784,-2173,-2463,-2559,-2553,-2505,-2244,-1961,-1601,-1188,-921,-633,-492,-501,-604,-809,-1123,-1400,-1784,-2100,-2439,-2559,-2579,-2448,-2235,-1933,-1657,-1220,-931,-741,-482,-572,-508,-833,-1100,-1422,-1776,-2107,-2392,-2572,-2613,-2484,-2255,-1980,-1636,-1279,-898,-702,-572,-472,-549,-742,-1056,-1427,-1800,-2069,-2332
-123,56,-474,-439,-222,-179,140,982,1303,1169,-513,-3284,-5106,-5666,-3606,-1649,-58,81,-553,-251,56,-83,-275,626,834,1788,1058,-421,-3162,-5340,-5410,-3786,-1092,-555,186,-122,-73,-48,-125,158,282,819,2072,1674,-716,-3243,-5747,-5868,-3606,-1564,-357,271,-251,-430,-297,-78,114,203,1519,1472,1385,-684,-3637,-5512
-11,471,948,1325,1514,1598,1419,1033,612,173,-332,-811,-1126,-1278,-1282,-1106,-816,-300,144,681,1041,1366,1478,1516,1296,943,520,85,-467,-847,-1164,-1327,-1252,-1020,-673,-237,298,783,1131,1471,1546,1442,1237,836,397,-124,-582,-919,-1169,-1316,-1210,-977,-620,-71,327,903,1217,1516,1538,1469,1157,763,234,-252
-2088,-782,-499,-429,-1304,-1562,-1756,-2179,-2175,-2065,-1647,-1786,-2424,-2843,-3160,-2400,-1019,-251,-407,-705,-1602,-1836,-2182,-2443,-2210,-1429,-1589,-2060,-3062,-3421,-2549,-1309,-310,-360,-750,-1501,-1991,-2130,-2057,-2081,-1926,-1973,-2193,-2861,-3578,-2955,-1618,-655,-115,-836,-1364,-1729,-1927,-2206,-2198,-1731,-1756,-1772,-2567,-2997,-2629,-1997,-689,-75
-282,-954,-1359,-1513,-1309,-744,-39,760,1609,2173,2378,2300,1986,1279,482,-319,-1073,-1421,-1538,-1290,-744,-27,867,1566,2184,2350,2326,1924,1244,449,-364,-1014,-1417,-1500,-1190,-716,18,910,1537,2140,2305,2324,1929,1259,429,-332,-999,-1402,-1455,-1157,-747,71,851,1690,2162,2391,2275,1894,1240,407,-431,-1074,-1429,-1545
690,121,-211,-225,-789,-694,-561,-465,-693,-248,-1293,-1581,-1882,-2200,-1412,-315,975,1293,1423,609,2,-283,-622,-418,-777,-861,-385,-666,-776,-890,-1595,-2184,-1784,-806,264,1076,1628,924,574,-571,-311,-257,-299,-318,-372,-293,-579,-776,-1171,-2050,-1991,-1850,-317,432,1157,1151,978,623,-237,-124,-122,-677,-701,-283
2471,2215,1448,446,-489,-1448,-2089,-2343,-2145,-1482,-574,432,1398,2075,2484,2406,1857,1104,26,-943,-1775,-2246,-2304,-1954,-1118,-151,878,1755,2322,2470,2219,1539,576,-431,-1441,-2038,-2352,-2148,-1634,-784,347,1320,2110,2523,2391,1896,1170,117,-904,-1687,-2175,-2312,-1989,-1237,-285,845,1656,2245,2506,2258,1628,719,-306,-1250
1338,1619,-435,-611,-100,-169,-847,-182,-629,-4367,-6207,-3552,565,1355,-454,-1142,-193,-144,-581,-139,-398,-3793,-6226,-3989,254,1630,-82,-878,-399,-344,-654,123,-82,-3532,-6131,-4695,-642,1515,204,-1033,-632,-20,-540,-269,401,-2441,-5841,-5161,-761,1381,580,-838,-107,-85,-677,-62,735,-2000,-5787,-5582,-1788,1605,687,-567
-158,340,325,311,86,-291,-725,-1060,-1208,-1248,-1061,-746,-276,63,328,429,299,24,-310,-802,-1164,-1295,-1258,-987,-579,-138,148,382,406,209,-117,-553,-917,-1087,-1266,-1100,-737,-482,-64,212,379,398,92,-278,-663,-1028,-1202,-1223,-1046,-701,-317,90,266,446,250,-19,-346,-791,-1158,-1254,-1222,-970,-538,-168
4678,4530,3649,2569,1581,885,2070,3498,2974,-642,-3408,-2894,1115,4116,4896,4060,3368,2560,1178,1209,2770,3390,1781,-2177,-3794,-1367,2310,4816,4730,3708,2719,1706,909,1433,2915,3043,157,-3273,-3117,27,3695,4952,4062,3697,2431,1477,762,2401,3457,2214,-1499,-3990,-2432,1831,4350,4939,3996,3001,2195,925,1395,3028,3388,931
2747,2871,2854,2651,2383,2039,1625,1215,938,832,719,934,1174,1516,1872,2356,2588,2838,2868,2760,2588,2241,1839,1409,1116,797,773,787,1035,1274,1635,2141,2441,2709,2839,2848,2708,2444,2079,1713,1258,1008,804,795,868,1183,1520,1862,2280,2625,2805,2840,2799,2609,2274,1822,1517,1163,831,810,839,1020,1255,1647
3563,2706,2130,1125,966,1547,2056,1923,134,-2865,-4509,-3205,-95,2966,4480,4268,3703,2791,2079,1180,1039,1242,2300,1831,-90,-2984,-4389,-2793,-12,3315,4365,4109,3589,2789,1976,1183,1002,1679,2314,1908,-212,-2914,-4255,-2907,267,3173,4361,4054,3536,2848,1970,1261,775,1746,2479,1876,-252,-3166,-4493,-2887,550,3138,4466,4007
-47,1211,2210,2585,2365,1509,326,-948,-2006,-2519,-2413,-1767,-585,750,1926,2447,2527,1867,762,-485,-1635,-2431,-2546,-2032,-1062,295,1488,2333,2547,2277,1353,66,-1164,-2144,-2584,-2319,-1523,-254,1029,2046,2543,2459,1757,559,-722,-1804,-2408,-2435,-1869,-817,517,1712,2443,2558,2102,1038,-240,-1356,-2301,-2547,-2117,-1302,9,1258
-552,-1539,-1820,-718,1582,3224,4033,3273,842,-599,-510,-459,-329,-570,-909,-958,-1916,-1698,-470,2040,3659,4175,2245,862,-292,-386,101,-86,-801,-989,-1295,-1889,-1691,108,2183,4373,3620,1635,330,-489,-84,-87,-638,-344,-705,-1018,-1990,-1413,574,2798,4517,3539,1584,44,-658,-136,-256,-606,-693,-769,-1213,-2230,-1228,897
-1264,-127,984,1952,2401,2260,1693,670,-425,-1469,-2292,-2587,-2334,-1551,-562,572,1595,2282,2377,1899,1157,13,-1079,-1933,-2519,-2461,-1960,-957,103,1237,2012,2394,2202,1462,488,-737,-1702,-2412,-2545,-2220,-1329,-293,836,1791,2261,2327,1819,939,-270,-1420,-2166,-2529,-2378,-1727,-728,474,1480,2162,2427,2108,1290,155,-957,-1942
940,701,-588,-727,1657,6796,8418,5351,1168,-638,389,1840,815,240,981,840,-1352,-1081,2960,8047,8318,4336,-40,38,1401,1591,547,569,1070,-646,-1692,197,4857,8507,7405,2736,-320,143,1572,1229,479,534,908,-546,-1253,291,5950,8935,6637,1674,-720,198,1340,1143,105,873,912,-571,-769,2563,7388,8597,5121,567
4059,3585,2843,1930,972,230,-281,-452,-271,237,1058,1970,2809,3596,4032,4210,3964,3393,2592,1679,739,38,-377,-406,-156,404,1308,2173,3055,3721,4119,4190,3855,3179,2342,1479,597,-113,-420,-456,-13,659,1457,2397,3239,3912,4199,4082,3754,2987,2185,1279,415,-135,-418,-324,133,849,1763,2640,3477,3944,4215,4086
-604,1400,2371,1667,-268,-2102,-2781,-2047,-1244,-1201,-1039,-632,-961,-1155,-842,456,2039,2093,366,-1920,-2738,-2316,-1590,-1319,-1089,-840,-590,-1009,-1330,398,1551,2433,795,-1137,-2652,-2271,-1591,-1421,-1147,-919,-637,-682,-1224,-397,1338,2459,1616,-527,-2353,-2667,-1707,-1320,-1146,-1080,-689,-884,-998,-608,849,2181,2063,-22,-2170,-2539
-1644,-1399,-1074,-887,-778,-906,-1054,-1270,-1486,-1808,-2049,-1965,-1946,-1709,-1406,-1127,-882,-880,-832,-1018,-1268,-1593,-1767,-1985,-2028,-1989,-1737,-1483,-1119,-982,-805,-856,-1030,-1186,-1517,-1788,-1951,-2029,-2011,-1764,-1488,-1292,-974,-911,-826,-919,-1157,-1429,-1751,-1896,-2042,-1926,-1805,-1572,-1260,-1032,-874,-830,-861,-1123,-1414,-1670,-1857,-1985
-3229,-3451,-1878,-2084,-935,-47,1286,1842,1137,-83,-1150,-319,9,275,-1288,-2365,-3103,-2692,-1884,-1124,-500,599,1473,1744,396,-955,-1301,190,656,134,-1574,-2769,-2876,-2353,-1389,-863,316,1383,2180,1373,-52,-854,-803,255,277,-957,-2806,-3129,-2386,-1950,-1243,-441,690,1759,1908,897,-699,-813,129,509,-124,-1473,-3215,-2694
-920,-1137,-1291,-1314,-1239,-1104,-810,-662,-477,-210,-61,-69,-151,-398,-525,-874,-1140,-1235,-1290,-1323,-1210,-963,-697,-443,-208,-67,-89,-116,-284,-476,-736,-971,-1213,-1331,-1338,-1182,-1036,-747,-491,-349,-92,-35,-106,-102,-400,-628,-846,-1170,-1295,-1355,-1261,-1152,-878,-612,-325,-228,-94,-39,-144,-252,-569,-775,-1128,-1311
-917,-513,-748,-819,-608,-31,-406,-2158,-3636,-4516,-3775,-1486,251,988,451,-334,-742,-743,-663,-372,-748,-826,258,-418,-357,-2216,-4117,-4523,-3666,-752,695,1138,-39,-559,-719,-799,-495,-347,-544,-532,93,30,-1428,-2935,-4480,-4492,-2851,-191,770,594,-169,-490,-655,-449,-432,-386,-652,-283,168,-590,-1636,-3193,-4942,-3894
-254,-669,-1068,-1485,-1829,-2015,-2051,-1880,-1561,-1109,-699,-362,7,179,139,73,-268,-689,-1104,-1536,-1818,-1947,-1989,-1860,-1580,-1153,-698,-301,-1,206,128,-15,-275,-681,-1128,-1543,-1810,-2034,-2003,-1838,-1512,-1132,-692,-376,2,245,154,12,-332,-728,-1136,-1566,-1820,-2059,-2074,-1839,-1586,-1129,-712,-277,43,147,214,30
-1911,-1472,-625,-1277,-641,-995,-926,-2579,-4191,-4573,-3981,-1821,-1080,-1297,-2004,-1998,-1442,-548,-889,-649,-804,-852,-1867,-3635,-4810,-4111,-2224,-981,-1093,-1487,-2226,-1394,-852,-1061,-1444,-766,-533,-1748,-3427,-4731,-4576,-2670,-1404,-665,-1834,-2416,-1519,-989,-963,-1268,-886,-1183,-1260,-3270,-4566,-4422,-2744,-1030,-585,-1814,-1902,-1364,-1550,-606
2864,2204,1474,863,534,546,905,1439,2132,2831,3300,3400,3171,2667,2053,1371,838,521,564,998,1588,2261,2926,3338,3365,3108,2528,1872,1210,703,503,635,1110,1692,2404,3038,3382,3353,3040,2474,1671,1119,616,474,746,1200,1822,2524,3117,3368,3316,2954,2298,1634,994,575,526,772,1300,1968,2690,3135,3478,3248
684,-80,-672,-339,-62,347,676,1340,1233,418,263,1278,1376,868,-174,-598,-96,-198,425,1349,1463,743,91,254,1298,1580,832,-343,-478,-460,-135,65,961,1322,996,113,182,1149,1439,549,-165,-524,-300,-419,67,1029,1372,1156,77,342,1008,1317,809,-244,-73,-233,-451,-69,865,1412,936,500,268,680
776,399,-99,-621,-1037,-1290,-1317,-1144,-835,-326,209,740,1045,1118,1010,738,334,-270,-736,-1087,-1302,-1298,-1048,-686,-190,304,768,1077,1146,1051,697,151,-323,-805,-1217,-1305,-1242,-1015,-559,-84,405,823,1110,1147,879,547,107,-431,-865,-1283,-1316,-1253,-971,-505,65,550,899,1116,1062,905,497,-60,-519,-1019
1444,-1391,-2199,226,2675,3728,4114,3416,2963,2118,1657,2488,2164,-29,-2476,-1002,1601,3369,3737,3608,3505,2599,1770,2131,2408,820,-1652,-1885,498,2608,3647,3491,3288,2695,2085,1879,2441,1923,-1025,-2326,-555,2161,3645,3778,3234,3170,2178,1802,2403,2311,247,-1819,-2068,1284,3025,3837,3566,3411,2802,1519,1997,2608,1368,-1068
-3045,-2169,-1080,-1,712,1021,1031,466,-446,-1398,-2472,-3391,-3847,-3911,-3597,-2774,-1812,-662,166,824,1081,902,234,-709,-1752,-2824,-3577,-3917,-3808,-3367,-2513,-1467,-434,437,964,1064,694,3,-991,-2085,-2963,-3768,-3964,-3670,-3082,-2197,-1164,-104,635,1039,980,525,-302,-1298,-2377,-3250,-3807,-3920,-3634,-2900,-1896,-879,109,765
1849,2039,258,-1508,-2644,-3531,-5036,-4857,-2054,770,1683,-527,-2479,-352,1993,2150,469,-1556,-2406,-3120,-5387,-5051,-2462,1041,1682,-418,-1755,-267,1928,2555,-167,-1896,-2715,-3573,-5093,-4808,-1747,1292,1595,-693,-1933,-775,2103,2154,261,-1963,-2432,-3626,-5187,-5228,-2320,1252,1469,-878,-1815,-555,2238,2240,283,-1398,-2723,-3386,-5243,-5190
158,746,1507,2339,3086,3658,3988,3986,3777,3200,2458,1664,872,193,-144,-179,40,450,1208,2049,2781,3416,3808,4078,3884,3431,2853,1972,1230,507,-76,-247,-48,251,893,1650,2443,3176,3742,3999,3938,3616,3065,2262,1461,737,118,-159,-170,71,612,1283,2124,2928,3487,3921,4005,3825,3279,2632,1800,990,382,-93
4232,2976,1340,533,586,1150,899,1215,1048,1787,909,904,1087,1832,3477,3678,2708,1704,228,916,854,896,1319,1186,1681,1128,602,899,1690,3631,3561,2805,1489,636,643,686,1405,1614,1114,1285,1176,647,656,2007,3405,3801,3058,1210,578,331,1090,946,1224,1034,1451,1173,1043,643,1733,3088,3504,3355,1891,556
-3522,-2765,-1713,-791,220,799,1050,848,295,-655,-1610,-2658,-3455,-3959,-3973,-3686,-2943,-1978,-821,49,742,1004,922,456,-399,-1512,-2465,-3321,-3833,-4001,-3714,-3094,-2156,-1199,-108,614,951,961,542,-221,-1204,-2214,-3212,-3790,-4036,-3797,-3233,-2318,-1340,-294,442,942,974,581,-56,-1148,-2122,-2959,-3685,-3953,-3944,-3342,-2533,-1529
-342,-1753,-987,1699,4493,5641,4662,2525,1363,953,1148,961,296,699,1158,1186,235,-1505,-1599,1022,3758,5748,5086,2911,1439,1067,1301,964,524,467,1100,1393,448,-1279,-1808,153,2982,5415,5178,3585,1435,1100,1248,1269,650,414,785,1515,769,-1194,-1802,-434,2186,4890,5528,3878,2037,1239,1243,1159,532,429,951,1241
2041,1699,1247,823,417,31,-72,18,211,415,903,1288,1722,2147,2452,2478,2390,2119,1916,1419,963,486,211,-55,-90,79,326,664,1187,1603,2008,2286,2426,2511,2315,2015,1585,1128,724,297,17,-24,34,241,607,995,1456,1931,2264,2429,2483,2310,2107,1760,1310,835,467,77,3,-14,136,439,808,1299
-2634,-1542,-19,435,722,-259,-1510,-1367,-254,267,-990,-2637,-2856,-2589,-1961,-700,258,645,55,-1260,-1327,-799,266,-489,-2392,-3358,-3222,-1941,-590,56,744,248,-826,-1033,-950,60,-435,-1774,-3180,-3106,-1795,-1004,-152,632,210,-939,-1670,-963,108,-109,-1585,-3101,-3107,-2163,-1150,-152,427,515,-20,-1398,-918,179,-210,-1646
-224,-467,-354,-175,241,817,1342,1846,2203,2457,2409,2202,1814,1260,732,190,-198,-408,-467,-225,92,637,1226,1705,2160,2415,2448,2265,1968,1450,842,365,-63,-361,-379,-332,48,485,1047,1591,2089,2398,2468,2313,2037,1614,1036,441,-20,-300,-484,-367,-34,312,886,1541,2005,2234,2473,2392,2137,1674,1124,543
-1047,-1649,-173,2478,3749,1525,-2123,-4300,-3403,-2120,-2109,-2728,-2254,-1229,-1018,-1646,-854,1807,3338,2314,-1518,-3900,-3594,-2365,-2347,-2717,-2651,-961,-926,-1209,-1367,726,3410,3253,-356,-3478,-3723,-2837,-2140,-2848,-2616,-1495,-665,-819,-1606,241,2938,3707,328,-2992,-3774,-3184,-2120,-2506,-2985,-1840,-740,-1106,-2351,-329,2067,3445,1912,-1988
-3150,-3855,-3944,-3611,-2828,-1672,-635,362,958,1132,856,-18,-1005,-2204,-3140,-3751,-3898,-3648,-2857,-1776,-599,260,958,1114,800,31,-1003,-2045,-3134,-3656,-3986,-3620,-2860,-1905,-671,305,983,1120,896,199,-942,-2038,-3033,-3769,-3946,-3692,-2932,-1912,-754,198,944,1089,847,155,-867,-2031,-3010,-3676,-3941,-3645,-2983,-1938,-852,226
-3246,-1655,1095,3329,3397,481,-2491,-3618,-2671,-571,-819,-2126,-3019,-4349,-3364,-2917,-1939,599,2956,3660,1148,-2179,-4115,-2898,-964,-580,-1417,-3916,-3911,-3599,-3517,-2267,-25,2994,3110,1358,-2017,-3931,-3138,-1023,-430,-1799,-3331,-3949,-3899,-3600,-2345,-646,2223,3869,1743,-999,-3381,-3080,-1722,-265,-802,-3000,-3960,-3899,-3282,-3038,-467,1945
880,81,-752,-1438,-2026,-2454,-2623,-2402,-1992,-1330,-519,245,910,1573,2025,2033,1906,1505,860,115,-718,-1419,-2039,-2427,-2606,-2394,-2023,-1315,-631,228,945,1544,1936,2084,1919,1480,827,114,-745,-1455,-1993,-2437,-2620,-2431,-2011,-1354,-600,153,923,1595,1900,2086,1978,1529,811,128,-701,-1456,-2014,-2369,-2592,-2404,-2014,-1300
732,771,281,-1616,-3413,-2884,-1110,300,-190,-1526,-1337,509,1466,1155,813,585,-74,-1934,-3256,-2514,-576,434,-776,-1611,-805,912,1740,1044,866,646,-735,-2826,-3423,-1956,478,-18,-1293,-1526,-120,1282,1656,833,661,535,-1136,-3282,-3226,-1036,633,47,-1386,-1316,310,1340,1253,1061,721,-408,-2195,-3183,-2621,-189,363,-672
872,341,-130,-330,-447,-310,76,642,1221,1845,2362,2783,2997,2946,2771,2370,1736,1265,599,116,-266,-422,-353,-116,256,832,1477,2096,2515,2879,2972,2946,2626,2101,1496,932,371,-148,-354,-357,-285,103,509,1147,1742,2327,2688,3014,2921,2783,2442,1866,1216,680,174,-237,-423,-390,-186,264,887,1466,2026,2519
-332,-1465,-3183,-3801,-2600,-1264,-716,-826,-1890,-1399,-1112,157,259,120,-512,-2649,-3838,-3664,-1618,-870,-655,-1521,-1530,-1103,-804,-224,123,230,-1576,-3493,-3874,-2575,-895,-806,-1026,-1451,-1108,-748,-601,49,319,-849,-2581,-3619,-3759,-2052,-356,-540,-1419,-1283,-1173,-851,-204,468,-159,-1752,-3546,-4206,-2728,-793,-533,-683,-1571,-1562
